customer_id,name,age,digital_skill_level,vulnerability_flag,avg_txn_amount,std_txn_amount,primary_device,trusted_contact,account_created_days
1001,Meena Sharma,42,5,False,2333.49,612.3,DEV-1001-A,,3067
1002,Anish Rao,21,7,False,4057.86,1960.88,DEV-1002-A,,944
1003,Ramesh Taylor,19,6,False,1187.81,324.7,DEV-1003-A,,449
1004,Rajesh Johnson,37,3,True,3867.24,1223.95,DEV-1004-A,+91 98765 65302,160
1005,Aarav Patel,57,6,False,998.32,345.96,DEV-1005-A,,925
1006,Lakshmi Smith,47,6,False,2916.61,1183.25,DEV-1006-A,,2495
1007,Aarav Smith,56,7,False,1197.09,321.07,DEV-1007-A,,844
1008,Martha Rao,22,6,False,3858.18,922.37,DEV-1008-A,,1869
1009,Anish Kumar,63,5,False,1588.58,632.37,DEV-1009-A,,3590
1010,Aarav Kumar,20,7,False,2468.78,1148.0,DEV-1010-A,,3330
1011,Priya Taylor,38,10,False,4698.09,1287.0,DEV-1011-A,,1761
1012,Arthur Gupta,89,3,True,3660.7,2082.02,DEV-1012-A,+91 98765 30379,911
1013,Arthur Patel,23,5,False,509.47,157.19,DEV-1013-A,,409
1014,George Patel,76,1,True,893.84,372.8,DEV-1014-A,+91 98765 57052,3501
1015,Eleanor Johnson,27,8,False,3678.27,1808.25,DEV-1015-A,,1113
1016,Sunita Taylor,71,3,True,1097.97,270.48,DEV-1016-A,+91 98765 70217,2226
1017,Meena Singhania,79,1,True,4357.78,982.35,DEV-1017-A,+91 98765 20328,2291
1018,Kavita Joshi,38,9,False,881.33,401.03,DEV-1018-A,,2604
1019,Eleanor Johnson,81,2,True,1701.66,825.81,DEV-1019-A,+91 98765 35203,2915
1020,Rajesh Sharma,70,5,True,2369.76,942.02,DEV-1020-A,+91 98765 96673,963
1021,Kavita Patel,51,6,False,1722.12,418.74,DEV-1021-A,,3533
1022,Lakshmi Joshi,20,5,False,4163.01,1679.48,DEV-1022-A,,443
1023,George Gupta,83,2,True,546.73,274.58,DEV-1023-A,+91 98765 69429,2633
1024,Eleanor Verma,32,7,False,1284.99,339.87,DEV-1024-A,,1546
1025,Eleanor Rao,85,4,True,4566.71,2505.23,DEV-1025-A,+91 98765 97841,1123
1026,Rajesh Johnson,74,5,True,2080.66,1161.92,DEV-1026-A,+91 98765 93227,730
1027,Lakshmi Verma,38,7,False,1347.14,499.58,DEV-1027-A,,1923
1028,George Gupta,75,1,True,2383.71,688.52,DEV-1028-A,+91 98765 93886,2848
1029,Lakshmi Williams,25,8,False,1583.12,521.29,DEV-1029-A,,1358
1030,Sunita Rao,51,6,False,5558.96,3272.63,DEV-1030-A,,3396
1031,Sunita Kumar,88,3,True,473.99,151.84,DEV-1031-A,+91 98765 51347,1673
1032,Anish Patel,36,7,False,1279.1,513.01,DEV-1032-A,,894
1033,Arthur Rao,21,8,False,1469.65,434.76,DEV-1033-A,,2714
1034,Suresh Singhania,27,8,False,1797.4,533.51,DEV-1034-A,,2663
1035,Devi Verma,62,6,False,3356.03,1648.77,DEV-1035-A,,1114
1036,Ramesh Rao,41,9,False,5507.47,2281.8,DEV-1036-A,,3081
1037,Anish Taylor,23,6,False,3783.97,1039.11,DEV-1037-A,,2424
1038,Martha Johnson,20,10,False,3636.84,751.5,DEV-1038-A,,1665
1039,Eleanor Rao,51,8,False,679.73,183.35,DEV-1039-A,,596
1040,Suresh Patel,63,8,False,1589.62,405.37,DEV-1040-A,,3125
1041,Sunita Joshi,40,6,False,2821.14,1308.99,DEV-1041-A,,479
1042,Ramesh Williams,75,5,True,13784.92,4090.55,DEV-1042-A,+91 98765 30969,3274
1043,Martha Johnson,24,5,False,4687.16,1592.15,DEV-1043-A,,290
1044,George Singhania,66,4,True,4786.99,1118.51,DEV-1044-A,+91 98765 88104,1947
1045,Anish Smith,28,7,False,3561.44,725.39,DEV-1045-A,,3555
1046,Aarav Williams,24,7,False,683.01,325.63,DEV-1046-A,,2982
1047,Meena Williams,60,8,False,842.52,248.46,DEV-1047-A,,2229
1048,Anish Kumar,39,8,False,4987.61,2691.76,DEV-1048-A,,2655
1049,Arthur Patel,60,6,False,2031.82,705.22,DEV-1049-A,,1232
1050,Martha Verma,35,8,False,1492.67,675.37,DEV-1050-A,,1888
1051,Aarav Taylor,73,6,True,1948.88,773.72,DEV-1051-A,+91 98765 44522,2080
1052,Priya Smith,30,6,False,3951.08,828.65,DEV-1052-A,,465
1053,Kavita Joshi,59,7,False,3269.11,1917.86,DEV-1053-A,,2647
1054,Vikram Verma,88,2,True,3366.54,1191.89,DEV-1054-A,+91 98765 59009,3153
1055,Priya Smith,78,2,True,1199.46,507.04,DEV-1055-A,+91 98765 79514,32
1056,Arthur Deshmukh,86,4,True,7408.25,1769.61,DEV-1056-A,+91 98765 12552,488
1057,Eleanor Joshi,57,9,False,1883.88,934.98,DEV-1057-A,,3334
1058,Kavita Rao,64,6,False,5462.18,1733.9,DEV-1058-A,,267
1059,Lakshmi Johnson,74,3,True,2221.12,1255.59,DEV-1059-A,+91 98765 20322,380
1060,Suresh Joshi,51,9,False,1818.64,836.55,DEV-1060-A,,313
1061,Ramesh Verma,64,7,False,2081.71,697.79,DEV-1061-A,,2732
1062,Suresh Smith,42,7,False,911.65,195.44,DEV-1062-A,,706
1063,Anish Smith,48,4,False,2406.3,1049.95,DEV-1063-A,,3603
1064,Martha Rao,19,6,False,1383.19,565.58,DEV-1064-A,,2238
1065,Vikram Taylor,70,4,True,654.13,153.16,DEV-1065-A,+91 98765 50857,1664
1066,Eleanor Deshmukh,21,10,False,7900.89,3594.68,DEV-1066-A,,2149
1067,Devi Patel,66,3,True,2575.14,847.69,DEV-1067-A,+91 98765 42493,950
1068,Rajesh Nair,73,2,True,475.66,110.06,DEV-1068-A,+91 98765 12757,2439
1069,Lakshmi Johnson,19,6,False,6829.74,1839.37,DEV-1069-A,,932
1070,Aarav Patel,28,7,False,497.81,241.86,DEV-1070-A,,2929
1071,Sunita Rao,60,8,False,6775.58,3013.02,DEV-1071-A,,306
1072,Sunita Joshi,45,6,False,649.41,326.74,DEV-1072-A,,1383
1073,Rajesh Smith,18,7,False,8083.7,1933.08,DEV-1073-A,,1004
1074,Anish Williams,49,5,False,1662.21,620.9,DEV-1074-A,,2018
1075,Vikram Smith,43,9,False,5211.44,1136.73,DEV-1075-A,,571
1076,Suresh Rao,42,7,False,11830.04,6418.93,DEV-1076-A,,3243
1077,Suresh Kumar,60,7,False,1898.31,824.46,DEV-1077-A,,1697
1078,Vikram Patel,86,1,True,5036.33,2303.19,DEV-1078-A,+91 98765 22704,2729
1079,Martha Nair,47,8,False,1913.67,678.28,DEV-1079-A,,1764
1080,Martha Deshmukh,88,2,True,2134.69,699.3,DEV-1080-A,+91 98765 17100,2788
1081,Meena Sharma,77,2,True,1360.5,651.26,DEV-1081-A,+91 98765 62772,3012
1082,Arthur Kumar,58,8,False,2878.58,1500.87,DEV-1082-A,,3559
1083,Meena Rao,36,8,False,1024.44,535.51,DEV-1083-A,,814
1084,Vikram Smith,91,1,True,680.99,347.69,DEV-1084-A,+91 98765 68800,604
1085,Martha Verma,40,9,False,1272.05,638.34,DEV-1085-A,,1170
1086,Devi Rao,24,7,False,3807.57,2020.23,DEV-1086-A,,3611
1087,Rajesh Deshmukh,38,7,False,3580.22,731.56,DEV-1087-A,,3339
1088,Meena Sharma,83,3,True,1107.13,642.16,DEV-1088-A,+91 98765 95477,2244
1089,Aarav Patel,87,5,True,4239.42,1608.34,DEV-1089-A,+91 98765 40982,711
1090,Martha Deshmukh,36,9,False,694.14,347.73,DEV-1090-A,,2001
1091,Vikram Joshi,72,2,True,1795.33,753.7,DEV-1091-A,+91 98765 62565,270
1092,Priya Singhania,46,7,False,3439.39,848.93,DEV-1092-A,,38
1093,George Gupta,27,8,False,5357.78,1288.27,DEV-1093-A,,3241
1094,Devi Gupta,23,6,False,2128.26,1125.3,DEV-1094-A,,1762
1095,Suresh Verma,65,9,False,1234.1,714.42,DEV-1095-A,,807
1096,Kavita Rao,90,2,True,5367.35,1252.74,DEV-1096-A,+91 98765 17665,2402
1097,Sunita Taylor,71,1,True,6348.83,3571.48,DEV-1097-A,+91 98765 51104,264
1098,Sunita Johnson,25,7,False,1801.45,698.0,DEV-1098-A,,1982
1099,Priya Sharma,21,9,False,3349.92,1451.68,DEV-1099-A,,2110
1100,Rajesh Joshi,88,1,True,920.29,503.8,DEV-1100-A,+91 98765 34356,310
1101,Rajesh Williams,32,7,False,3971.12,2371.5,DEV-1101-A,,3560
1102,Lakshmi Singhania,22,8,False,1888.39,772.8,DEV-1102-A,,521
1103,Lakshmi Johnson,58,6,False,8006.22,3610.99,DEV-1103-A,,2465
1104,Sunita Johnson,55,7,False,3948.33,1769.06,DEV-1104-A,,365
1105,Martha Williams,35,7,False,611.52,208.74,DEV-1105-A,,2420
1106,Arthur Gupta,55,4,False,2416.27,1269.79,DEV-1106-A,,866
1107,Arthur Rao,63,8,False,5891.86,2164.06,DEV-1107-A,,1117
1108,George Verma,85,3,True,1442.63,756.26,DEV-1108-A,+91 98765 98039,2673
1109,Kavita Deshmukh,90,3,True,751.54,264.81,DEV-1109-A,+91 98765 51441,3109
1110,Rajesh Sharma,89,3,True,2259.68,875.57,DEV-1110-A,+91 98765 70068,2574
1111,Meena Patel,44,7,False,1729.54,944.14,DEV-1111-A,,2232
1112,Vikram Smith,74,5,True,2321.5,1341.61,DEV-1112-A,+91 98765 44760,572
1113,Eleanor Patel,78,3,True,503.06,126.6,DEV-1113-A,+91 98765 42018,1543
1114,Kavita Verma,87,1,True,2774.97,1300.57,DEV-1114-A,+91 98765 67433,3445
1115,Kavita Johnson,57,6,False,1417.87,664.46,DEV-1115-A,,3335
1116,Aarav Williams,51,7,False,6254.21,3382.73,DEV-1116-A,,3376
1117,Kavita Williams,53,9,False,2064.97,746.27,DEV-1117-A,,454
1118,Ramesh Gupta,26,9,False,3649.19,1040.7,DEV-1118-A,,502
1119,Meena Taylor,26,4,False,5741.47,2152.99,DEV-1119-A,,2296
1120,Ramesh Gupta,83,3,True,318.4,163.49,DEV-1120-A,+91 98765 46930,2507
1121,Vikram Taylor,43,8,False,2355.62,1365.81,DEV-1121-A,,1434
1122,Vikram Williams,27,7,False,3419.07,1037.0,DEV-1122-A,,2627
1123,Anish Smith,47,7,False,2496.13,827.47,DEV-1123-A,,2031
1124,Anish Joshi,58,7,False,1702.34,428.23,DEV-1124-A,,238
1125,Rajesh Williams,26,5,False,2670.81,903.45,DEV-1125-A,,1764
1126,Anish Sharma,82,5,True,1400.4,376.61,DEV-1126-A,+91 98765 10464,1396
1127,Ramesh Williams,30,6,False,1156.07,272.23,DEV-1127-A,,1102
1128,Priya Taylor,25,5,False,1551.18,536.26,DEV-1128-A,,1839
1129,Martha Smith,50,7,False,1870.03,971.97,DEV-1129-A,,69
1130,Meena Patel,58,8,False,1100.71,549.59,DEV-1130-A,,3647
1131,Ramesh Smith,29,6,False,676.92,266.58,DEV-1131-A,,177
1132,Eleanor Johnson,57,6,False,313.03,156.2,DEV-1132-A,,2293
1133,Ramesh Singhania,20,8,False,820.28,457.78,DEV-1133-A,,552
1134,Sunita Gupta,51,6,False,1926.74,730.17,DEV-1134-A,,1523
1135,Sunita Nair,52,6,False,876.88,307.71,DEV-1135-A,,890
1136,Lakshmi Williams,19,5,False,1071.16,354.55,DEV-1136-A,,451
1137,Eleanor Kumar,25,7,False,3746.03,1766.78,DEV-1137-A,,2323
1138,Martha Johnson,72,2,True,1803.28,748.08,DEV-1138-A,+91 98765 30257,999
1139,Priya Kumar,55,6,False,6410.1,1609.14,DEV-1139-A,,3350
1140,Priya Singhania,36,9,False,634.15,271.61,DEV-1140-A,,131
1141,Priya Taylor,41,7,False,2001.98,590.37,DEV-1141-A,,1390
1142,Martha Kumar,24,6,False,1095.76,289.58,DEV-1142-A,,2773
1143,Lakshmi Gupta,30,6,False,1168.95,653.1,DEV-1143-A,,682
1144,Meena Singhania,23,3,True,3126.64,1853.95,DEV-1144-A,+91 98765 15075,3546
1145,Suresh Rao,25,8,False,1689.31,922.71,DEV-1145-A,,847
1146,Devi Nair,75,2,True,1180.79,551.97,DEV-1146-A,+91 98765 50001,3390
1147,Lakshmi Rao,85,5,True,6605.71,2060.93,DEV-1147-A,+91 98765 13101,2733
1148,Vikram Singhania,70,2,True,811.08,300.24,DEV-1148-A,+91 98765 53025,1171
1149,Rajesh Kumar,50,6,False,1414.64,628.45,DEV-1149-A,,1173
1150,Eleanor Williams,36,5,False,2239.92,879.07,DEV-1150-A,,2116
1151,George Williams,52,7,False,1305.1,331.19,DEV-1151-A,,3485
1152,Arthur Sharma,22,6,False,3321.6,1569.79,DEV-1152-A,,502
1153,Anish Verma,70,2,True,12671.09,4621.61,DEV-1153-A,+91 98765 86099,1117
1154,Sunita Patel,40,7,False,1942.08,529.2,DEV-1154-A,,2473
1155,Martha Nair,22,8,False,6400.35,3435.27,DEV-1155-A,,3014
1156,Arthur Singhania,27,6,False,2894.78,768.46,DEV-1156-A,,2513
1157,Meena Singhania,28,8,False,4137.87,1693.32,DEV-1157-A,,2391
1158,Vikram Gupta,41,7,False,3858.73,2032.16,DEV-1158-A,,211
1159,Martha Sharma,46,6,False,303.61,97.32,DEV-1159-A,,2159
1160,Vikram Nair,68,1,True,1831.41,1025.28,DEV-1160-A,+91 98765 66531,316
1161,Arthur Johnson,42,8,False,1951.78,877.71,DEV-1161-A,,1315
1162,Meena Taylor,25,7,False,2850.21,951.86,DEV-1162-A,,1260
1163,Kavita Williams,26,8,False,4904.27,2027.35,DEV-1163-A,,1702
1164,Arthur Singhania,82,2,True,2497.53,810.92,DEV-1164-A,+91 98765 48752,2300
1165,Ramesh Rao,34,9,False,2493.96,1373.44,DEV-1165-A,,1752
1166,George Williams,40,9,False,1266.85,329.34,DEV-1166-A,,3094
1167,Priya Johnson,32,8,False,3939.65,1798.29,DEV-1167-A,,2361
1168,Kavita Singhania,64,5,False,2263.74,765.77,DEV-1168-A,,2274
1169,Aarav Gupta,29,7,False,3527.88,1271.24,DEV-1169-A,,1205
1170,Vikram Singhania,47,7,False,14985.78,6662.4,DEV-1170-A,,3248
1171,Arthur Deshmukh,19,10,False,2899.29,1649.7,DEV-1171-A,,1839
1172,Devi Williams,65,7,False,726.47,321.6,DEV-1172-A,,905
1173,Suresh Kumar,45,7,False,1958.78,1116.95,DEV-1173-A,,3290
1174,Priya Williams,47,10,False,2749.47,988.71,DEV-1174-A,,377
1175,Kavita Smith,21,9,False,1134.29,228.96,DEV-1175-A,,2749
1176,Arthur Patel,39,8,False,282.42,160.4,DEV-1176-A,,3382
1177,Lakshmi Williams,40,9,False,939.38,357.8,DEV-1177-A,,1301
1178,Lakshmi Kumar,32,5,False,1604.83,434.19,DEV-1178-A,,845
1179,Ramesh Sharma,50,8,False,1594.36,549.99,DEV-1179-A,,219
1180,Lakshmi Deshmukh,55,5,False,2733.49,1597.53,DEV-1180-A,,2533
1181,Rajesh Deshmukh,27,6,False,1585.05,949.05,DEV-1181-A,,1727
1182,Vikram Taylor,50,6,False,2037.4,1018.67,DEV-1182-A,,2882
1183,George Deshmukh,31,7,False,2046.79,565.48,DEV-1183-A,,1666
1184,Lakshmi Verma,20,10,False,745.69,168.74,DEV-1184-A,,2717
1185,Aarav Kumar,71,5,True,215.4,81.06,DEV-1185-A,+91 98765 23970,3218
1186,Martha Rao,43,5,False,2128.05,580.47,DEV-1186-A,,750
1187,Devi Sharma,79,3,True,2757.86,850.24,DEV-1187-A,+91 98765 83060,1050
1188,Meena Deshmukh,59,6,False,1710.14,448.85,DEV-1188-A,,576
1189,Devi Williams,66,3,True,1851.94,534.82,DEV-1189-A,+91 98765 79616,2319
1190,Arthur Kumar,32,7,False,1629.0,442.14,DEV-1190-A,,1842
1191,Martha Joshi,60,6,False,1505.12,447.43,DEV-1191-A,,2274
1192,Devi Verma,66,3,True,2213.22,794.27,DEV-1192-A,+91 98765 72216,1873
1193,Anish Kumar,61,6,False,854.16,477.08,DEV-1193-A,,1042
1194,Anish Kumar,18,4,False,7418.63,4132.69,DEV-1194-A,,3215
1195,Suresh Williams,75,2,True,941.01,331.12,DEV-1195-A,+91 98765 41358,1154
1196,Devi Patel,56,8,False,583.81,212.37,DEV-1196-A,,2952
1197,Kavita Rao,53,4,False,1169.19,677.41,DEV-1197-A,,1142
1198,Arthur Nair,70,4,True,1763.81,917.08,DEV-1198-A,+91 98765 80798,360
1199,Ramesh Verma,45,10,False,3095.81,938.51,DEV-1199-A,,977
1200,George Taylor,27,5,False,1959.91,605.46,DEV-1200-A,,655
1201,Vikram Patel,19,5,False,2811.55,1185.55,DEV-1201-A,,1729
1202,Martha Nair,60,6,False,2756.04,563.33,DEV-1202-A,,2252
1203,Devi Singhania,26,9,False,6351.18,2959.74,DEV-1203-A,,285
1204,Vikram Joshi,29,7,False,3447.05,1217.69,DEV-1204-A,,1750
1205,George Kumar,51,6,False,2119.31,935.17,DEV-1205-A,,2422
1206,Aarav Joshi,33,5,False,954.56,326.72,DEV-1206-A,,3637
1207,George Deshmukh,66,4,True,444.58,173.57,DEV-1207-A,+91 98765 10772,1470
1208,Kavita Kumar,61,7,False,2086.47,596.68,DEV-1208-A,,1627
1209,Martha Smith,20,8,False,536.28,118.29,DEV-1209-A,,3091
1210,Lakshmi Deshmukh,50,4,False,3982.63,2024.63,DEV-1210-A,,928
1211,Anish Singhania,24,7,False,1383.15,550.77,DEV-1211-A,,2019
1212,Aarav Singhania,63,5,False,1312.51,692.53,DEV-1212-A,,1406
1213,George Taylor,73,2,True,3803.15,1658.52,DEV-1213-A,+91 98765 31632,3472
1214,Devi Verma,41,5,False,1508.7,628.77,DEV-1214-A,,2578
1215,Aarav Singhania,80,4,True,2965.88,1374.72,DEV-1215-A,+91 98765 87580,2341
1216,Aarav Patel,63,6,False,2999.96,1187.29,DEV-1216-A,,2662
1217,Martha Verma,32,8,False,2012.39,429.8,DEV-1217-A,,3580
1218,Devi Verma,64,8,False,1524.44,897.02,DEV-1218-A,,235
1219,Anish Singhania,86,4,True,1695.39,911.81,DEV-1219-A,+91 98765 52906,896
1220,Devi Nair,38,5,False,2699.51,670.09,DEV-1220-A,,1412
1221,George Gupta,22,5,False,5025.81,2462.18,DEV-1221-A,,3110
1222,Martha Gupta,22,8,False,386.16,199.37,DEV-1222-A,,3449
1223,Rajesh Deshmukh,38,8,False,2267.48,1012.08,DEV-1223-A,,109
1224,Sunita Nair,33,8,False,1877.34,975.3,DEV-1224-A,,948
1225,Rajesh Kumar,91,4,True,1046.55,377.57,DEV-1225-A,+91 98765 95426,194
1226,Aarav Rao,49,8,False,2324.1,1379.66,DEV-1226-A,,846
1227,Aarav Johnson,70,1,True,442.8,219.2,DEV-1227-A,+91 98765 29973,1007
1228,Ramesh Deshmukh,33,7,False,949.72,299.06,DEV-1228-A,,2772
1229,Meena Johnson,37,4,False,688.2,324.73,DEV-1229-A,,922
1230,Devi Taylor,32,7,False,934.05,515.27,DEV-1230-A,,1079
1231,Eleanor Verma,86,6,True,1063.03,283.63,DEV-1231-A,+91 98765 89415,2517
1232,Meena Kumar,91,4,True,6613.62,2679.01,DEV-1232-A,+91 98765 31465,1304
1233,Meena Johnson,32,6,False,1119.75,307.46,DEV-1233-A,,135
1234,Kavita Johnson,71,2,True,1580.52,928.78,DEV-1234-A,+91 98765 98781,1567
1235,George Taylor,81,3,True,707.08,355.87,DEV-1235-A,+91 98765 35995,341
1236,Lakshmi Patel,64,8,False,1337.77,387.65,DEV-1236-A,,2885
1237,Kavita Joshi,32,10,False,3828.66,1654.11,DEV-1237-A,,2832
1238,Meena Kumar,23,6,False,2884.31,726.29,DEV-1238-A,,2348
1239,Sunita Nair,81,4,True,4302.23,1808.41,DEV-1239-A,+91 98765 79827,1784
1240,Eleanor Patel,23,4,False,661.25,200.95,DEV-1240-A,,2102
1241,Arthur Sharma,66,2,True,1796.11,517.41,DEV-1241-A,+91 98765 65057,3398
1242,Suresh Patel,63,2,True,901.28,393.83,DEV-1242-A,+91 98765 66822,1513
1243,Devi Taylor,75,5,True,731.1,311.66,DEV-1243-A,+91 98765 30052,1813
1244,Priya Taylor,35,7,False,2308.71,1069.81,DEV-1244-A,,2167
1245,Anish Johnson,78,3,True,3203.52,1713.26,DEV-1245-A,+91 98765 80539,3202
1246,Suresh Deshmukh,64,9,False,6157.04,3085.21,DEV-1246-A,,1814
1247,Anish Nair,28,6,False,928.11,461.64,DEV-1247-A,,3518
1248,Lakshmi Joshi,28,8,False,2490.73,1003.73,DEV-1248-A,,384
1249,Anish Deshmukh,18,8,False,549.21,325.39,DEV-1249-A,,1028
1250,Devi Johnson,58,8,False,613.88,255.37,DEV-1250-A,,2529
1251,George Nair,71,3,True,1311.46,546.23,DEV-1251-A,+91 98765 13761,2054
1252,Arthur Verma,88,4,True,570.67,326.89,DEV-1252-A,+91 98765 73904,898
1253,Eleanor Kumar,24,7,False,2506.92,569.41,DEV-1253-A,,1088
1254,Arthur Gupta,37,6,False,2079.14,899.99,DEV-1254-A,,3635
1255,Anish Smith,40,6,False,2002.68,1098.7,DEV-1255-A,,71
1256,Vikram Patel,89,3,True,1187.2,249.12,DEV-1256-A,+91 98765 41635,2979
1257,Martha Deshmukh,19,7,False,354.89,180.34,DEV-1257-A,,2304
1258,Lakshmi Taylor,63,4,False,1306.11,782.16,DEV-1258-A,,1980
1259,Suresh Deshmukh,45,5,False,1568.39,812.31,DEV-1259-A,,3277
1260,Aarav Patel,63,9,False,5158.68,1595.6,DEV-1260-A,,1235
1261,Lakshmi Singhania,87,3,True,722.29,417.08,DEV-1261-A,+91 98765 41890,1284
1262,Eleanor Deshmukh,45,5,False,6823.38,2113.11,DEV-1262-A,,2297
1263,Eleanor Singhania,90,4,True,1532.64,447.5,DEV-1263-A,+91 98765 82140,1384
1264,Eleanor Taylor,31,7,False,1504.89,522.81,DEV-1264-A,,1888
1265,Anish Gupta,79,4,True,1766.68,484.44,DEV-1265-A,+91 98765 42951,974
1266,Meena Taylor,79,4,True,3222.88,1733.63,DEV-1266-A,+91 98765 35242,1322
1267,Meena Taylor,70,2,True,2341.62,498.79,DEV-1267-A,+91 98765 80236,3151
1268,Priya Rao,84,4,True,2678.8,1051.72,DEV-1268-A,+91 98765 38361,3055
1269,Suresh Gupta,25,8,False,986.42,367.07,DEV-1269-A,,2997
1270,Kavita Patel,30,6,False,1787.49,773.61,DEV-1270-A,,3440
1271,Vikram Gupta,35,6,False,4010.22,1532.26,DEV-1271-A,,961
1272,Eleanor Verma,18,7,False,1042.6,408.67,DEV-1272-A,,1268
1273,Aarav Taylor,56,9,False,753.78,410.09,DEV-1273-A,,2217
1274,Ramesh Gupta,71,3,True,1145.04,277.07,DEV-1274-A,+91 98765 15965,253
1275,Kavita Taylor,33,10,False,1775.64,854.06,DEV-1275-A,,547
1276,Suresh Patel,54,6,False,1863.34,634.0,DEV-1276-A,,3604
1277,Aarav Johnson,20,7,False,1006.77,254.8,DEV-1277-A,,1194
1278,Suresh Deshmukh,54,8,False,2976.93,833.72,DEV-1278-A,,1834
1279,Arthur Verma,28,7,False,954.48,460.62,DEV-1279-A,,240
1280,Anish Joshi,20,10,False,2407.49,1320.24,DEV-1280-A,,1986
1281,Meena Joshi,65,6,False,4320.85,2272.46,DEV-1281-A,,297
1282,George Deshmukh,23,7,False,3866.54,2037.35,DEV-1282-A,,333
1283,Sunita Verma,47,8,False,10363.09,5105.23,DEV-1283-A,,641
1284,Kavita Patel,23,5,False,1183.89,610.74,DEV-1284-A,,1046
1285,Meena Smith,60,10,False,1673.54,816.15,DEV-1285-A,,3161
1286,Martha Johnson,32,5,False,2839.61,1340.56,DEV-1286-A,,2471
1287,Lakshmi Kumar,22,9,False,1654.76,812.27,DEV-1287-A,,2170
1288,George Deshmukh,68,1,True,878.94,306.24,DEV-1288-A,+91 98765 68028,1247
1289,Martha Gupta,90,1,True,8967.75,4395.12,DEV-1289-A,+91 98765 84531,2573
1290,Sunita Johnson,49,5,False,1143.43,499.61,DEV-1290-A,,3061
1291,Meena Kumar,83,4,True,663.12,300.14,DEV-1291-A,+91 98765 37235,2592
1292,Vikram Gupta,67,3,True,1044.73,588.82,DEV-1292-A,+91 98765 96563,362
1293,Priya Rao,29,7,False,1431.97,568.36,DEV-1293-A,,741
1294,Rajesh Verma,33,7,False,4229.85,1717.01,DEV-1294-A,,40
1295,Martha Deshmukh,41,5,False,2334.09,831.95,DEV-1295-A,,2853
1296,Suresh Gupta,89,4,True,667.4,220.29,DEV-1296-A,+91 98765 14278,978
1297,Kavita Taylor,71,1,True,1454.01,333.55,DEV-1297-A,+91 98765 47056,2909
1298,Devi Patel,28,4,False,2215.73,1177.78,DEV-1298-A,,2845
1299,Lakshmi Gupta,45,8,False,593.72,286.6,DEV-1299-A,,3256
1300,Vikram Singhania,28,8,False,4807.83,1874.34,DEV-1300-A,,500
1301,Lakshmi Williams,77,3,True,5110.18,2796.85,DEV-1301-A,+91 98765 29528,1118
1302,Ramesh Patel,31,7,False,1163.56,259.28,DEV-1302-A,,274
1303,Priya Kumar,52,7,False,790.0,453.1,DEV-1303-A,,1289
1304,Kavita Deshmukh,38,6,False,1821.53,472.39,DEV-1304-A,,539
1305,Devi Taylor,90,3,True,2596.78,1420.87,DEV-1305-A,+91 98765 49857,2896
1306,George Gupta,47,4,False,18962.19,8850.52,DEV-1306-A,,2079
1307,Suresh Deshmukh,27,6,False,3027.26,1420.91,DEV-1307-A,,359
1308,Sunita Singhania,89,3,True,1074.3,405.55,DEV-1308-A,+91 98765 52247,2502
1309,Anish Sharma,79,4,True,868.07,464.63,DEV-1309-A,+91 98765 21970,967
1310,Aarav Kumar,86,3,True,8979.74,4015.19,DEV-1310-A,+91 98765 98117,3394
1311,Anish Johnson,80,2,True,1908.36,1092.31,DEV-1311-A,+91 98765 15273,3155
1312,Priya Deshmukh,63,5,False,3086.29,1430.66,DEV-1312-A,,2155
1313,Devi Gupta,43,6,False,2292.28,1061.64,DEV-1313-A,,773
1314,Martha Williams,91,4,True,1477.48,757.88,DEV-1314-A,+91 98765 74451,403
1315,Suresh Nair,54,8,False,2402.92,869.03,DEV-1315-A,,1702
1316,Arthur Nair,39,9,False,2852.53,1440.28,DEV-1316-A,,2774
1317,Meena Joshi,73,5,True,1466.86,363.9,DEV-1317-A,+91 98765 31079,1380
1318,Martha Taylor,53,5,False,485.42,232.12,DEV-1318-A,,2059
1319,Kavita Williams,43,5,False,1418.24,495.39,DEV-1319-A,,1670
1320,Sunita Deshmukh,32,7,False,1032.67,482.55,DEV-1320-A,,390
1321,Arthur Gupta,58,4,False,1046.92,570.92,DEV-1321-A,,1354
1322,Meena Kumar,51,6,False,1779.44,598.78,DEV-1322-A,,1685
1323,Aarav Williams,42,9,False,420.21,173.73,DEV-1323-A,,3590
1324,Devi Singhania,57,8,False,2865.15,1396.04,DEV-1324-A,,252
1325,Vikram Smith,87,3,True,2474.19,1412.3,DEV-1325-A,+91 98765 57419,2580
1326,Suresh Williams,21,7,False,2814.27,677.02,DEV-1326-A,,1840
1327,Sunita Rao,49,6,False,822.69,265.66,DEV-1327-A,,1123
1328,Ramesh Gupta,73,1,True,2483.62,1103.06,DEV-1328-A,+91 98765 67424,3637
1329,Suresh Patel,66,2,True,508.04,126.38,DEV-1329-A,+91 98765 13783,2610
1330,Lakshmi Taylor,29,6,False,2809.69,1152.16,DEV-1330-A,,678
1331,Kavita Smith,65,7,False,854.24,258.51,DEV-1331-A,,86
1332,Martha Patel,88,5,True,1702.55,715.23,DEV-1332-A,+91 98765 39451,3476
1333,Meena Deshmukh,20,8,False,2021.05,890.57,DEV-1333-A,,511
1334,Ramesh Deshmukh,75,3,True,2492.28,709.85,DEV-1334-A,+91 98765 48254,2114
1335,Anish Singhania,57,9,False,1421.23,795.9,DEV-1335-A,,3449
1336,Suresh Deshmukh,40,8,False,1032.08,319.86,DEV-1336-A,,1028
1337,Devi Smith,75,5,True,932.1,222.04,DEV-1337-A,+91 98765 28958,1601
1338,Vikram Johnson,58,10,False,671.65,179.47,DEV-1338-A,,2111
1339,Ramesh Joshi,67,3,True,2598.87,619.27,DEV-1339-A,+91 98765 19150,1161
1340,Martha Nair,19,9,False,6625.74,2774.06,DEV-1340-A,,3256
1341,Anish Joshi,32,9,False,469.54,187.21,DEV-1341-A,,40
1342,Kavita Taylor,90,3,True,974.73,352.59,DEV-1342-A,+91 98765 49132,3460
1343,Suresh Joshi,45,8,False,4373.15,2608.59,DEV-1343-A,,638
1344,Devi Smith,26,7,False,1179.31,508.7,DEV-1344-A,,2013
1345,Eleanor Nair,35,5,False,1023.48,350.03,DEV-1345-A,,2290
1346,George Deshmukh,22,6,False,1857.09,965.95,DEV-1346-A,,1348
1347,Vikram Taylor,33,9,False,1972.06,907.84,DEV-1347-A,,1008
1348,George Rao,52,5,False,674.0,315.29,DEV-1348-A,,3536
1349,Martha Sharma,91,4,True,8580.39,4223.78,DEV-1349-A,+91 98765 51704,3080
1350,Suresh Taylor,48,7,False,1048.68,611.43,DEV-1350-A,,3353
1351,George Singhania,29,6,False,2991.5,1239.47,DEV-1351-A,,2748
1352,Ramesh Deshmukh,24,9,False,1414.56,479.58,DEV-1352-A,,181
1353,Ramesh Smith,61,6,False,586.57,153.08,DEV-1353-A,,2447
1354,Arthur Joshi,91,3,True,3374.7,1811.58,DEV-1354-A,+91 98765 23154,3610
1355,Devi Patel,51,6,False,2165.21,1087.17,DEV-1355-A,,2184
1356,Devi Sharma,26,8,False,2881.07,1392.99,DEV-1356-A,,2989
1357,Ramesh Singhania,20,5,False,887.32,305.29,DEV-1357-A,,3597
1358,Ramesh Patel,23,7,False,3185.84,1026.51,DEV-1358-A,,1953
1359,Anish Nair,43,10,False,731.31,297.11,DEV-1359-A,,2582
1360,George Williams,84,3,True,1805.8,976.16,DEV-1360-A,+91 98765 20527,3518
1361,Arthur Joshi,31,6,False,4596.46,2533.52,DEV-1361-A,,2792
1362,George Nair,79,4,True,2920.98,940.18,DEV-1362-A,+91 98765 92155,2973
1363,Suresh Joshi,23,5,False,1363.2,651.58,DEV-1363-A,,2246
1364,Sunita Johnson,40,7,False,2072.27,1096.21,DEV-1364-A,,310
1365,Lakshmi Williams,26,10,False,1422.1,719.47,DEV-1365-A,,2833
1366,Kavita Rao,29,3,True,1902.96,492.01,DEV-1366-A,+91 98765 21846,1807
1367,Meena Kumar,41,8,False,1887.84,704.16,DEV-1367-A,,2625
1368,Meena Deshmukh,38,3,True,2286.13,553.85,DEV-1368-A,+91 98765 31805,2872
1369,Kavita Sharma,59,8,False,648.07,298.16,DEV-1369-A,,218
1370,Arthur Kumar,27,6,False,1719.65,1028.26,DEV-1370-A,,259
1371,Kavita Nair,21,6,False,1301.48,323.49,DEV-1371-A,,1565
1372,Martha Verma,37,7,False,1094.07,246.07,DEV-1372-A,,1030
1373,Martha Johnson,50,5,False,3751.64,1686.58,DEV-1373-A,,2822
1374,Priya Verma,52,5,False,1529.71,848.44,DEV-1374-A,,747
1375,Rajesh Johnson,47,6,False,708.51,259.07,DEV-1375-A,,3596
1376,George Johnson,76,4,True,3326.78,680.04,DEV-1376-A,+91 98765 99539,1016
1377,Suresh Johnson,44,6,False,1786.2,542.87,DEV-1377-A,,616
1378,Lakshmi Deshmukh,70,3,True,738.85,211.37,DEV-1378-A,+91 98765 93611,1070
1379,Devi Gupta,18,6,False,1763.84,739.37,DEV-1379-A,,2761
1380,Aarav Kumar,47,5,False,1750.98,577.6,DEV-1380-A,,1935
1381,Kavita Williams,67,1,True,1266.54,453.16,DEV-1381-A,+91 98765 81643,677
1382,Rajesh Deshmukh,47,7,False,2133.83,1242.17,DEV-1382-A,,1445
1383,Kavita Williams,72,4,True,737.56,276.62,DEV-1383-A,+91 98765 65615,2857
1384,Anish Deshmukh,34,7,False,3778.49,1718.76,DEV-1384-A,,3492
1385,Kavita Rao,60,7,False,3427.54,1527.22,DEV-1385-A,,1605
1386,Suresh Patel,22,5,False,1901.02,940.95,DEV-1386-A,,1001
1387,George Johnson,51,7,False,1943.09,454.52,DEV-1387-A,,1500
1388,Kavita Taylor,66,2,True,5110.48,1628.27,DEV-1388-A,+91 98765 48696,119
1389,George Gupta,40,8,False,4565.36,1251.27,DEV-1389-A,,63
1390,Sunita Johnson,29,7,False,1026.3,519.05,DEV-1390-A,,3082
1391,Suresh Joshi,35,8,False,5161.21,1820.75,DEV-1391-A,,1202
1392,Lakshmi Johnson,31,7,False,862.21,439.6,DEV-1392-A,,3314
1393,Eleanor Rao,59,6,False,1864.73,1095.33,DEV-1393-A,,2637
1394,Vikram Johnson,73,5,True,7626.75,3807.5,DEV-1394-A,+91 98765 42850,2806
1395,Ramesh Williams,74,2,True,2409.97,808.08,DEV-1395-A,+91 98765 22735,2600
1396,Sunita Gupta,85,2,True,648.69,241.85,DEV-1396-A,+91 98765 67779,166
1397,Eleanor Taylor,46,8,False,2034.81,602.87,DEV-1397-A,,568
1398,Rajesh Gupta,25,7,False,1585.02,726.45,DEV-1398-A,,1368
1399,Martha Verma,36,7,False,2236.61,1204.65,DEV-1399-A,,852
1400,Ramesh Kumar,84,4,True,943.02,362.32,DEV-1400-A,+91 98765 80701,3619
1401,Eleanor Smith,77,4,True,3253.74,1504.74,DEV-1401-A,+91 98765 75771,1146
1402,Priya Gupta,29,7,False,1852.42,1065.06,DEV-1402-A,,3407
1403,Suresh Kumar,20,7,False,1687.98,827.77,DEV-1403-A,,1238
1404,Arthur Kumar,75,3,True,548.1,293.94,DEV-1404-A,+91 98765 25095,1948
1405,Rajesh Verma,67,6,True,4274.18,1723.97,DEV-1405-A,+91 98765 39571,3553
1406,George Joshi,37,10,False,2977.5,1635.63,DEV-1406-A,,3325
1407,Eleanor Patel,59,6,False,2650.42,1019.41,DEV-1407-A,,3268
1408,George Sharma,18,8,False,861.46,514.05,DEV-1408-A,,1113
1409,Meena Deshmukh,24,9,False,1289.17,363.05,DEV-1409-A,,1539
1410,Anish Johnson,53,8,False,5751.43,1582.85,DEV-1410-A,,1590
1411,Eleanor Patel,40,7,False,5789.77,1170.07,DEV-1411-A,,2794
1412,Lakshmi Deshmukh,70,1,True,746.17,193.67,DEV-1412-A,+91 98765 13280,2567
1413,Arthur Johnson,37,6,False,338.56,165.5,DEV-1413-A,,936
1414,Rajesh Williams,81,1,True,5800.83,2117.59,DEV-1414-A,+91 98765 70852,2901
1415,Kavita Williams,64,9,False,1143.22,271.17,DEV-1415-A,,1702
1416,Meena Verma,56,10,False,1426.8,322.37,DEV-1416-A,,215
1417,Sunita Gupta,55,10,False,8178.73,3610.05,DEV-1417-A,,2047
1418,Meena Patel,62,6,False,3506.17,1858.34,DEV-1418-A,,991
1419,Ramesh Singhania,50,9,False,1075.55,519.57,DEV-1419-A,,1888
1420,Eleanor Williams,72,1,True,3431.49,888.69,DEV-1420-A,+91 98765 80804,1746
1421,Ramesh Singhania,39,6,False,1622.63,467.71,DEV-1421-A,,2712
1422,Meena Joshi,56,7,False,2868.1,1056.89,DEV-1422-A,,2034
1423,Martha Gupta,59,6,False,2229.05,811.29,DEV-1423-A,,164
1424,Eleanor Rao,77,4,True,383.8,166.99,DEV-1424-A,+91 98765 68115,1851
1425,Lakshmi Joshi,29,5,False,706.57,148.72,DEV-1425-A,,1515
1426,Meena Williams,19,6,False,3351.46,1364.82,DEV-1426-A,,1534
1427,Eleanor Sharma,37,9,False,1546.96,830.37,DEV-1427-A,,1660
1428,Anish Rao,30,7,False,5499.43,2162.31,DEV-1428-A,,530
1429,Devi Patel,26,7,False,1335.73,532.4,DEV-1429-A,,2744
1430,Vikram Williams,46,8,False,3369.39,888.05,DEV-1430-A,,2649
1431,Aarav Sharma,57,8,False,1142.81,528.87,DEV-1431-A,,3252
1432,Arthur Rao,88,2,True,885.4,264.55,DEV-1432-A,+91 98765 26505,3253
1433,Vikram Patel,83,2,True,864.14,435.32,DEV-1433-A,+91 98765 82641,878
1434,Vikram Joshi,47,6,False,1787.88,402.38,DEV-1434-A,,3592
1435,Lakshmi Nair,83,3,True,731.56,266.61,DEV-1435-A,+91 98765 29340,3260
1436,Aarav Gupta,40,7,False,1938.88,822.22,DEV-1436-A,,3546
1437,Ramesh Verma,86,3,True,1115.2,339.09,DEV-1437-A,+91 98765 80807,1056
1438,Priya Patel,67,2,True,2845.93,1212.74,DEV-1438-A,+91 98765 96646,3578
1439,Aarav Verma,47,7,False,2388.27,811.54,DEV-1439-A,,90
1440,Eleanor Kumar,25,6,False,1172.08,352.08,DEV-1440-A,,3259
1441,Lakshmi Johnson,78,4,True,15222.74,3743.39,DEV-1441-A,+91 98765 52437,94
1442,Priya Gupta,79,3,True,2042.34,986.72,DEV-1442-A,+91 98765 16868,549
1443,Martha Smith,53,7,False,931.49,366.89,DEV-1443-A,,495
1444,Rajesh Deshmukh,28,6,False,9027.29,3292.31,DEV-1444-A,,1866
1445,Eleanor Smith,60,6,False,1917.96,776.78,DEV-1445-A,,2461
1446,Meena Deshmukh,74,2,True,1724.85,887.45,DEV-1446-A,+91 98765 76039,937
1447,Sunita Taylor,31,6,False,1201.89,399.13,DEV-1447-A,,3238
1448,Kavita Deshmukh,69,1,True,1950.8,1075.15,DEV-1448-A,+91 98765 94323,157
1449,Sunita Deshmukh,80,3,True,2722.03,1035.72,DEV-1449-A,+91 98765 62640,1776
1450,Meena Deshmukh,90,3,True,1003.56,565.69,DEV-1450-A,+91 98765 68138,331
1451,Rajesh Nair,52,6,False,1800.25,833.0,DEV-1451-A,,2521
1452,Ramesh Patel,75,5,True,1147.67,672.29,DEV-1452-A,+91 98765 26540,1156
1453,Arthur Singhania,31,4,False,2122.86,1097.82,DEV-1453-A,,2476
1454,Kavita Deshmukh,55,9,False,2777.75,995.51,DEV-1454-A,,2100
1455,Martha Patel,84,2,True,1986.59,950.3,DEV-1455-A,+91 98765 24996,3523
1456,Vikram Singhania,73,4,True,1284.08,722.24,DEV-1456-A,+91 98765 69186,965
1457,Martha Nair,35,6,False,1196.82,667.34,DEV-1457-A,,3419
1458,Devi Singhania,60,7,False,712.98,318.07,DEV-1458-A,,1733
1459,Meena Nair,23,7,False,2192.92,881.74,DEV-1459-A,,1778
1460,Arthur Williams,88,3,True,1744.07,814.77,DEV-1460-A,+91 98765 43408,1563
1461,Ramesh Williams,59,5,False,1474.09,302.25,DEV-1461-A,,1972
1462,Rajesh Patel,54,10,False,2162.81,1202.75,DEV-1462-A,,3436
1463,Rajesh Patel,23,6,False,2913.63,1582.89,DEV-1463-A,,1798
1464,Meena Taylor,75,5,True,2393.78,779.75,DEV-1464-A,+91 98765 58843,3355
1465,Ramesh Smith,48,7,False,5139.83,1763.57,DEV-1465-A,,275
1466,Arthur Williams,49,6,False,4000.4,1078.13,DEV-1466-A,,530
1467,Martha Nair,65,6,False,1301.71,441.51,DEV-1467-A,,3608
1468,Martha Joshi,47,8,False,4942.61,2216.13,DEV-1468-A,,2983
1469,Sunita Gupta,40,7,False,4817.96,2850.51,DEV-1469-A,,2489
1470,Kavita Nair,58,8,False,960.97,317.16,DEV-1470-A,,454
1471,Vikram Verma,63,6,False,2750.15,1470.83,DEV-1471-A,,2719
1472,Suresh Rao,36,9,False,4064.46,1646.36,DEV-1472-A,,3500
1473,Meena Nair,37,9,False,630.56,362.77,DEV-1473-A,,3492
1474,Eleanor Patel,80,4,True,3083.96,1437.11,DEV-1474-A,+91 98765 46512,2381
1475,Lakshmi Kumar,34,7,False,3042.11,1290.39,DEV-1475-A,,1787
1476,Aarav Johnson,25,4,False,292.48,159.64,DEV-1476-A,,2724
1477,Anish Sharma,53,7,False,1718.56,419.82,DEV-1477-A,,768
1478,Anish Taylor,45,7,False,2533.48,1376.53,DEV-1478-A,,3152
1479,Kavita Nair,36,7,False,2329.91,1216.13,DEV-1479-A,,1467
1480,Aarav Verma,19,8,False,1186.3,370.85,DEV-1480-A,,3592
1481,Ramesh Johnson,80,3,True,1078.56,448.98,DEV-1481-A,+91 98765 96159,1671
1482,Rajesh Verma,24,4,False,1426.51,626.73,DEV-1482-A,,3065
1483,Aarav Patel,37,9,False,905.82,198.61,DEV-1483-A,,3086
1484,Vikram Singhania,83,4,True,3711.93,1623.18,DEV-1484-A,+91 98765 65028,1888
1485,Arthur Verma,82,4,True,1075.49,230.01,DEV-1485-A,+91 98765 58503,1306
1486,Arthur Kumar,55,6,False,1860.97,991.06,DEV-1486-A,,2354
1487,Rajesh Sharma,56,7,False,3021.61,1606.63,DEV-1487-A,,667
1488,Priya Kumar,80,4,True,15522.21,5776.92,DEV-1488-A,+91 98765 90981,233
1489,Rajesh Gupta,38,9,False,1364.29,601.34,DEV-1489-A,,1844
1490,Martha Deshmukh,82,6,True,742.15,335.84,DEV-1490-A,+91 98765 89570,1840
1491,Martha Gupta,56,5,False,3382.25,1369.63,DEV-1491-A,,912
1492,Meena Nair,24,7,False,264.49,121.9,DEV-1492-A,,1790
1493,Meena Gupta,87,5,True,2948.1,1186.63,DEV-1493-A,+91 98765 98895,2809
1494,Suresh Smith,58,7,False,1560.11,537.83,DEV-1494-A,,2762
1495,Kavita Sharma,48,7,False,345.75,96.27,DEV-1495-A,,933
1496,George Johnson,57,6,False,1058.36,430.36,DEV-1496-A,,254
1497,Aarav Rao,18,9,False,1139.08,488.46,DEV-1497-A,,1264
1498,Vikram Kumar,51,8,False,1564.95,561.51,DEV-1498-A,,592
1499,Anish Gupta,23,6,False,2241.56,757.85,DEV-1499-A,,1373
1500,Meena Sharma,50,7,False,4276.61,2056.64,DEV-1500-A,,2067
1501,Martha Verma,91,3,True,1072.43,383.75,DEV-1501-A,+91 98765 26932,1587
1502,Lakshmi Smith,45,8,False,1563.71,759.36,DEV-1502-A,,2318
1503,Eleanor Patel,57,8,False,1171.57,681.88,DEV-1503-A,,1656
1504,Sunita Singhania,75,3,True,1105.64,524.78,DEV-1504-A,+91 98765 12456,1913
1505,Rajesh Joshi,25,6,False,308.8,107.35,DEV-1505-A,,1312
1506,Martha Johnson,25,9,False,1220.79,278.83,DEV-1506-A,,1686
1507,Martha Gupta,23,8,False,1580.27,738.66,DEV-1507-A,,501
1508,George Sharma,62,9,False,451.61,92.15,DEV-1508-A,,1360
1509,Priya Kumar,59,7,False,3318.11,1823.23,DEV-1509-A,,2561
1510,Devi Joshi,66,3,True,996.42,255.94,DEV-1510-A,+91 98765 57428,390
1511,Martha Joshi,18,4,False,1078.74,425.46,DEV-1511-A,,463
1512,Lakshmi Singhania,55,4,False,3249.06,1597.46,DEV-1512-A,,2442
1513,George Smith,60,8,False,3556.32,1322.85,DEV-1513-A,,352
1514,George Joshi,62,6,False,753.2,388.35,DEV-1514-A,,1300
1515,Arthur Rao,46,8,False,2672.99,1451.5,DEV-1515-A,,1394
1516,Priya Patel,84,1,True,1038.41,449.51,DEV-1516-A,+91 98765 76910,2623
1517,Meena Smith,41,9,False,3373.32,1603.55,DEV-1517-A,,2118
1518,Vikram Kumar,42,7,False,684.32,175.9,DEV-1518-A,,1461
1519,Eleanor Taylor,81,2,True,1281.61,269.37,DEV-1519-A,+91 98765 94599,3368
1520,Ramesh Rao,59,5,False,4772.63,1091.43,DEV-1520-A,,451
1521,Ramesh Gupta,44,9,False,701.54,310.3,DEV-1521-A,,838
1522,Priya Johnson,41,10,False,1249.28,320.09,DEV-1522-A,,656
1523,Rajesh Verma,49,7,False,1235.75,723.66,DEV-1523-A,,3195
1524,Suresh Deshmukh,42,5,False,1353.64,283.37,DEV-1524-A,,3120
1525,Devi Williams,69,1,True,1361.05,762.23,DEV-1525-A,+91 98765 83989,2663
1526,Arthur Joshi,25,7,False,2171.53,1205.98,DEV-1526-A,,2599
1527,Arthur Verma,56,5,False,550.58,185.08,DEV-1527-A,,1831
1528,Rajesh Deshmukh,52,7,False,703.29,293.05,DEV-1528-A,,1841
1529,Kavita Kumar,70,3,True,4827.95,1549.45,DEV-1529-A,+91 98765 46002,2452
1530,Sunita Nair,34,5,False,905.03,530.86,DEV-1530-A,,2108
1531,Rajesh Gupta,54,8,False,419.99,107.38,DEV-1531-A,,1921
1532,Devi Sharma,46,7,False,11699.84,4220.27,DEV-1532-A,,263
1533,Eleanor Joshi,91,3,True,3712.91,1588.2,DEV-1533-A,+91 98765 47627,344
1534,Rajesh Johnson,58,6,False,651.54,140.59,DEV-1534-A,,2463
1535,George Deshmukh,48,5,False,2192.37,1283.88,DEV-1535-A,,2407
1536,Sunita Deshmukh,83,3,True,7444.97,4079.75,DEV-1536-A,+91 98765 84928,2699
1537,Vikram Nair,26,6,False,2262.21,1171.11,DEV-1537-A,,2508
1538,Suresh Smith,35,7,False,707.63,419.2,DEV-1538-A,,647
1539,Sunita Deshmukh,49,7,False,4174.36,1461.58,DEV-1539-A,,453
1540,Arthur Taylor,36,8,False,1012.1,358.91,DEV-1540-A,,375
1541,Priya Sharma,51,10,False,1457.13,795.93,DEV-1541-A,,1044
1542,Devi Deshmukh,90,4,True,1380.89,698.47,DEV-1542-A,+91 98765 78690,2171
1543,Priya Nair,55,9,False,1535.23,855.49,DEV-1543-A,,1557
1544,Kavita Singhania,22,7,False,4035.37,1630.99,DEV-1544-A,,1704
1545,Arthur Williams,58,10,False,1490.5,728.98,DEV-1545-A,,2478
1546,Sunita Kumar,63,6,False,994.6,341.63,DEV-1546-A,,2614
1547,Arthur Patel,74,2,True,1046.11,609.86,DEV-1547-A,+91 98765 53213,417
1548,George Gupta,18,6,False,3587.8,738.1,DEV-1548-A,,1062
1549,Ramesh Nair,68,4,True,3205.19,824.18,DEV-1549-A,+91 98765 20682,2416
1550,Ramesh Nair,69,4,True,4656.24,2358.14,DEV-1550-A,+91 98765 50662,2717
1551,George Verma,77,2,True,2141.91,846.16,DEV-1551-A,+91 98765 87993,2933
1552,Rajesh Gupta,23,5,False,489.78,110.89,DEV-1552-A,,2319
1553,George Williams,40,7,False,1623.25,939.98,DEV-1553-A,,3272
1554,Arthur Joshi,22,7,False,2942.12,940.97,DEV-1554-A,,553
1555,Rajesh Williams,22,9,False,1812.51,875.14,DEV-1555-A,,2776
1556,Martha Smith,21,7,False,1024.89,326.03,DEV-1556-A,,1512
1557,Aarav Nair,33,8,False,1092.34,624.48,DEV-1557-A,,1295
1558,Priya Rao,44,7,False,3000.96,1172.1,DEV-1558-A,,1429
1559,Suresh Rao,32,7,False,1841.82,812.97,DEV-1559-A,,957
1560,Ramesh Verma,41,6,False,2363.81,1313.01,DEV-1560-A,,346
1561,Kavita Joshi,50,10,False,644.01,289.75,DEV-1561-A,,3258
1562,Meena Smith,22,5,False,3380.39,1641.45,DEV-1562-A,,3187
1563,Sunita Williams,75,3,True,5408.72,2207.13,DEV-1563-A,+91 98765 54140,3619
1564,Ramesh Johnson,27,6,False,3684.66,1468.99,DEV-1564-A,,1573
1565,Ramesh Verma,36,8,False,847.26,187.87,DEV-1565-A,,770
1566,Priya Taylor,69,2,True,1830.42,568.29,DEV-1566-A,+91 98765 67366,208
1567,Martha Nair,65,6,False,4449.16,1071.17,DEV-1567-A,,2800
1568,Lakshmi Deshmukh,41,8,False,1223.47,398.04,DEV-1568-A,,2530
1569,Kavita Kumar,72,3,True,3850.57,2171.63,DEV-1569-A,+91 98765 68841,988
1570,Lakshmi Gupta,42,7,False,8825.08,3133.43,DEV-1570-A,,3342
1571,Suresh Joshi,58,8,False,940.94,439.0,DEV-1571-A,,824
1572,Eleanor Williams,88,2,True,4216.61,1021.04,DEV-1572-A,+91 98765 84766,1834
1573,Devi Kumar,72,2,True,2021.96,695.6,DEV-1573-A,+91 98765 46932,3217
1574,George Smith,88,1,True,1832.64,702.05,DEV-1574-A,+91 98765 79135,1744
1575,Priya Joshi,31,5,False,582.19,128.63,DEV-1575-A,,847
1576,Ramesh Joshi,70,4,True,1399.58,755.97,DEV-1576-A,+91 98765 42768,243
1577,Suresh Joshi,31,6,False,9730.74,5371.98,DEV-1577-A,,1550
1578,Meena Taylor,31,8,False,6514.61,2072.43,DEV-1578-A,,3494
1579,Meena Gupta,26,9,False,3456.63,1127.73,DEV-1579-A,,373
1580,Priya Gupta,59,9,False,983.26,275.0,DEV-1580-A,,1870
1581,Ramesh Joshi,81,2,True,584.04,130.38,DEV-1581-A,+91 98765 67340,405
1582,Lakshmi Joshi,25,4,False,1988.66,1062.33,DEV-1582-A,,1877
1583,Eleanor Sharma,18,5,False,729.93,151.63,DEV-1583-A,,1729
1584,Sunita Singhania,26,7,False,218.97,79.2,DEV-1584-A,,2086
1585,Eleanor Rao,52,7,False,1829.9,705.68,DEV-1585-A,,1611
1586,Rajesh Nair,88,5,True,2149.64,698.09,DEV-1586-A,+91 98765 39430,145
1587,Arthur Patel,71,3,True,6235.76,3681.63,DEV-1587-A,+91 98765 95191,1403
1588,Ramesh Verma,26,7,False,2108.62,645.73,DEV-1588-A,,186
1589,Kavita Joshi,19,8,False,998.46,406.56,DEV-1589-A,,1965
1590,Ramesh Kumar,40,8,False,613.29,361.64,DEV-1590-A,,2919
1591,Suresh Deshmukh,78,4,True,3107.5,1190.79,DEV-1591-A,+91 98765 90654,51
1592,Rajesh Sharma,43,6,False,1566.03,456.18,DEV-1592-A,,1078
1593,Vikram Joshi,33,10,False,1658.97,646.21,DEV-1593-A,,642
1594,Martha Patel,21,8,False,1884.28,433.84,DEV-1594-A,,3209
1595,Kavita Rao,41,6,False,1120.75,287.27,DEV-1595-A,,1263
1596,Meena Sharma,58,8,False,5599.29,1449.01,DEV-1596-A,,1006
1597,Martha Williams,74,1,True,6389.97,3001.06,DEV-1597-A,+91 98765 91633,1902
1598,Rajesh Patel,34,8,False,1496.05,473.05,DEV-1598-A,,3457
1599,Suresh Johnson,48,7,False,2968.88,667.65,DEV-1599-A,,2225
1600,Aarav Williams,27,5,False,1596.14,930.83,DEV-1600-A,,2140
1601,Lakshmi Taylor,52,7,False,492.23,232.26,DEV-1601-A,,618
1602,Kavita Singhania,22,8,False,1103.11,423.45,DEV-1602-A,,36
1603,Eleanor Rao,53,6,False,1691.84,450.54,DEV-1603-A,,2367
1604,Martha Verma,46,8,False,2432.99,722.09,DEV-1604-A,,2751
1605,Rajesh Smith,88,3,True,2357.78,716.33,DEV-1605-A,+91 98765 57265,307
1606,Aarav Singhania,46,6,False,2050.1,920.37,DEV-1606-A,,3607
1607,Suresh Sharma,90,4,True,1135.79,639.63,DEV-1607-A,+91 98765 93318,1614
1608,Eleanor Gupta,86,3,True,2857.42,1688.52,DEV-1608-A,+91 98765 12128,1492
1609,Rajesh Nair,69,3,True,668.7,325.88,DEV-1609-A,+91 98765 41604,3032
1610,Meena Kumar,33,9,False,4629.6,1227.21,DEV-1610-A,,2413
1611,Arthur Verma,54,7,False,6309.45,1292.44,DEV-1611-A,,211
1612,Eleanor Smith,18,8,False,1531.52,446.39,DEV-1612-A,,1416
1613,Priya Joshi,58,6,False,759.49,409.53,DEV-1613-A,,3221
1614,Devi Taylor,67,3,True,899.34,190.36,DEV-1614-A,+91 98765 72722,2617
1615,Priya Kumar,49,6,False,2371.3,748.27,DEV-1615-A,,582
1616,Rajesh Taylor,43,5,False,501.39,251.55,DEV-1616-A,,3209
1617,Devi Sharma,84,3,True,2893.39,991.99,DEV-1617-A,+91 98765 48462,855
1618,Sunita Kumar,72,3,True,510.97,175.48,DEV-1618-A,+91 98765 36144,201
1619,Arthur Gupta,60,6,False,1120.84,635.85,DEV-1619-A,,2141
1620,George Joshi,24,5,False,1855.78,400.05,DEV-1620-A,,2254
1621,Suresh Gupta,20,7,False,1553.82,486.33,DEV-1621-A,,179
1622,Vikram Gupta,87,1,True,8837.06,3817.92,DEV-1622-A,+91 98765 56789,3561
1623,Sunita Joshi,51,6,False,3890.55,1327.53,DEV-1623-A,,2715
1624,Arthur Gupta,82,5,True,1307.24,510.52,DEV-1624-A,+91 98765 26315,3304
1625,Eleanor Singhania,50,8,False,626.15,171.85,DEV-1625-A,,1668
1626,Devi Singhania,39,6,False,2578.86,589.17,DEV-1626-A,,1418
1627,Priya Deshmukh,22,7,False,3189.8,1160.34,DEV-1627-A,,2864
1628,Suresh Nair,74,2,True,3890.07,1857.3,DEV-1628-A,+91 98765 78062,1122
1629,Rajesh Taylor,71,2,True,2535.44,1395.39,DEV-1629-A,+91 98765 65640,353
1630,Martha Johnson,52,6,False,476.62,102.49,DEV-1630-A,,3398
1631,Priya Smith,26,8,False,233.53,51.81,DEV-1631-A,,1233
1632,Arthur Patel,89,2,True,797.47,256.45,DEV-1632-A,+91 98765 20494,1373
1633,Kavita Gupta,32,9,False,3485.77,1880.12,DEV-1633-A,,1856
1634,Martha Verma,45,5,False,693.24,336.26,DEV-1634-A,,2855
1635,Devi Nair,75,2,True,728.97,408.79,DEV-1635-A,+91 98765 68606,203
1636,Eleanor Johnson,74,5,True,456.65,212.07,DEV-1636-A,+91 98765 67008,1154
1637,Sunita Patel,23,10,False,2456.47,655.7,DEV-1637-A,,2779
1638,George Nair,71,4,True,1966.97,426.77,DEV-1638-A,+91 98765 77251,3311
1639,Priya Sharma,35,5,False,3409.59,1656.28,DEV-1639-A,,614
1640,Devi Sharma,69,3,True,841.39,339.55,DEV-1640-A,+91 98765 26545,305
1641,Lakshmi Kumar,41,9,False,4009.52,1542.41,DEV-1641-A,,2672
1642,Eleanor Nair,84,4,True,3787.0,2062.69,DEV-1642-A,+91 98765 60181,2353
1643,Sunita Johnson,35,6,False,2785.05,941.73,DEV-1643-A,,658
1644,Devi Nair,39,9,False,3827.81,1626.17,DEV-1644-A,,1553
1645,Devi Kumar,87,1,True,1702.92,451.64,DEV-1645-A,+91 98765 20077,2380
1646,Ramesh Smith,72,2,True,5741.85,1206.23,DEV-1646-A,+91 98765 58096,1660
1647,Arthur Williams,77,3,True,2601.48,764.81,DEV-1647-A,+91 98765 46528,1052
1648,Meena Sharma,65,7,False,5196.37,3049.3,DEV-1648-A,,3043
1649,Priya Deshmukh,21,10,False,1866.74,1017.48,DEV-1649-A,,2150
1650,George Smith,29,7,False,5482.99,1966.32,DEV-1650-A,,512
1651,Anish Kumar,26,5,False,804.58,441.36,DEV-1651-A,,1096
1652,Devi Rao,62,6,False,3353.22,1508.78,DEV-1652-A,,2536
1653,Kavita Taylor,54,7,False,1083.76,341.44,DEV-1653-A,,2041
1654,Vikram Patel,37,9,False,538.04,179.5,DEV-1654-A,,585
1655,Rajesh Deshmukh,67,2,True,1601.6,822.43,DEV-1655-A,+91 98765 32630,2951
1656,Devi Patel,36,10,False,1068.55,355.81,DEV-1656-A,,3349
1657,Arthur Williams,21,8,False,1599.13,730.31,DEV-1657-A,,1453
1658,Rajesh Smith,61,5,False,2742.91,1007.56,DEV-1658-A,,2250
1659,Kavita Gupta,69,3,True,1185.09,368.0,DEV-1659-A,+91 98765 30644,2945
1660,Priya Kumar,45,5,False,1923.65,1131.63,DEV-1660-A,,1510
1661,Lakshmi Patel,25,9,False,1106.89,533.32,DEV-1661-A,,853
1662,Ramesh Rao,45,5,False,478.67,146.33,DEV-1662-A,,3267
1663,Suresh Sharma,31,4,False,1632.01,514.06,DEV-1663-A,,1508
1664,Eleanor Deshmukh,60,7,False,2481.82,572.78,DEV-1664-A,,3321
1665,Ramesh Johnson,22,7,False,2097.61,496.77,DEV-1665-A,,383
1666,Rajesh Gupta,56,9,False,4905.96,1505.94,DEV-1666-A,,1660
1667,Suresh Smith,18,9,False,4068.14,1806.27,DEV-1667-A,,1712
1668,Martha Joshi,38,8,False,528.89,289.01,DEV-1668-A,,2384
1669,Rajesh Verma,87,3,True,2256.19,981.52,DEV-1669-A,+91 98765 51553,2661
1670,Rajesh Deshmukh,64,6,False,7018.54,1446.93,DEV-1670-A,,1938
1671,Eleanor Verma,55,7,False,493.32,287.62,DEV-1671-A,,3626
1672,Priya Kumar,43,6,False,2530.98,1186.99,DEV-1672-A,,558
1673,Martha Smith,89,2,True,1615.27,806.59,DEV-1673-A,+91 98765 17263,3435
1674,Meena Smith,84,1,True,1272.57,475.64,DEV-1674-A,+91 98765 30056,1275
1675,Priya Verma,66,3,True,1686.81,751.16,DEV-1675-A,+91 98765 52291,2935
1676,Lakshmi Nair,59,8,False,829.98,196.34,DEV-1676-A,,2155
1677,Kavita Joshi,30,8,False,2847.95,585.25,DEV-1677-A,,353
1678,Anish Rao,34,6,False,901.07,269.44,DEV-1678-A,,2631
1679,Anish Verma,22,10,False,1421.34,629.22,DEV-1679-A,,2590
1680,Kavita Johnson,62,8,False,2596.77,1374.19,DEV-1680-A,,2215
1681,Rajesh Smith,85,1,True,2133.29,952.97,DEV-1681-A,+91 98765 94015,720
1682,Ramesh Verma,68,3,True,7112.08,1617.17,DEV-1682-A,+91 98765 96341,2587
1683,Arthur Joshi,41,7,False,3338.16,1386.45,DEV-1683-A,,2338
1684,Sunita Joshi,35,8,False,1457.22,679.92,DEV-1684-A,,3568
1685,Aarav Patel,72,6,True,991.8,296.9,DEV-1685-A,+91 98765 15958,2657
1686,Anish Williams,65,5,False,354.81,163.12,DEV-1686-A,,893
1687,Martha Johnson,86,2,True,437.55,91.35,DEV-1687-A,+91 98765 93753,154
1688,Suresh Williams,37,6,False,1813.97,719.13,DEV-1688-A,,2264
1689,Kavita Williams,85,3,True,1338.22,486.94,DEV-1689-A,+91 98765 49596,2008
1690,Lakshmi Kumar,60,6,False,1219.4,322.15,DEV-1690-A,,3336
1691,George Gupta,22,8,False,787.54,435.25,DEV-1691-A,,1887
1692,Rajesh Taylor,75,2,True,2354.26,743.18,DEV-1692-A,+91 98765 17852,677
1693,Devi Singhania,38,7,False,479.24,198.51,DEV-1693-A,,2013
1694,Devi Rao,41,9,False,1244.59,641.86,DEV-1694-A,,1423
1695,Ramesh Nair,37,5,False,607.47,244.36,DEV-1695-A,,3558
1696,Arthur Taylor,86,4,True,326.29,130.92,DEV-1696-A,+91 98765 55268,1663
1697,Ramesh Kumar,30,8,False,3560.29,1905.34,DEV-1697-A,,1547
1698,Meena Nair,79,3,True,6455.73,2867.76,DEV-1698-A,+91 98765 41685,1940
1699,Meena Gupta,28,6,False,2773.38,1324.51,DEV-1699-A,,1871
1700,Lakshmi Verma,32,7,False,7300.6,1931.34,DEV-1700-A,,426
1701,Sunita Gupta,23,7,False,2540.14,867.99,DEV-1701-A,,1603
1702,Martha Rao,24,7,False,532.84,236.1,DEV-1702-A,,3574
1703,Priya Joshi,33,7,False,1125.14,330.43,DEV-1703-A,,1371
1704,Arthur Rao,32,7,False,2581.25,1091.23,DEV-1704-A,,3155
1705,Priya Deshmukh,44,9,False,280.19,134.09,DEV-1705-A,,2138
1706,Devi Deshmukh,64,7,False,640.51,233.65,DEV-1706-A,,3630
1707,Kavita Deshmukh,80,4,True,10671.81,2626.95,DEV-1707-A,+91 98765 13037,398
1708,George Smith,57,6,False,961.45,247.22,DEV-1708-A,,1902
1709,Lakshmi Rao,63,6,False,647.07,361.24,DEV-1709-A,,2419
1710,Eleanor Sharma,31,3,True,2225.33,461.2,DEV-1710-A,+91 98765 16624,1182
1711,Suresh Johnson,73,3,True,980.44,415.97,DEV-1711-A,+91 98765 95755,2784
1712,Suresh Gupta,58,5,False,3535.43,721.2,DEV-1712-A,,2228
1713,Aarav Joshi,66,4,True,2009.45,1062.11,DEV-1713-A,+91 98765 24089,1795
1714,Ramesh Gupta,77,1,True,1556.98,804.37,DEV-1714-A,+91 98765 57943,3158
1715,George Nair,47,8,False,1424.98,788.05,DEV-1715-A,,215
1716,George Sharma,48,7,False,1034.26,539.28,DEV-1716-A,,2365
1717,Vikram Nair,83,3,True,3837.43,1599.07,DEV-1717-A,+91 98765 82512,1212
1718,Rajesh Singhania,89,3,True,1155.4,265.33,DEV-1718-A,+91 98765 76093,1874
1719,Anish Joshi,42,7,False,5307.85,3178.73,DEV-1719-A,,2582
1720,Meena Verma,54,5,False,1042.13,354.54,DEV-1720-A,,426
1721,George Nair,42,7,False,1103.14,425.48,DEV-1721-A,,3285
1722,Arthur Smith,66,5,True,3922.19,797.56,DEV-1722-A,+91 98765 57920,3122
1723,Ramesh Rao,32,7,False,9780.13,1976.81,DEV-1723-A,,2497
1724,George Smith,74,3,True,6065.71,1374.4,DEV-1724-A,+91 98765 15276,215
1725,Sunita Verma,70,5,True,2519.25,1261.39,DEV-1725-A,+91 98765 53652,3323
1726,Suresh Smith,73,2,True,1892.84,886.73,DEV-1726-A,+91 98765 69898,640
1727,Ramesh Nair,58,6,False,2760.22,767.31,DEV-1727-A,,2541
1728,Arthur Verma,81,3,True,2152.53,1083.77,DEV-1728-A,+91 98765 61505,2555
1729,Kavita Johnson,56,8,False,2318.03,1000.28,DEV-1729-A,,1407
1730,Suresh Taylor,58,7,False,682.87,332.26,DEV-1730-A,,2335
1731,Kavita Deshmukh,35,6,False,807.19,239.41,DEV-1731-A,,3371
1732,Aarav Nair,31,8,False,1594.96,642.49,DEV-1732-A,,1386
1733,Meena Singhania,30,7,False,1232.17,435.1,DEV-1733-A,,2420
1734,Kavita Kumar,75,4,True,2914.42,899.91,DEV-1734-A,+91 98765 92478,139
1735,Suresh Gupta,63,7,False,1733.22,787.83,DEV-1735-A,,2715
1736,Lakshmi Taylor,38,6,False,1110.26,530.54,DEV-1736-A,,240
1737,Suresh Verma,32,5,False,2964.01,1377.64,DEV-1737-A,,2177
1738,George Verma,75,4,True,3319.72,913.22,DEV-1738-A,+91 98765 99224,1022
1739,Sunita Johnson,23,6,False,5697.53,2124.83,DEV-1739-A,,2899
1740,Meena Rao,20,7,False,2679.09,1133.08,DEV-1740-A,,107
1741,Devi Nair,20,5,False,4590.44,2566.83,DEV-1741-A,,1745
1742,Ramesh Singhania,81,4,True,1431.09,856.45,DEV-1742-A,+91 98765 36724,1710
1743,Suresh Joshi,76,2,True,3028.14,1304.16,DEV-1743-A,+91 98765 18163,2920
1744,Ramesh Smith,22,9,False,944.82,493.83,DEV-1744-A,,879
1745,Arthur Williams,79,3,True,1208.3,304.53,DEV-1745-A,+91 98765 72701,2182
1746,George Nair,19,9,False,1120.96,478.06,DEV-1746-A,,739
1747,Devi Smith,38,5,False,3144.8,647.05,DEV-1747-A,,1432
1748,Eleanor Williams,70,5,True,2992.31,645.07,DEV-1748-A,+91 98765 99226,2664
1749,Anish Johnson,77,4,True,9100.09,4093.64,DEV-1749-A,+91 98765 73462,817
1750,Lakshmi Gupta,79,5,True,7360.04,4388.58,DEV-1750-A,+91 98765 83149,1252
1751,Lakshmi Gupta,69,5,True,1219.61,433.81,DEV-1751-A,+91 98765 47880,2917
1752,Vikram Taylor,32,8,False,2053.55,1173.92,DEV-1752-A,,2917
1753,Suresh Nair,40,5,False,2024.21,1210.99,DEV-1753-A,,1995
1754,Eleanor Smith,90,4,True,2805.82,1363.74,DEV-1754-A,+91 98765 45842,1208
1755,Meena Johnson,56,7,False,1072.26,503.87,DEV-1755-A,,2801
1756,George Singhania,62,8,False,1590.34,424.53,DEV-1756-A,,3382
1757,Eleanor Kumar,50,9,False,4281.77,1967.28,DEV-1757-A,,3325
1758,Ramesh Gupta,35,8,False,798.25,351.01,DEV-1758-A,,202
1759,Kavita Taylor,29,6,False,7753.96,3621.91,DEV-1759-A,,353
1760,Eleanor Deshmukh,77,4,True,5243.23,2515.99,DEV-1760-A,+91 98765 95979,1080
1761,Suresh Rao,77,2,True,20942.95,7555.27,DEV-1761-A,+91 98765 36485,3421
1762,Anish Smith,27,5,False,2782.31,1581.81,DEV-1762-A,,2881
1763,Anish Verma,55,4,False,4404.25,972.44,DEV-1763-A,,477
1764,Lakshmi Rao,20,6,False,1604.87,710.54,DEV-1764-A,,237
1765,Lakshmi Williams,81,3,True,3426.67,974.86,DEV-1765-A,+91 98765 40518,245
1766,Meena Singhania,79,3,True,2142.02,1060.24,DEV-1766-A,+91 98765 53292,2968
1767,Suresh Patel,36,7,False,1919.5,740.93,DEV-1767-A,,2820
1768,Ramesh Sharma,78,3,True,1226.96,278.28,DEV-1768-A,+91 98765 82135,676
1769,Martha Williams,89,3,True,2314.06,1331.02,DEV-1769-A,+91 98765 72350,1985
1770,Vikram Kumar,23,6,False,1568.45,445.94,DEV-1770-A,,1206
1771,Arthur Gupta,32,4,False,1503.08,361.33,DEV-1771-A,,2675
1772,Sunita Kumar,28,4,False,1248.56,648.4,DEV-1772-A,,396
1773,Lakshmi Smith,39,5,False,983.43,247.7,DEV-1773-A,,3055
1774,Sunita Verma,34,9,False,727.16,163.63,DEV-1774-A,,1741
1775,Priya Sharma,31,6,False,2358.2,794.85,DEV-1775-A,,3455
1776,George Kumar,79,1,True,1603.46,682.05,DEV-1776-A,+91 98765 74930,793
1777,Kavita Sharma,74,3,True,772.46,310.69,DEV-1777-A,+91 98765 11214,1252
1778,Meena Nair,27,5,False,3378.17,1334.83,DEV-1778-A,,1195
1779,Devi Williams,23,4,False,1319.43,697.92,DEV-1779-A,,2255
1780,Suresh Verma,21,5,False,282.15,138.25,DEV-1780-A,,3515
1781,Devi Gupta,55,9,False,3119.26,1699.63,DEV-1781-A,,819
1782,Meena Nair,38,9,False,2017.18,1201.8,DEV-1782-A,,695
1783,Devi Williams,81,2,True,1212.56,479.88,DEV-1783-A,+91 98765 43720,2973
1784,Priya Sharma,68,1,True,558.28,298.84,DEV-1784-A,+91 98765 54185,3268
1785,Kavita Johnson,41,7,False,4202.96,1392.41,DEV-1785-A,,2792
1786,Vikram Verma,47,6,False,2382.62,663.72,DEV-1786-A,,2532
1787,George Joshi,87,3,True,662.43,285.99,DEV-1787-A,+91 98765 66059,2140
1788,Arthur Patel,49,5,False,3067.38,1291.57,DEV-1788-A,,1671
1789,Meena Verma,42,6,False,2494.07,1068.34,DEV-1789-A,,605
1790,Suresh Nair,29,6,False,1020.41,278.71,DEV-1790-A,,1046
1791,Aarav Gupta,76,3,True,1552.04,912.55,DEV-1791-A,+91 98765 60275,994
1792,Devi Kumar,54,6,False,814.98,423.05,DEV-1792-A,,1123
1793,Arthur Gupta,41,7,False,919.73,494.86,DEV-1793-A,,2415
1794,Aarav Gupta,73,4,True,826.94,238.33,DEV-1794-A,+91 98765 95679,1502
1795,Lakshmi Sharma,32,6,False,2782.58,849.52,DEV-1795-A,,2765
1796,Meena Deshmukh,18,7,False,2441.03,1100.74,DEV-1796-A,,1286
1797,Priya Singhania,69,3,True,701.27,238.77,DEV-1797-A,+91 98765 99925,2088
1798,Kavita Taylor,24,8,False,1768.94,382.13,DEV-1798-A,,510
1799,Kavita Nair,36,6,False,1005.95,566.73,DEV-1799-A,,2547
1800,Lakshmi Rao,48,9,False,1533.62,401.5,DEV-1800-A,,577
1801,Suresh Verma,49,10,False,589.45,353.57,DEV-1801-A,,1893
1802,Eleanor Singhania,70,4,True,1349.83,362.14,DEV-1802-A,+91 98765 81989,1958
1803,Vikram Kumar,19,6,False,743.97,300.74,DEV-1803-A,,1043
1804,Rajesh Smith,57,7,False,3675.28,1471.99,DEV-1804-A,,1859
1805,Eleanor Patel,21,7,False,1200.25,450.42,DEV-1805-A,,2340
1806,Meena Sharma,77,1,True,1420.55,312.3,DEV-1806-A,+91 98765 81781,2100
1807,Vikram Johnson,66,3,True,884.66,276.39,DEV-1807-A,+91 98765 80341,643
1808,Priya Nair,29,9,False,1224.48,436.94,DEV-1808-A,,3529
1809,Devi Patel,69,3,True,1265.23,372.96,DEV-1809-A,+91 98765 99167,871
1810,Suresh Patel,62,8,False,1980.48,702.93,DEV-1810-A,,2120
1811,Devi Kumar,22,9,False,2018.83,593.07,DEV-1811-A,,257
1812,Devi Verma,40,8,False,2114.72,647.52,DEV-1812-A,,2132
1813,Martha Deshmukh,57,5,False,4525.59,2440.4,DEV-1813-A,,2339
1814,Sunita Smith,87,3,True,2770.33,861.53,DEV-1814-A,+91 98765 70604,2785
1815,Kavita Taylor,36,8,False,4149.33,1863.36,DEV-1815-A,,119
1816,George Gupta,91,2,True,649.7,150.45,DEV-1816-A,+91 98765 10395,3084
1817,Vikram Johnson,46,6,False,664.41,354.68,DEV-1817-A,,329
1818,Sunita Singhania,86,2,True,717.84,410.21,DEV-1818-A,+91 98765 55158,2898
1819,Rajesh Smith,21,5,False,2295.52,1348.0,DEV-1819-A,,276
1820,Rajesh Deshmukh,46,5,False,1822.39,707.79,DEV-1820-A,,159
1821,Kavita Singhania,61,8,False,3473.11,1497.45,DEV-1821-A,,767
1822,Ramesh Kumar,83,4,True,3162.79,702.91,DEV-1822-A,+91 98765 94085,3017
1823,Martha Nair,18,8,False,739.57,269.56,DEV-1823-A,,1596
1824,Devi Joshi,44,7,False,2907.77,1385.33,DEV-1824-A,,1576
1825,George Patel,35,6,False,1219.01,410.62,DEV-1825-A,,2826
1826,Ramesh Williams,45,7,False,7116.24,2242.88,DEV-1826-A,,3553
1827,Eleanor Patel,49,8,False,492.83,184.09,DEV-1827-A,,761
1828,George Smith,28,7,False,806.79,452.58,DEV-1828-A,,551
1829,Lakshmi Joshi,40,8,False,4920.5,2817.59,DEV-1829-A,,44
1830,Aarav Gupta,75,5,True,3456.15,1933.21,DEV-1830-A,+91 98765 70686,2788
1831,Martha Smith,43,8,False,2711.06,655.48,DEV-1831-A,,1583
1832,Lakshmi Rao,55,5,False,1672.89,990.73,DEV-1832-A,,1916
1833,Eleanor Verma,31,7,False,1049.9,520.27,DEV-1833-A,,1159
1834,Vikram Taylor,20,8,False,9553.02,2305.2,DEV-1834-A,,3165
1835,Meena Sharma,29,4,False,2880.72,1657.35,DEV-1835-A,,3345
1836,Martha Johnson,75,3,True,2592.88,879.01,DEV-1836-A,+91 98765 12050,1015
1837,Vikram Patel,21,7,False,1420.4,544.26,DEV-1837-A,,443
1838,Sunita Deshmukh,32,5,False,3048.96,1314.26,DEV-1838-A,,2478
1839,Sunita Rao,41,8,False,2557.31,999.76,DEV-1839-A,,3063
1840,Sunita Singhania,40,9,False,1194.06,395.56,DEV-1840-A,,1827
1841,Lakshmi Smith,31,7,False,914.98,359.45,DEV-1841-A,,919
1842,Sunita Verma,77,2,True,638.37,334.1,DEV-1842-A,+91 98765 76046,1214
1843,Lakshmi Joshi,75,2,True,302.15,97.09,DEV-1843-A,+91 98765 85511,1336
1844,Arthur Rao,85,3,True,8653.68,1843.78,DEV-1844-A,+91 98765 49552,3619
1845,Ramesh Williams,48,5,False,1408.19,651.38,DEV-1845-A,,2165
1846,Lakshmi Singhania,89,5,True,2695.31,612.86,DEV-1846-A,+91 98765 49387,1157
1847,Sunita Smith,44,7,False,875.15,503.56,DEV-1847-A,,2453
1848,Priya Williams,61,7,False,1092.01,458.93,DEV-1848-A,,2810
1849,Martha Smith,44,8,False,2545.53,1132.08,DEV-1849-A,,2060
1850,Sunita Nair,42,6,False,1435.06,490.73,DEV-1850-A,,2665
1851,George Kumar,44,9,False,5060.79,1154.08,DEV-1851-A,,2178
1852,Arthur Taylor,43,6,False,1366.91,725.72,DEV-1852-A,,1735
1853,Martha Verma,20,5,False,1431.1,789.58,DEV-1853-A,,1258
1854,George Verma,53,7,False,512.3,252.36,DEV-1854-A,,3120
1855,Suresh Rao,88,3,True,1473.29,845.26,DEV-1855-A,+91 98765 39536,1261
1856,Ramesh Kumar,84,5,True,5673.53,2049.76,DEV-1856-A,+91 98765 70689,266
1857,Martha Singhania,69,5,True,2394.08,889.12,DEV-1857-A,+91 98765 83044,2200
1858,Ramesh Singhania,67,3,True,2251.21,1200.28,DEV-1858-A,+91 98765 41831,1074
1859,Vikram Nair,52,7,False,4590.26,1614.01,DEV-1859-A,,2678
1860,Rajesh Deshmukh,84,4,True,1238.17,487.35,DEV-1860-A,+91 98765 58637,408
1861,Vikram Sharma,51,8,False,440.68,145.46,DEV-1861-A,,1129
1862,George Williams,20,9,False,1039.27,351.61,DEV-1862-A,,2507
1863,Sunita Joshi,61,9,False,1237.1,379.01,DEV-1863-A,,328
1864,Vikram Kumar,91,3,True,1381.46,640.72,DEV-1864-A,+91 98765 87015,2996
1865,Vikram Deshmukh,63,8,False,719.46,207.97,DEV-1865-A,,885
1866,Arthur Gupta,37,4,False,4959.47,1309.75,DEV-1866-A,,92
1867,Vikram Rao,29,9,False,1235.47,690.86,DEV-1867-A,,3067
1868,Meena Taylor,23,6,False,1510.51,312.13,DEV-1868-A,,3119
1869,Suresh Rao,61,5,False,2381.5,699.03,DEV-1869-A,,2879
1870,Vikram Singhania,19,6,False,1204.94,659.54,DEV-1870-A,,1010
1871,Arthur Kumar,85,2,True,1660.75,358.32,DEV-1871-A,+91 98765 47101,1589
1872,Devi Smith,55,6,False,1693.89,733.96,DEV-1872-A,,2687
1873,Eleanor Gupta,18,6,False,4038.68,872.77,DEV-1873-A,,1101
1874,Eleanor Smith,56,8,False,1703.61,711.56,DEV-1874-A,,3645
1875,Suresh Deshmukh,35,5,False,3818.23,2144.69,DEV-1875-A,,433
1876,Suresh Kumar,42,6,False,1912.07,708.32,DEV-1876-A,,3469
1877,Arthur Rao,76,2,True,3053.47,886.82,DEV-1877-A,+91 98765 58589,1311
1878,Martha Sharma,75,1,True,1109.85,608.5,DEV-1878-A,+91 98765 83731,3569
1879,Lakshmi Taylor,23,8,False,972.6,214.48,DEV-1879-A,,627
1880,Aarav Gupta,49,4,False,1053.23,376.88,DEV-1880-A,,2296
1881,Martha Gupta,52,7,False,700.04,365.54,DEV-1881-A,,654
1882,Vikram Nair,70,3,True,1578.56,485.04,DEV-1882-A,+91 98765 40149,1585
1883,Lakshmi Deshmukh,41,10,False,905.01,201.52,DEV-1883-A,,2285
1884,Arthur Gupta,20,9,False,909.05,252.15,DEV-1884-A,,3156
1885,Suresh Taylor,59,8,False,1393.44,777.92,DEV-1885-A,,2658
1886,Suresh Deshmukh,37,6,False,576.79,170.85,DEV-1886-A,,719
1887,Eleanor Verma,62,8,False,3937.88,2086.05,DEV-1887-A,,603
1888,Suresh Verma,43,8,False,1036.2,356.65,DEV-1888-A,,2250
1889,Sunita Smith,61,6,False,1532.95,915.22,DEV-1889-A,,168
1890,Rajesh Joshi,28,8,False,4413.16,1902.61,DEV-1890-A,,2767
1891,Sunita Kumar,79,3,True,419.56,187.86,DEV-1891-A,+91 98765 10836,1719
1892,Ramesh Joshi,44,4,False,965.27,410.91,DEV-1892-A,,2613
1893,Lakshmi Patel,78,4,True,2791.3,1179.26,DEV-1893-A,+91 98765 29795,67
1894,Vikram Smith,71,4,True,1012.93,305.11,DEV-1894-A,+91 98765 69770,1558
1895,Sunita Johnson,79,2,True,3698.86,1740.66,DEV-1895-A,+91 98765 93588,2761
1896,Suresh Williams,56,9,False,3766.31,1620.05,DEV-1896-A,,2028
1897,Aarav Sharma,45,8,False,979.76,284.63,DEV-1897-A,,2209
1898,Martha Sharma,63,8,False,630.8,314.66,DEV-1898-A,,98
1899,Anish Smith,32,9,False,2345.72,511.36,DEV-1899-A,,1204
1900,Aarav Smith,67,3,True,332.99,190.32,DEV-1900-A,+91 98765 98346,1793
1901,Priya Patel,39,7,False,1775.68,413.09,DEV-1901-A,,424
1902,Ramesh Rao,34,7,False,1453.67,538.67,DEV-1902-A,,816
1903,Anish Joshi,53,6,False,901.26,419.56,DEV-1903-A,,1481
1904,Anish Kumar,88,5,True,8612.02,3445.77,DEV-1904-A,+91 98765 62022,353
1905,Eleanor Singhania,22,7,False,955.04,321.26,DEV-1905-A,,1910
1906,Lakshmi Taylor,84,2,True,1445.69,702.44,DEV-1906-A,+91 98765 39603,1258
1907,Rajesh Williams,36,10,False,2199.21,1231.79,DEV-1907-A,,3545
1908,Sunita Patel,73,4,True,4575.9,2646.56,DEV-1908-A,+91 98765 63120,1583
1909,George Smith,37,8,False,727.67,329.99,DEV-1909-A,,1979
1910,Sunita Williams,56,9,False,667.49,282.1,DEV-1910-A,,68
1911,Priya Patel,40,6,False,2274.93,820.82,DEV-1911-A,,2077
1912,Martha Williams,67,3,True,2256.07,451.24,DEV-1912-A,+91 98765 53420,2347
1913,Meena Smith,65,5,False,986.06,202.3,DEV-1913-A,,204
1914,Lakshmi Rao,52,8,False,16527.55,3867.82,DEV-1914-A,,3585
1915,Suresh Gupta,53,9,False,507.22,180.31,DEV-1915-A,,220
1916,Rajesh Williams,33,7,False,1101.85,262.97,DEV-1916-A,,1178
1917,Sunita Verma,29,7,False,2252.49,929.71,DEV-1917-A,,3513
1918,Arthur Sharma,80,2,True,4071.29,1312.17,DEV-1918-A,+91 98765 37152,2434
1919,Ramesh Kumar,44,9,False,4507.43,1469.85,DEV-1919-A,,3391
1920,George Patel,26,6,False,2347.95,1012.9,DEV-1920-A,,1255
1921,Priya Johnson,63,9,False,3483.46,1912.92,DEV-1921-A,,1014
1922,George Williams,50,8,False,5719.04,1570.77,DEV-1922-A,,2244
1923,Arthur Singhania,19,6,False,450.12,201.13,DEV-1923-A,,3124
1924,Ramesh Kumar,78,3,True,1492.01,873.41,DEV-1924-A,+91 98765 20279,2081
1925,Eleanor Sharma,24,10,False,1081.65,450.56,DEV-1925-A,,430
1926,Martha Rao,23,9,False,11189.39,3284.04,DEV-1926-A,,3465
1927,Rajesh Nair,59,10,False,1780.1,535.68,DEV-1927-A,,2508
1928,George Kumar,37,8,False,2188.7,1146.81,DEV-1928-A,,1366
1929,Aarav Williams,55,6,False,5393.36,2461.46,DEV-1929-A,,1149
1930,Devi Deshmukh,48,8,False,865.93,365.93,DEV-1930-A,,964
1931,Eleanor Smith,41,6,False,1596.47,808.79,DEV-1931-A,,1567
1932,Martha Verma,64,9,False,706.36,253.14,DEV-1932-A,,2814
1933,George Patel,69,1,True,704.33,404.21,DEV-1933-A,+91 98765 91083,1239
1934,Lakshmi Taylor,34,7,False,826.29,485.63,DEV-1934-A,,331
1935,Rajesh Gupta,42,7,False,1217.45,489.87,DEV-1935-A,,661
1936,George Taylor,28,4,False,1044.4,376.28,DEV-1936-A,,3240
1937,Ramesh Taylor,25,7,False,3897.01,1383.09,DEV-1937-A,,1625
1938,Arthur Nair,60,10,False,969.29,217.68,DEV-1938-A,,466
1939,Rajesh Sharma,74,3,True,2720.82,1583.04,DEV-1939-A,+91 98765 50405,1851
1940,Eleanor Kumar,27,10,False,1171.66,506.97,DEV-1940-A,,1134
1941,Meena Verma,43,6,False,1353.88,482.92,DEV-1941-A,,387
1942,Priya Singhania,28,6,False,3106.19,694.0,DEV-1942-A,,1868
1943,Martha Patel,53,8,False,2217.19,955.15,DEV-1943-A,,137
1944,Rajesh Nair,40,7,False,5500.45,1274.52,DEV-1944-A,,2300
1945,Rajesh Johnson,54,7,False,3439.69,1095.65,DEV-1945-A,,2479
1946,Arthur Joshi,27,7,False,720.9,315.95,DEV-1946-A,,1607
1947,Aarav Gupta,23,9,False,2330.22,540.79,DEV-1947-A,,1724
1948,George Kumar,48,9,False,2557.55,1313.02,DEV-1948-A,,376
1949,Lakshmi Johnson,35,8,False,943.1,203.82,DEV-1949-A,,2164
1950,Priya Williams,44,10,False,2766.66,1589.1,DEV-1950-A,,1589
1951,Priya Verma,62,9,False,1691.37,981.36,DEV-1951-A,,1131
1952,Kavita Gupta,19,6,False,3552.57,898.34,DEV-1952-A,,2049
1953,Ramesh Patel,46,5,False,6145.27,1363.18,DEV-1953-A,,714
1954,Martha Gupta,56,7,False,3449.4,988.37,DEV-1954-A,,1754
1955,Kavita Deshmukh,46,7,False,4753.7,1622.16,DEV-1955-A,,3235
1956,Rajesh Nair,73,5,True,2143.85,970.27,DEV-1956-A,+91 98765 42990,1040
1957,Suresh Johnson,72,1,True,7312.87,4264.71,DEV-1957-A,+91 98765 90828,830
1958,Devi Patel,52,5,False,2708.8,1219.67,DEV-1958-A,,584
1959,Kavita Sharma,54,9,False,2816.86,1153.11,DEV-1959-A,,1650
1960,Arthur Joshi,32,6,False,2181.97,822.02,DEV-1960-A,,2570
1961,George Kumar,28,6,False,1166.15,413.61,DEV-1961-A,,3561
1962,Arthur Deshmukh,21,7,False,244.99,96.36,DEV-1962-A,,1401
1963,Martha Joshi,42,7,False,2103.36,846.14,DEV-1963-A,,3403
1964,Ramesh Gupta,22,7,False,1004.61,428.37,DEV-1964-A,,1343
1965,Vikram Deshmukh,80,4,True,1910.42,419.3,DEV-1965-A,+91 98765 51180,757
1966,George Nair,24,10,False,2913.52,635.83,DEV-1966-A,,1223
1967,Suresh Johnson,87,2,True,3486.92,805.04,DEV-1967-A,+91 98765 41775,1364
1968,George Gupta,28,5,False,1989.58,682.94,DEV-1968-A,,3374
1969,George Nair,91,3,True,2007.84,516.06,DEV-1969-A,+91 98765 24927,2339
1970,Vikram Johnson,42,6,False,1961.88,395.66,DEV-1970-A,,2264
1971,Priya Williams,61,5,False,7451.23,2949.63,DEV-1971-A,,3174
1972,Aarav Taylor,44,7,False,2713.34,1333.5,DEV-1972-A,,1920
1973,Vikram Deshmukh,38,5,False,1149.52,274.49,DEV-1973-A,,3297
1974,Kavita Joshi,29,8,False,4155.35,1740.14,DEV-1974-A,,2867
1975,Rajesh Joshi,48,6,False,632.86,324.64,DEV-1975-A,,3502
1976,Martha Williams,91,4,True,1368.36,728.31,DEV-1976-A,+91 98765 75444,600
1977,Kavita Rao,32,5,False,463.26,273.92,DEV-1977-A,,1064
1978,Ramesh Taylor,29,6,False,4282.62,2108.54,DEV-1978-A,,1763
1979,George Patel,45,9,False,2267.33,1182.79,DEV-1979-A,,1869
1980,Suresh Johnson,79,3,True,1348.85,345.3,DEV-1980-A,+91 98765 62534,2218
1981,Martha Smith,44,4,False,4373.23,1783.6,DEV-1981-A,,180
1982,Eleanor Taylor,91,3,True,931.95,334.01,DEV-1982-A,+91 98765 80373,2462
1983,Rajesh Patel,26,9,False,709.82,279.33,DEV-1983-A,,3179
1984,Lakshmi Williams,45,9,False,452.13,194.52,DEV-1984-A,,2752
1985,Eleanor Verma,28,10,False,609.98,261.14,DEV-1985-A,,2680
1986,Sunita Johnson,31,9,False,1097.42,467.01,DEV-1986-A,,2672
1987,George Kumar,34,8,False,7501.99,3889.76,DEV-1987-A,,1388
1988,Martha Patel,67,3,True,12748.94,3228.96,DEV-1988-A,+91 98765 11382,433
1989,Anish Rao,34,10,False,555.91,225.41,DEV-1989-A,,2121
1990,Lakshmi Deshmukh,36,7,False,1506.72,473.49,DEV-1990-A,,1562
1991,George Deshmukh,67,3,True,1355.49,781.56,DEV-1991-A,+91 98765 99070,2440
1992,Ramesh Nair,29,6,False,1720.77,774.82,DEV-1992-A,,130
1993,Suresh Patel,53,8,False,242.58,135.51,DEV-1993-A,,1240
1994,Martha Patel,30,8,False,2096.13,919.74,DEV-1994-A,,505
1995,Ramesh Nair,74,5,True,1272.84,719.43,DEV-1995-A,+91 98765 50880,1435
1996,Devi Kumar,54,6,False,961.01,268.56,DEV-1996-A,,877
1997,Suresh Nair,33,8,False,416.61,181.31,DEV-1997-A,,1980
1998,Meena Deshmukh,45,6,False,2121.78,498.86,DEV-1998-A,,2987
1999,Devi Nair,29,5,False,1949.44,610.79,DEV-1999-A,,305
2000,Kavita Sharma,43,9,False,4656.65,2418.95,DEV-2000-A,,3348
2001,Meena Sharma,85,3,True,4022.0,1712.71,DEV-2001-A,+91 98765 54967,2684
2002,Meena Williams,61,8,False,2119.98,1269.4,DEV-2002-A,,3307
2003,Priya Taylor,66,4,True,1351.36,296.88,DEV-2003-A,+91 98765 41970,2143
2004,Priya Smith,32,7,False,2593.37,747.57,DEV-2004-A,,685
2005,Arthur Smith,26,7,False,4539.11,2133.19,DEV-2005-A,,1776
2006,Devi Rao,33,8,False,3390.22,1101.95,DEV-2006-A,,3297
2007,George Williams,44,8,False,2100.71,675.07,DEV-2007-A,,785
2008,Priya Williams,72,4,True,4202.9,2463.97,DEV-2008-A,+91 98765 96154,1800
2009,George Sharma,43,8,False,937.13,460.81,DEV-2009-A,,3050
2010,Vikram Deshmukh,55,7,False,561.86,182.53,DEV-2010-A,,2455
2011,Martha Singhania,45,9,False,3331.85,975.87,DEV-2011-A,,48
2012,Vikram Rao,44,6,False,1085.05,557.02,DEV-2012-A,,1170
2013,Rajesh Johnson,83,5,True,1038.77,580.46,DEV-2013-A,+91 98765 23336,3304
2014,Priya Nair,77,1,True,716.53,161.2,DEV-2014-A,+91 98765 52727,837
2015,Devi Patel,49,7,False,1257.36,410.88,DEV-2015-A,,1104
2016,Suresh Smith,74,3,True,3209.36,1744.22,DEV-2016-A,+91 98765 93769,1313
2017,George Johnson,78,2,True,2536.57,1207.73,DEV-2017-A,+91 98765 61451,2434
2018,Meena Nair,86,2,True,4835.88,1935.47,DEV-2018-A,+91 98765 56135,3493
2019,Devi Johnson,59,5,False,1850.63,601.13,DEV-2019-A,,736
2020,Kavita Johnson,73,3,True,2374.46,1103.95,DEV-2020-A,+91 98765 87354,377
2021,Ramesh Nair,69,4,True,1285.61,324.84,DEV-2021-A,+91 98765 25448,1007
2022,Kavita Patel,65,8,False,4541.33,1366.6,DEV-2022-A,,779
2023,Eleanor Taylor,80,3,True,7671.08,4139.62,DEV-2023-A,+91 98765 28528,2122
2024,George Singhania,42,8,False,1383.94,580.65,DEV-2024-A,,2472
2025,Ramesh Johnson,30,7,False,7671.2,3388.56,DEV-2025-A,,1601
2026,Martha Verma,47,8,False,2446.13,1183.33,DEV-2026-A,,2023
2027,Priya Smith,24,8,False,3827.1,1832.45,DEV-2027-A,,713
2028,Suresh Gupta,41,8,False,2941.23,720.71,DEV-2028-A,,604
2029,Priya Nair,44,7,False,2100.3,950.49,DEV-2029-A,,3478
2030,Devi Johnson,35,8,False,1008.55,360.3,DEV-2030-A,,249
2031,Eleanor Sharma,26,7,False,1463.61,863.99,DEV-2031-A,,2014
2032,Ramesh Rao,41,5,False,663.39,270.81,DEV-2032-A,,3369
2033,George Smith,46,7,False,4180.9,1685.33,DEV-2033-A,,2100
2034,Suresh Singhania,26,7,False,1153.52,505.41,DEV-2034-A,,2834
2035,Suresh Singhania,44,9,False,1332.02,370.68,DEV-2035-A,,2938
2036,Devi Deshmukh,75,2,True,7799.46,2988.84,DEV-2036-A,+91 98765 31922,368
2037,Aarav Kumar,34,7,False,6774.96,2224.5,DEV-2037-A,,3147
2038,Lakshmi Gupta,56,7,False,1838.76,1044.92,DEV-2038-A,,163
2039,Anish Rao,40,5,False,1303.87,260.89,DEV-2039-A,,2232
2040,Kavita Verma,84,4,True,3113.99,831.83,DEV-2040-A,+91 98765 69942,2346
2041,Suresh Smith,25,7,False,1435.53,820.44,DEV-2041-A,,2122
2042,Meena Johnson,45,7,False,785.66,266.76,DEV-2042-A,,497
2043,Anish Kumar,42,9,False,3449.45,842.5,DEV-2043-A,,2254
2044,Eleanor Smith,20,7,False,1257.61,655.17,DEV-2044-A,,3399
2045,Sunita Kumar,40,10,False,1113.97,449.55,DEV-2045-A,,2974
2046,Devi Smith,79,3,True,6023.18,3587.02,DEV-2046-A,+91 98765 38644,1771
2047,Meena Taylor,49,7,False,492.51,293.96,DEV-2047-A,,3429
2048,Lakshmi Gupta,78,3,True,1152.68,389.87,DEV-2048-A,+91 98765 14224,1872
2049,Anish Nair,18,5,False,1195.46,630.66,DEV-2049-A,,3561
2050,Rajesh Deshmukh,39,5,False,961.14,282.02,DEV-2050-A,,3574
2051,Meena Kumar,22,7,False,626.01,198.16,DEV-2051-A,,3355
2052,Lakshmi Rao,44,8,False,1420.71,798.61,DEV-2052-A,,3350
2053,Eleanor Joshi,49,6,False,1408.68,818.95,DEV-2053-A,,2941
2054,Martha Verma,21,5,False,775.26,254.41,DEV-2054-A,,2553
2055,Ramesh Kumar,28,6,False,2277.66,1033.97,DEV-2055-A,,876
2056,Vikram Kumar,26,8,False,1243.57,519.63,DEV-2056-A,,273
2057,Eleanor Smith,23,7,False,2156.59,1167.96,DEV-2057-A,,1181
2058,Priya Nair,18,9,False,1910.1,1096.24,DEV-2058-A,,2913
2059,Kavita Gupta,83,2,True,886.51,279.77,DEV-2059-A,+91 98765 85069,1125
2060,Meena Verma,42,8,False,302.89,79.95,DEV-2060-A,,3102
2061,Martha Sharma,63,6,False,881.49,353.78,DEV-2061-A,,1165
2062,Ramesh Taylor,73,4,True,5117.5,1342.37,DEV-2062-A,+91 98765 27392,1052
2063,Ramesh Taylor,53,7,False,998.45,364.84,DEV-2063-A,,1349
2064,Lakshmi Kumar,20,7,False,2514.14,546.17,DEV-2064-A,,3485
2065,George Deshmukh,29,8,False,1624.06,416.54,DEV-2065-A,,612
2066,Anish Williams,70,5,True,1150.08,387.62,DEV-2066-A,+91 98765 64293,1566
2067,Devi Patel,58,6,False,1387.44,798.09,DEV-2067-A,,2625
2068,Rajesh Singhania,84,3,True,3602.75,1885.35,DEV-2068-A,+91 98765 77582,3101
2069,Anish Taylor,22,5,False,745.17,338.5,DEV-2069-A,,3623
2070,Eleanor Deshmukh,41,7,False,759.38,399.25,DEV-2070-A,,2029
2071,Arthur Johnson,42,7,False,1380.57,407.26,DEV-2071-A,,40
2072,Rajesh Taylor,37,9,False,6898.93,3300.67,DEV-2072-A,,1907
2073,Eleanor Joshi,41,6,False,2770.87,1074.03,DEV-2073-A,,289
2074,George Rao,73,3,True,3431.88,1625.16,DEV-2074-A,+91 98765 66314,3408
2075,Vikram Deshmukh,19,5,False,4526.25,1006.17,DEV-2075-A,,1129
2076,Arthur Joshi,57,6,False,597.78,138.82,DEV-2076-A,,1191
2077,Arthur Smith,27,6,False,1463.77,826.05,DEV-2077-A,,2397
2078,Ramesh Johnson,18,5,False,1743.46,563.26,DEV-2078-A,,3521
2079,Suresh Kumar,85,4,True,947.94,396.87,DEV-2079-A,+91 98765 55054,2825
2080,Sunita Sharma,81,5,True,12473.65,3469.96,DEV-2080-A,+91 98765 23051,2594
2081,Devi Sharma,28,7,False,2911.9,1015.77,DEV-2081-A,,538
2082,Priya Deshmukh,70,3,True,1621.75,803.04,DEV-2082-A,+91 98765 69836,32
2083,Martha Rao,56,7,False,475.38,138.24,DEV-2083-A,,2850
2084,Ramesh Williams,68,3,True,3393.53,1143.12,DEV-2084-A,+91 98765 49566,681
2085,Anish Patel,88,2,True,177.7,60.54,DEV-2085-A,+91 98765 95798,1506
2086,Anish Patel,83,5,True,2485.98,1304.45,DEV-2086-A,+91 98765 58738,2751
2087,Priya Sharma,40,9,False,1517.43,523.97,DEV-2087-A,,1653
2088,Kavita Taylor,73,3,True,2855.86,1418.37,DEV-2088-A,+91 98765 40689,1788
2089,Rajesh Taylor,74,3,True,4337.09,956.35,DEV-2089-A,+91 98765 22475,34
2090,Vikram Deshmukh,43,6,False,8535.51,4264.21,DEV-2090-A,,349
2091,Ramesh Johnson,41,5,False,2671.31,1334.98,DEV-2091-A,,956
2092,Devi Sharma,53,6,False,858.74,428.89,DEV-2092-A,,63
2093,Arthur Joshi,49,6,False,227.98,127.48,DEV-2093-A,,523
2094,Martha Taylor,51,5,False,3562.96,1349.26,DEV-2094-A,,571
2095,Suresh Patel,25,8,False,699.26,374.55,DEV-2095-A,,967
2096,George Patel,53,8,False,1015.87,447.08,DEV-2096-A,,3023
2097,Meena Patel,67,1,True,3609.75,1658.27,DEV-2097-A,+91 98765 51071,1535
2098,Kavita Verma,22,9,False,1164.81,511.26,DEV-2098-A,,1597
2099,Ramesh Williams,43,9,False,1686.14,566.55,DEV-2099-A,,2803
2100,Ramesh Patel,80,3,True,1610.93,868.32,DEV-2100-A,+91 98765 79534,2337
2101,Aarav Johnson,29,5,False,1478.43,713.55,DEV-2101-A,,2692
2102,Priya Deshmukh,52,5,False,2742.0,780.64,DEV-2102-A,,1468
2103,Vikram Williams,20,8,False,402.87,218.83,DEV-2103-A,,3094
2104,Ramesh Singhania,61,8,False,1690.63,824.52,DEV-2104-A,,2553
2105,Devi Joshi,85,1,True,2110.45,466.69,DEV-2105-A,+91 98765 38474,385
2106,Meena Verma,66,3,True,1028.79,424.88,DEV-2106-A,+91 98765 26142,2444
2107,George Nair,54,5,False,2385.85,839.57,DEV-2107-A,,1788
2108,Arthur Kumar,57,7,False,1996.71,871.94,DEV-2108-A,,602
2109,Lakshmi Gupta,30,9,False,6041.68,2664.31,DEV-2109-A,,2670
2110,Rajesh Rao,49,4,False,2404.2,980.25,DEV-2110-A,,2296
2111,Kavita Kumar,30,6,False,2712.16,634.61,DEV-2111-A,,2858
2112,Aarav Joshi,46,6,False,8484.26,2636.07,DEV-2112-A,,3499
2113,Kavita Rao,54,8,False,1547.29,880.5,DEV-2113-A,,2150
2114,Vikram Taylor,50,9,False,909.55,195.27,DEV-2114-A,,1634
2115,Kavita Williams,48,8,False,1501.4,307.49,DEV-2115-A,,253
2116,Lakshmi Deshmukh,53,7,False,7070.74,1655.69,DEV-2116-A,,1610
2117,Meena Rao,89,6,True,2444.69,720.31,DEV-2117-A,+91 98765 75481,2643
2118,Rajesh Smith,49,6,False,1633.71,396.12,DEV-2118-A,,79
2119,Eleanor Nair,77,2,True,1109.96,446.16,DEV-2119-A,+91 98765 27299,1614
2120,Martha Nair,70,3,True,1054.32,261.14,DEV-2120-A,+91 98765 81612,2827
2121,Priya Kumar,20,9,False,1525.29,465.16,DEV-2121-A,,1959
2122,Rajesh Sharma,45,7,False,1162.53,501.1,DEV-2122-A,,2435
2123,Rajesh Sharma,54,5,False,736.77,178.78,DEV-2123-A,,1103
2124,Vikram Sharma,41,7,False,1392.28,816.59,DEV-2124-A,,277
2125,George Smith,89,3,True,4076.01,1957.9,DEV-2125-A,+91 98765 47550,2604
2126,Martha Singhania,36,6,False,10084.82,3961.39,DEV-2126-A,,2904
2127,George Patel,69,2,True,717.74,409.01,DEV-2127-A,+91 98765 93956,2227
2128,Ramesh Gupta,21,8,False,1764.6,783.74,DEV-2128-A,,372
2129,Kavita Patel,53,6,False,675.79,365.48,DEV-2129-A,,2124
2130,Vikram Kumar,54,6,False,1858.82,383.68,DEV-2130-A,,666
2131,Arthur Singhania,88,5,True,489.65,113.54,DEV-2131-A,+91 98765 86865,2628
2132,Rajesh Gupta,63,7,False,3190.16,798.96,DEV-2132-A,,2891
2133,Martha Taylor,55,6,False,5660.54,3124.25,DEV-2133-A,,3497
2134,Lakshmi Sharma,59,7,False,3454.02,872.19,DEV-2134-A,,1031
2135,Rajesh Singhania,38,8,False,4455.52,1427.49,DEV-2135-A,,505
2136,Devi Johnson,29,7,False,6606.83,1918.07,DEV-2136-A,,2523
2137,Sunita Gupta,57,7,False,1485.19,575.4,DEV-2137-A,,2758
2138,Priya Patel,27,7,False,1353.83,687.24,DEV-2138-A,,81
2139,Ramesh Taylor,45,6,False,1881.33,402.18,DEV-2139-A,,76
2140,Priya Deshmukh,46,7,False,1905.08,447.09,DEV-2140-A,,1450
2141,Anish Verma,52,7,False,3321.78,1766.61,DEV-2141-A,,1553
2142,Ramesh Taylor,26,7,False,2524.8,871.97,DEV-2142-A,,3229
2143,Anish Taylor,86,2,True,682.0,327.58,DEV-2143-A,+91 98765 25473,3189
2144,Aarav Nair,70,4,True,3459.79,780.24,DEV-2144-A,+91 98765 66272,1144
2145,Rajesh Gupta,43,6,False,756.36,448.66,DEV-2145-A,,2947
2146,Rajesh Deshmukh,59,9,False,1218.63,455.54,DEV-2146-A,,1894
2147,Eleanor Sharma,80,2,True,753.33,378.53,DEV-2147-A,+91 98765 75484,3549
2148,Priya Nair,43,5,False,9832.0,4885.99,DEV-2148-A,,674
2149,Anish Kumar,32,7,False,1399.06,545.25,DEV-2149-A,,451
2150,Meena Rao,28,5,False,470.94,105.0,DEV-2150-A,,3064
2151,Aarav Sharma,55,10,False,4023.94,1479.74,DEV-2151-A,,3547
2152,Aarav Rao,64,7,False,222.17,45.09,DEV-2152-A,,218
2153,Suresh Nair,63,7,False,1956.28,679.42,DEV-2153-A,,1598
2154,Ramesh Verma,90,3,True,206.32,116.36,DEV-2154-A,+91 98765 14635,2294
2155,Martha Rao,66,5,True,2428.41,1325.3,DEV-2155-A,+91 98765 52179,1046
2156,Martha Taylor,47,3,True,1197.56,702.59,DEV-2156-A,+91 98765 51934,1141
2157,Rajesh Johnson,64,6,False,1758.79,738.49,DEV-2157-A,,1557
2158,Meena Smith,44,7,False,2333.3,1238.02,DEV-2158-A,,2787
2159,Sunita Verma,54,4,False,1978.03,767.01,DEV-2159-A,,944
2160,Sunita Singhania,79,2,True,1115.31,280.64,DEV-2160-A,+91 98765 19034,3622
2161,Devi Joshi,37,7,False,6042.65,1758.37,DEV-2161-A,,1186
2162,Kavita Nair,28,8,False,1572.06,530.12,DEV-2162-A,,383
2163,Devi Sharma,90,1,True,1721.67,958.03,DEV-2163-A,+91 98765 58354,851
2164,Kavita Johnson,47,6,False,3967.36,1085.95,DEV-2164-A,,3243
2165,Kavita Taylor,20,7,False,745.2,329.65,DEV-2165-A,,2580
2166,Lakshmi Deshmukh,45,7,False,3824.58,1584.21,DEV-2166-A,,1538
2167,Suresh Kumar,48,8,False,1473.87,821.79,DEV-2167-A,,3208
2168,Vikram Taylor,39,8,False,2092.31,1223.63,DEV-2168-A,,2268
2169,Lakshmi Verma,50,4,False,1343.43,783.96,DEV-2169-A,,56
2170,Martha Sharma,27,5,False,2932.69,913.84,DEV-2170-A,,984
2171,Eleanor Williams,44,6,False,2037.51,533.44,DEV-2171-A,,3468
2172,Aarav Nair,46,4,False,1918.21,626.45,DEV-2172-A,,35
2173,George Joshi,23,7,False,2550.52,1092.49,DEV-2173-A,,3053
2174,Kavita Patel,83,3,True,1844.22,558.9,DEV-2174-A,+91 98765 36895,2200
2175,Lakshmi Singhania,47,9,False,3724.74,2228.02,DEV-2175-A,,2045
2176,Sunita Verma,36,10,False,11208.18,4060.25,DEV-2176-A,,2944
2177,Anish Patel,28,10,False,1750.33,509.18,DEV-2177-A,,209
2178,Lakshmi Joshi,53,7,False,8480.73,5055.48,DEV-2178-A,,2158
2179,Martha Taylor,57,9,False,1109.89,297.66,DEV-2179-A,,1555
2180,Devi Taylor,42,6,False,392.22,201.1,DEV-2180-A,,377
2181,Meena Smith,49,8,False,5393.72,1816.75,DEV-2181-A,,576
2182,George Patel,74,2,True,1015.41,407.99,DEV-2182-A,+91 98765 87580,2355
2183,Sunita Singhania,34,3,True,2901.93,1702.82,DEV-2183-A,+91 98765 96827,565
2184,Lakshmi Gupta,54,9,False,2119.71,918.35,DEV-2184-A,,1099
2185,Arthur Kumar,66,2,True,1494.92,572.79,DEV-2185-A,+91 98765 61505,2900
2186,Arthur Nair,43,6,False,2799.0,1642.16,DEV-2186-A,,1884
2187,Anish Rao,88,2,True,667.13,372.41,DEV-2187-A,+91 98765 19789,860
2188,Ramesh Kumar,88,1,True,1122.0,460.51,DEV-2188-A,+91 98765 86638,476
2189,Ramesh Patel,63,8,False,880.03,194.19,DEV-2189-A,,703
2190,Devi Deshmukh,21,5,False,680.71,222.08,DEV-2190-A,,1316
2191,Martha Patel,49,5,False,1131.06,366.22,DEV-2191-A,,2225
2192,Eleanor Kumar,89,1,True,330.65,142.38,DEV-2192-A,+91 98765 37215,1881
2193,Kavita Deshmukh,90,4,True,743.72,361.74,DEV-2193-A,+91 98765 44735,3521
2194,Meena Patel,57,7,False,1109.93,250.44,DEV-2194-A,,675
2195,Kavita Joshi,56,6,False,3123.18,1676.05,DEV-2195-A,,2916
2196,Sunita Rao,19,7,False,4741.35,1360.93,DEV-2196-A,,3453
2197,Arthur Verma,26,6,False,737.93,330.66,DEV-2197-A,,403
2198,Lakshmi Nair,53,6,False,1049.01,309.98,DEV-2198-A,,1653
2199,Sunita Williams,31,9,False,1017.61,292.03,DEV-2199-A,,1254
2200,Anish Joshi,41,7,False,1713.37,996.95,DEV-2200-A,,742
2201,Aarav Singhania,73,2,True,885.13,356.15,DEV-2201-A,+91 98765 69270,2307
2202,Lakshmi Patel,71,3,True,1967.51,676.57,DEV-2202-A,+91 98765 70560,447
2203,Ramesh Patel,63,6,False,1579.44,759.12,DEV-2203-A,,78
2204,Sunita Joshi,18,4,False,868.78,414.71,DEV-2204-A,,3228
2205,Lakshmi Verma,70,4,True,1128.59,358.4,DEV-2205-A,+91 98765 35969,3403
2206,George Nair,46,8,False,4347.35,2586.44,DEV-2206-A,,2841
2207,Rajesh Johnson,32,9,False,6524.2,3692.95,DEV-2207-A,,2430
2208,Anish Joshi,28,8,False,6282.39,1946.7,DEV-2208-A,,337
2209,Aarav Patel,48,8,False,427.04,237.26,DEV-2209-A,,839
2210,Devi Kumar,54,7,False,11187.97,2466.57,DEV-2210-A,,557
2211,Rajesh Joshi,33,4,False,1692.08,461.44,DEV-2211-A,,3427
2212,Arthur Patel,50,5,False,919.56,354.58,DEV-2212-A,,204
2213,Devi Sharma,26,6,False,2331.64,1189.95,DEV-2213-A,,718
2214,Martha Joshi,74,3,True,2270.1,1038.71,DEV-2214-A,+91 98765 61773,2062
2215,Aarav Singhania,76,5,True,3966.91,1520.7,DEV-2215-A,+91 98765 99550,1777
2216,Priya Nair,52,7,False,1395.29,324.51,DEV-2216-A,,909
2217,Priya Gupta,46,8,False,425.52,107.81,DEV-2217-A,,1176
2218,Devi Verma,63,6,False,2567.79,620.7,DEV-2218-A,,171
2219,Lakshmi Williams,27,7,False,4201.25,1625.48,DEV-2219-A,,1238
2220,Suresh Singhania,24,8,False,2413.81,1282.4,DEV-2220-A,,3645
2221,Suresh Sharma,58,6,False,1103.82,390.78,DEV-2221-A,,389
2222,Anish Singhania,86,4,True,2430.42,1176.66,DEV-2222-A,+91 98765 27987,1747
2223,Vikram Williams,25,6,False,3856.61,1757.24,DEV-2223-A,,3295
2224,Lakshmi Williams,40,7,False,1585.02,332.63,DEV-2224-A,,3315
2225,Aarav Singhania,64,8,False,2721.83,1605.27,DEV-2225-A,,3232
2226,Eleanor Deshmukh,89,5,True,5202.27,1307.54,DEV-2226-A,+91 98765 81371,3230
2227,Suresh Nair,60,6,False,1707.32,588.88,DEV-2227-A,,2346
2228,Arthur Singhania,76,3,True,7932.16,1761.26,DEV-2228-A,+91 98765 45446,766
2229,Aarav Nair,45,8,False,1728.64,789.01,DEV-2229-A,,2475
2230,Lakshmi Sharma,38,6,False,1872.2,1102.78,DEV-2230-A,,3350
2231,Anish Sharma,41,4,False,1382.88,654.11,DEV-2231-A,,3342
2232,Suresh Smith,61,6,False,3776.22,1232.06,DEV-2232-A,,1494
2233,Lakshmi Verma,26,7,False,1972.47,866.06,DEV-2233-A,,440
2234,Lakshmi Williams,80,3,True,3920.01,1504.19,DEV-2234-A,+91 98765 41608,1121
2235,Sunita Kumar,22,8,False,2761.27,822.48,DEV-2235-A,,928
2236,George Nair,45,7,False,511.35,141.64,DEV-2236-A,,3467
2237,Priya Verma,24,7,False,4643.2,1564.56,DEV-2237-A,,998
2238,Arthur Kumar,53,7,False,1400.61,606.43,DEV-2238-A,,3053
2239,Eleanor Johnson,30,6,False,1226.07,273.17,DEV-2239-A,,145
2240,Eleanor Johnson,55,7,False,1124.78,593.66,DEV-2240-A,,2338
2241,Ramesh Johnson,39,9,False,460.85,142.72,DEV-2241-A,,801
2242,Suresh Smith,19,8,False,5535.14,2392.85,DEV-2242-A,,1295
2243,Priya Deshmukh,68,2,True,2992.86,1020.54,DEV-2243-A,+91 98765 14975,399
2244,Sunita Rao,26,8,False,949.74,516.13,DEV-2244-A,,2494
2245,Lakshmi Sharma,88,2,True,2624.43,635.79,DEV-2245-A,+91 98765 79002,1987
2246,Aarav Nair,74,5,True,4888.24,2505.64,DEV-2246-A,+91 98765 90495,855
2247,Ramesh Nair,64,8,False,2591.31,814.85,DEV-2247-A,,2966
2248,Priya Kumar,59,7,False,1694.67,361.59,DEV-2248-A,,3488
2249,Arthur Sharma,55,8,False,939.79,254.08,DEV-2249-A,,119
2250,Ramesh Johnson,33,8,False,1791.16,509.92,DEV-2250-A,,2916
2251,Ramesh Kumar,27,7,False,6619.27,3737.99,DEV-2251-A,,484
2252,Eleanor Patel,27,5,False,3103.88,815.4,DEV-2252-A,,1560
2253,George Johnson,63,9,False,2783.39,901.22,DEV-2253-A,,443
2254,Arthur Gupta,46,7,False,1744.47,552.82,DEV-2254-A,,1351
2255,Ramesh Verma,37,8,False,378.21,113.81,DEV-2255-A,,3029
2256,Martha Kumar,84,4,True,1428.75,344.89,DEV-2256-A,+91 98765 93789,2025
2257,Arthur Verma,60,7,False,2673.83,1546.24,DEV-2257-A,,2926
2258,Eleanor Rao,62,6,False,1127.16,362.38,DEV-2258-A,,2756
2259,Priya Singhania,24,9,False,1361.93,349.41,DEV-2259-A,,1286
2260,Kavita Verma,26,5,False,2788.66,666.61,DEV-2260-A,,757
2261,Aarav Taylor,28,9,False,659.2,273.51,DEV-2261-A,,2376
2262,George Joshi,62,9,False,5846.84,1791.71,DEV-2262-A,,3187
2263,Sunita Verma,20,8,False,1655.03,708.02,DEV-2263-A,,2497
2264,Arthur Kumar,76,4,True,4721.59,2795.1,DEV-2264-A,+91 98765 90134,934
2265,Meena Deshmukh,90,2,True,3413.32,1772.95,DEV-2265-A,+91 98765 28434,1386
2266,Rajesh Rao,24,7,False,1938.32,684.49,DEV-2266-A,,1450
2267,Arthur Verma,58,4,False,385.05,124.81,DEV-2267-A,,2635
2268,Rajesh Joshi,70,3,True,1649.5,816.46,DEV-2268-A,+91 98765 97821,2647
2269,Arthur Deshmukh,34,7,False,1494.9,844.44,DEV-2269-A,,76
2270,Anish Rao,58,6,False,3634.89,1772.94,DEV-2270-A,,1052
2271,Rajesh Nair,19,9,False,577.73,149.31,DEV-2271-A,,1081
2272,Meena Taylor,75,4,True,683.12,247.34,DEV-2272-A,+91 98765 10167,227
2273,George Deshmukh,56,7,False,2559.17,1350.91,DEV-2273-A,,3030
2274,Martha Verma,91,2,True,920.83,428.32,DEV-2274-A,+91 98765 64266,2049
2275,George Nair,88,3,True,3593.75,1861.72,DEV-2275-A,+91 98765 81568,1567
2276,Meena Joshi,26,6,False,916.48,220.01,DEV-2276-A,,1993
2277,Lakshmi Verma,35,6,False,4592.88,1080.97,DEV-2277-A,,1878
2278,Rajesh Kumar,40,7,False,1965.26,720.2,DEV-2278-A,,3494
2279,Sunita Gupta,28,6,False,1575.43,350.77,DEV-2279-A,,112
2280,Arthur Gupta,25,8,False,2016.94,804.15,DEV-2280-A,,458
2281,Rajesh Nair,77,5,True,1250.6,616.23,DEV-2281-A,+91 98765 32296,1567
2282,Priya Taylor,29,9,False,600.02,136.97,DEV-2282-A,,337
2283,Rajesh Nair,41,7,False,1822.59,710.47,DEV-2283-A,,2463
2284,Suresh Taylor,75,5,True,1405.18,615.7,DEV-2284-A,+91 98765 14062,1796
2285,Priya Johnson,81,5,True,554.68,250.72,DEV-2285-A,+91 98765 66911,673
2286,Sunita Patel,44,6,False,1058.02,523.1,DEV-2286-A,,1386
2287,Vikram Rao,38,5,False,1840.81,1074.85,DEV-2287-A,,1706
2288,Anish Williams,78,3,True,4143.15,2092.06,DEV-2288-A,+91 98765 46899,1248
2289,Lakshmi Patel,27,5,False,11149.53,4540.16,DEV-2289-A,,233
2290,George Johnson,18,9,False,1130.78,426.39,DEV-2290-A,,2281
2291,Suresh Verma,67,4,True,1143.51,497.85,DEV-2291-A,+91 98765 17144,1507
2292,Aarav Singhania,31,8,False,630.99,335.67,DEV-2292-A,,388
2293,Kavita Joshi,44,8,False,1317.94,616.41,DEV-2293-A,,2741
2294,Suresh Rao,46,5,False,1724.41,777.23,DEV-2294-A,,427
2295,Aarav Rao,41,7,False,2085.03,822.24,DEV-2295-A,,729
2296,Kavita Patel,54,10,False,1322.68,574.7,DEV-2296-A,,1969
2297,Meena Gupta,49,7,False,602.15,179.64,DEV-2297-A,,3244
2298,George Deshmukh,84,3,True,1624.77,671.39,DEV-2298-A,+91 98765 74106,2737
2299,Anish Patel,58,5,False,1997.47,699.77,DEV-2299-A,,2659
2300,George Verma,24,6,False,9756.56,4987.49,DEV-2300-A,,1549
2301,George Nair,32,7,False,715.71,408.41,DEV-2301-A,,794
2302,Devi Sharma,65,8,False,221.9,51.85,DEV-2302-A,,1108
2303,Devi Deshmukh,90,2,True,3889.53,1689.31,DEV-2303-A,+91 98765 44524,956
2304,Anish Johnson,25,5,False,3246.33,1581.04,DEV-2304-A,,282
2305,Ramesh Kumar,71,4,True,6317.76,3518.91,DEV-2305-A,+91 98765 97486,426
2306,Rajesh Williams,23,5,False,962.05,572.62,DEV-2306-A,,1438
2307,Martha Kumar,43,8,False,4465.68,1271.97,DEV-2307-A,,2445
2308,Lakshmi Smith,33,6,False,500.66,147.06,DEV-2308-A,,279
2309,George Joshi,19,5,False,666.58,135.21,DEV-2309-A,,2170
2310,Martha Smith,62,7,False,2245.47,592.5,DEV-2310-A,,2844
2311,Suresh Johnson,72,2,True,1996.06,896.27,DEV-2311-A,+91 98765 40886,1980
2312,Kavita Patel,37,9,False,1096.12,574.78,DEV-2312-A,,1647
2313,Sunita Smith,43,7,False,2894.58,1472.57,DEV-2313-A,,2369
2314,Ramesh Patel,49,8,False,2802.1,785.61,DEV-2314-A,,3131
2315,Devi Verma,74,2,True,3345.58,1943.46,DEV-2315-A,+91 98765 31910,897
2316,Vikram Verma,21,7,False,704.8,303.29,DEV-2316-A,,204
2317,Martha Patel,59,7,False,1452.73,832.28,DEV-2317-A,,2828
2318,Martha Rao,61,4,False,9797.47,3914.94,DEV-2318-A,,3399
2319,Ramesh Joshi,22,7,False,8932.76,4520.51,DEV-2319-A,,2467
2320,Anish Nair,49,8,False,837.56,225.27,DEV-2320-A,,3008
2321,Rajesh Patel,80,2,True,2407.1,1408.0,DEV-2321-A,+91 98765 60868,2308
2322,George Smith,51,7,False,1073.97,323.57,DEV-2322-A,,1365
2323,Anish Smith,74,1,True,2004.04,1004.81,DEV-2323-A,+91 98765 70051,3607
2324,Aarav Kumar,26,10,False,9156.25,2158.95,DEV-2324-A,,2898
2325,Martha Patel,45,8,False,1344.56,338.24,DEV-2325-A,,1727
2326,Ramesh Verma,66,3,True,944.28,323.35,DEV-2326-A,+91 98765 84264,2438
2327,Meena Patel,72,4,True,657.33,193.43,DEV-2327-A,+91 98765 83752,3223
2328,Meena Kumar,65,7,False,4099.26,1028.28,DEV-2328-A,,1201
2329,Eleanor Singhania,45,8,False,922.62,464.58,DEV-2329-A,,1111
2330,George Williams,24,9,False,1846.86,1060.96,DEV-2330-A,,2018
2331,Suresh Sharma,51,7,False,3006.18,1075.24,DEV-2331-A,,735
2332,Anish Singhania,78,1,True,939.79,372.27,DEV-2332-A,+91 98765 28855,2562
2333,George Sharma,77,3,True,4598.24,1532.69,DEV-2333-A,+91 98765 61877,3630
2334,Arthur Taylor,49,5,False,2527.33,1308.1,DEV-2334-A,,1003
2335,Sunita Taylor,49,6,False,1411.49,417.15,DEV-2335-A,,1976
2336,Anish Nair,87,2,True,1192.16,458.11,DEV-2336-A,+91 98765 12651,1413
2337,Kavita Gupta,37,7,False,1621.22,677.09,DEV-2337-A,,1178
2338,Suresh Joshi,53,6,False,352.43,206.6,DEV-2338-A,,2881
2339,Meena Joshi,42,6,False,945.03,362.05,DEV-2339-A,,963
2340,Ramesh Gupta,70,4,True,858.99,179.06,DEV-2340-A,+91 98765 68079,3200
2341,Arthur Gupta,45,6,False,4556.18,1938.63,DEV-2341-A,,3015
2342,Martha Johnson,31,6,False,2519.61,1385.18,DEV-2342-A,,2674
2343,Rajesh Rao,40,6,False,4564.4,2566.86,DEV-2343-A,,1839
2344,Vikram Joshi,26,7,False,624.65,145.4,DEV-2344-A,,1697
2345,Suresh Kumar,30,8,False,1542.13,644.5,DEV-2345-A,,2145
2346,Eleanor Joshi,35,9,False,5042.76,3003.72,DEV-2346-A,,260
2347,Priya Patel,35,6,False,2030.94,498.51,DEV-2347-A,,1304
2348,George Verma,18,7,False,5954.14,1905.48,DEV-2348-A,,3226
2349,Aarav Verma,27,6,False,567.18,285.02,DEV-2349-A,,819
2350,Vikram Joshi,52,7,False,892.91,511.88,DEV-2350-A,,266
2351,Lakshmi Sharma,59,7,False,5557.08,1915.34,DEV-2351-A,,1899
2352,Sunita Nair,25,7,False,2475.93,661.69,DEV-2352-A,,2916
2353,Vikram Gupta,51,10,False,1497.01,865.98,DEV-2353-A,,1538
2354,Devi Smith,55,6,False,1892.29,426.07,DEV-2354-A,,1655
2355,Meena Williams,30,6,False,2521.07,1347.34,DEV-2355-A,,155
2356,Lakshmi Nair,28,5,False,931.57,325.05,DEV-2356-A,,2032
2357,Devi Verma,34,3,True,1414.2,840.92,DEV-2357-A,+91 98765 72204,2433
2358,Eleanor Nair,21,6,False,2040.05,1090.56,DEV-2358-A,,699
2359,Anish Taylor,51,10,False,4491.9,1205.29,DEV-2359-A,,3433
2360,Rajesh Gupta,30,8,False,470.28,133.58,DEV-2360-A,,142
2361,George Sharma,25,8,False,2954.52,942.15,DEV-2361-A,,697
2362,Vikram Joshi,26,8,False,954.19,436.18,DEV-2362-A,,936
2363,Lakshmi Williams,72,3,True,2471.93,648.49,DEV-2363-A,+91 98765 37096,1132
2364,Martha Smith,33,6,False,2697.21,617.69,DEV-2364-A,,112
2365,Aarav Deshmukh,64,8,False,1573.16,723.81,DEV-2365-A,,571
2366,Priya Johnson,23,5,False,468.82,103.37,DEV-2366-A,,3310
2367,Aarav Rao,50,7,False,834.32,283.91,DEV-2367-A,,1063
2368,Kavita Taylor,71,2,True,2446.24,847.92,DEV-2368-A,+91 98765 94245,1157
2369,Martha Singhania,42,8,False,1266.54,611.6,DEV-2369-A,,3518
2370,Eleanor Deshmukh,30,6,False,1451.55,655.06,DEV-2370-A,,1062
2371,Vikram Deshmukh,25,9,False,407.96,230.31,DEV-2371-A,,1267
2372,George Johnson,53,6,False,731.55,393.03,DEV-2372-A,,449
2373,Aarav Smith,59,8,False,2422.92,1350.99,DEV-2373-A,,2743
2374,Eleanor Smith,84,3,True,880.76,437.04,DEV-2374-A,+91 98765 94848,2462
2375,Kavita Gupta,69,2,True,2420.15,1255.98,DEV-2375-A,+91 98765 99707,472
2376,Suresh Patel,66,3,True,910.46,245.45,DEV-2376-A,+91 98765 54077,1162
2377,Arthur Joshi,39,7,False,1483.99,623.2,DEV-2377-A,,1164
2378,Anish Williams,58,8,False,2636.17,754.43,DEV-2378-A,,2942
2379,Kavita Rao,25,7,False,2101.88,1239.91,DEV-2379-A,,644
2380,Lakshmi Sharma,77,3,True,1809.07,432.28,DEV-2380-A,+91 98765 88647,1685
2381,Arthur Williams,37,5,False,5047.78,2884.04,DEV-2381-A,,603
2382,Aarav Williams,22,10,False,4719.55,2176.14,DEV-2382-A,,2067
2383,Kavita Gupta,34,9,False,1309.3,363.96,DEV-2383-A,,1744
2384,George Singhania,76,5,True,2421.87,1175.68,DEV-2384-A,+91 98765 14629,2418
2385,Vikram Nair,31,9,False,2118.59,789.91,DEV-2385-A,,3005
2386,Lakshmi Williams,88,2,True,1601.37,569.73,DEV-2386-A,+91 98765 80075,2644
2387,Suresh Williams,87,4,True,1321.15,729.94,DEV-2387-A,+91 98765 56988,2107
2388,Kavita Joshi,40,7,False,1300.65,422.2,DEV-2388-A,,726
2389,Priya Gupta,72,2,True,188.0,96.1,DEV-2389-A,+91 98765 22793,1958
2390,Ramesh Taylor,42,4,False,844.26,292.9,DEV-2390-A,,1089
2391,Priya Williams,51,6,False,4503.86,1845.24,DEV-2391-A,,1404
2392,Rajesh Rao,61,6,False,838.74,480.9,DEV-2392-A,,1485
2393,Lakshmi Taylor,66,5,True,3930.98,832.27,DEV-2393-A,+91 98765 50250,1752
2394,Arthur Nair,57,10,False,2984.76,1026.07,DEV-2394-A,,1097
2395,Kavita Deshmukh,23,6,False,264.11,58.39,DEV-2395-A,,3516
2396,Meena Deshmukh,20,7,False,7524.83,3036.14,DEV-2396-A,,249
2397,Rajesh Deshmukh,33,6,False,2744.08,757.29,DEV-2397-A,,826
2398,Meena Joshi,47,6,False,930.53,426.27,DEV-2398-A,,2818
2399,George Smith,60,7,False,4828.27,1106.8,DEV-2399-A,,1252
2400,Martha Sharma,35,7,False,2270.74,1098.8,DEV-2400-A,,3596
2401,Ramesh Verma,18,6,False,1839.95,786.93,DEV-2401-A,,850
2402,Arthur Singhania,84,3,True,2684.75,1029.02,DEV-2402-A,+91 98765 84632,1904
2403,Ramesh Nair,86,2,True,2103.51,812.57,DEV-2403-A,+91 98765 33639,3220
2404,Rajesh Deshmukh,33,3,True,473.13,204.8,DEV-2404-A,+91 98765 53598,2614
2405,Priya Nair,41,7,False,658.76,350.51,DEV-2405-A,,2628
2406,Sunita Sharma,61,8,False,1554.69,878.22,DEV-2406-A,,1881
2407,Anish Rao,31,7,False,3718.95,1532.29,DEV-2407-A,,3147
2408,Priya Johnson,19,7,False,497.34,224.5,DEV-2408-A,,3161
2409,Priya Deshmukh,54,6,False,3905.51,1663.67,DEV-2409-A,,3246
2410,Rajesh Verma,23,9,False,1192.31,569.16,DEV-2410-A,,2546
2411,Martha Williams,91,3,True,427.86,141.97,DEV-2411-A,+91 98765 66283,1682
2412,Martha Deshmukh,46,8,False,3516.81,1944.71,DEV-2412-A,,1600
2413,Aarav Sharma,31,7,False,3269.64,1065.36,DEV-2413-A,,2216
2414,Vikram Taylor,51,8,False,1323.94,474.53,DEV-2414-A,,1558
2415,Aarav Nair,30,4,False,665.2,376.61,DEV-2415-A,,3130
2416,Vikram Sharma,70,3,True,1812.69,699.9,DEV-2416-A,+91 98765 98702,46
2417,Lakshmi Rao,21,6,False,492.44,129.39,DEV-2417-A,,2870
2418,Eleanor Gupta,87,2,True,3683.55,1607.21,DEV-2418-A,+91 98765 26899,450
2419,George Smith,66,5,True,1935.87,822.47,DEV-2419-A,+91 98765 87158,1283
2420,Priya Patel,53,4,False,2158.56,449.88,DEV-2420-A,,3404
2421,Sunita Gupta,66,3,True,1287.83,535.32,DEV-2421-A,+91 98765 48119,1897
2422,Arthur Singhania,89,2,True,1769.97,744.58,DEV-2422-A,+91 98765 27536,1433
2423,Suresh Nair,77,4,True,1448.61,400.54,DEV-2423-A,+91 98765 34697,705
2424,George Sharma,57,6,False,1665.47,564.45,DEV-2424-A,,965
2425,Lakshmi Taylor,35,7,False,2005.93,616.26,DEV-2425-A,,567
2426,Vikram Taylor,74,3,True,1056.28,241.06,DEV-2426-A,+91 98765 12872,2445
2427,Priya Patel,85,4,True,4687.23,2482.16,DEV-2427-A,+91 98765 58049,2942
2428,Sunita Singhania,59,7,False,3444.3,850.14,DEV-2428-A,,3620
2429,Anish Kumar,52,7,False,815.47,320.48,DEV-2429-A,,2220
2430,Sunita Johnson,58,8,False,1790.18,632.73,DEV-2430-A,,226
2431,Meena Williams,45,8,False,6244.6,1995.59,DEV-2431-A,,3454
2432,Aarav Sharma,44,7,False,854.32,179.69,DEV-2432-A,,2855
2433,Meena Singhania,32,6,False,2946.28,683.61,DEV-2433-A,,1849
2434,George Patel,48,8,False,3082.51,1744.87,DEV-2434-A,,2271
2435,Anish Deshmukh,78,3,True,2018.95,1036.0,DEV-2435-A,+91 98765 30070,871
2436,Aarav Gupta,77,3,True,5687.74,1667.42,DEV-2436-A,+91 98765 65164,2740
2437,Meena Williams,77,2,True,1156.94,329.4,DEV-2437-A,+91 98765 78197,1135
2438,Ramesh Singhania,73,2,True,4215.05,2261.99,DEV-2438-A,+91 98765 23751,2125
2439,Meena Gupta,53,8,False,705.33,391.68,DEV-2439-A,,496
2440,Meena Deshmukh,47,5,False,2529.48,1320.36,DEV-2440-A,,843
2441,Vikram Kumar,89,3,True,444.15,104.13,DEV-2441-A,+91 98765 44471,3435
2442,Vikram Nair,54,5,False,1821.31,686.32,DEV-2442-A,,2911
2443,Martha Gupta,39,10,False,3041.72,618.68,DEV-2443-A,,686
2444,Sunita Smith,70,2,True,5559.89,1229.71,DEV-2444-A,+91 98765 75058,880
2445,Suresh Nair,69,2,True,1161.01,500.13,DEV-2445-A,+91 98765 40737,41
2446,Aarav Williams,28,9,False,813.05,344.77,DEV-2446-A,,394
2447,Meena Joshi,42,9,False,366.48,74.16,DEV-2447-A,,2381
2448,Suresh Verma,23,8,False,2167.23,668.1,DEV-2448-A,,398
2449,Rajesh Taylor,41,8,False,2086.53,1203.43,DEV-2449-A,,2993
2450,Meena Gupta,68,3,True,1099.47,400.34,DEV-2450-A,+91 98765 94454,976
2451,Devi Gupta,48,7,False,5716.21,1832.99,DEV-2451-A,,1111
2452,Devi Sharma,42,8,False,2969.25,917.28,DEV-2452-A,,438
2453,Priya Joshi,25,7,False,1596.49,690.7,DEV-2453-A,,191
2454,Kavita Nair,52,4,False,4835.81,2528.37,DEV-2454-A,,3313
2455,Arthur Singhania,51,8,False,1898.7,613.93,DEV-2455-A,,3055
2456,Meena Patel,80,2,True,3458.85,742.05,DEV-2456-A,+91 98765 16014,69
2457,Ramesh Williams,24,6,False,3022.68,1053.43,DEV-2457-A,,2680
2458,Priya Nair,50,6,False,2363.43,856.85,DEV-2458-A,,1494
2459,Devi Johnson,49,9,False,2070.41,556.26,DEV-2459-A,,1128
2460,Rajesh Nair,74,4,True,7846.76,3764.96,DEV-2460-A,+91 98765 54921,779
2461,Meena Singhania,44,8,False,901.86,369.64,DEV-2461-A,,1669
2462,Devi Gupta,59,8,False,1457.56,633.96,DEV-2462-A,,3453
2463,George Taylor,23,9,False,1411.31,730.57,DEV-2463-A,,3514
2464,Suresh Kumar,49,7,False,2719.55,990.57,DEV-2464-A,,1757
2465,Priya Patel,82,3,True,3068.31,1667.91,DEV-2465-A,+91 98765 27368,2881
2466,Sunita Joshi,23,6,False,3472.44,942.19,DEV-2466-A,,682
2467,Meena Singhania,33,5,False,1208.61,396.7,DEV-2467-A,,2449
2468,Suresh Kumar,26,8,False,454.62,171.27,DEV-2468-A,,2360
2469,Devi Verma,40,8,False,2278.09,1145.23,DEV-2469-A,,2533
2470,George Kumar,39,6,False,2617.47,659.94,DEV-2470-A,,1498
2471,Aarav Joshi,40,6,False,3252.57,732.81,DEV-2471-A,,2833
2472,Ramesh Deshmukh,26,8,False,3922.49,1181.77,DEV-2472-A,,2029
2473,Meena Singhania,53,10,False,2440.93,715.86,DEV-2473-A,,1835
2474,Sunita Patel,79,4,True,754.09,155.68,DEV-2474-A,+91 98765 44290,2712
2475,Arthur Sharma,42,8,False,342.51,78.47,DEV-2475-A,,2915
2476,Lakshmi Williams,72,4,True,762.31,397.38,DEV-2476-A,+91 98765 54341,2156
2477,Meena Singhania,54,8,False,4815.07,1647.77,DEV-2477-A,,2740
2478,Lakshmi Deshmukh,74,4,True,454.89,226.61,DEV-2478-A,+91 98765 55318,2748
2479,George Verma,42,6,False,405.69,213.87,DEV-2479-A,,3466
2480,Sunita Sharma,85,5,True,2835.01,1591.32,DEV-2480-A,+91 98765 94331,672
2481,Suresh Joshi,24,8,False,825.2,436.94,DEV-2481-A,,2060
2482,Priya Patel,78,2,True,1578.36,592.06,DEV-2482-A,+91 98765 74441,1343
2483,Lakshmi Nair,32,8,False,994.78,229.01,DEV-2483-A,,1169
2484,Sunita Smith,76,5,True,573.14,135.18,DEV-2484-A,+91 98765 39190,2284
2485,George Singhania,39,7,False,5416.36,1567.72,DEV-2485-A,,3376
2486,Lakshmi Patel,85,2,True,1260.15,535.9,DEV-2486-A,+91 98765 70174,1849
2487,Devi Patel,86,3,True,835.29,455.01,DEV-2487-A,+91 98765 75333,1861
2488,Arthur Patel,48,5,False,1035.0,437.96,DEV-2488-A,,2067
2489,Aarav Patel,37,9,False,1561.3,669.68,DEV-2489-A,,1682
2490,Martha Sharma,91,2,True,827.99,218.51,DEV-2490-A,+91 98765 83024,2279
2491,Aarav Joshi,28,8,False,1058.81,595.37,DEV-2491-A,,402
2492,Kavita Smith,89,4,True,1416.05,469.14,DEV-2492-A,+91 98765 83706,877
2493,Devi Nair,25,8,False,3759.14,999.53,DEV-2493-A,,1518
2494,Sunita Joshi,45,8,False,881.36,336.12,DEV-2494-A,,943
2495,Devi Nair,91,3,True,1224.66,481.0,DEV-2495-A,+91 98765 83420,3173
2496,Suresh Taylor,50,9,False,871.31,479.13,DEV-2496-A,,2721
2497,Eleanor Taylor,86,3,True,2401.91,1009.33,DEV-2497-A,+91 98765 69314,497
2498,Meena Kumar,76,2,True,500.79,163.64,DEV-2498-A,+91 98765 96364,938
2499,Aarav Nair,48,6,False,1430.67,587.61,DEV-2499-A,,1484
2500,Kavita Smith,21,7,False,1391.1,536.6,DEV-2500-A,,2168
2501,Eleanor Taylor,45,8,False,3440.61,1274.84,DEV-2501-A,,465
2502,Sunita Verma,39,9,False,1017.97,224.8,DEV-2502-A,,2046
2503,Ramesh Joshi,18,7,False,5729.85,1445.94,DEV-2503-A,,2966
2504,Martha Patel,33,7,False,7964.33,3250.48,DEV-2504-A,,1071
2505,Vikram Rao,89,2,True,2782.36,794.13,DEV-2505-A,+91 98765 25826,3520
2506,George Rao,62,8,False,1602.11,377.46,DEV-2506-A,,1902
2507,Vikram Taylor,51,6,False,793.05,355.01,DEV-2507-A,,1414
2508,Meena Kumar,28,6,False,639.25,242.62,DEV-2508-A,,1727
2509,Sunita Williams,56,9,False,554.92,172.07,DEV-2509-A,,3460
2510,Meena Kumar,83,2,True,2116.24,1192.72,DEV-2510-A,+91 98765 69048,1903
2511,Ramesh Deshmukh,88,3,True,943.91,303.32,DEV-2511-A,+91 98765 10568,2202
2512,Sunita Smith,43,7,False,663.12,386.73,DEV-2512-A,,1802
2513,Suresh Smith,50,7,False,1013.83,340.74,DEV-2513-A,,3229
2514,Priya Taylor,78,1,True,1440.89,398.32,DEV-2514-A,+91 98765 85832,741
2515,Ramesh Patel,70,4,True,976.27,275.65,DEV-2515-A,+91 98765 60778,2723
2516,Arthur Smith,38,8,False,1732.65,992.28,DEV-2516-A,,3640
2517,George Singhania,31,6,False,1316.89,532.02,DEV-2517-A,,2524
2518,Lakshmi Gupta,47,7,False,263.75,147.3,DEV-2518-A,,1659
2519,Arthur Gupta,74,1,True,1290.42,361.1,DEV-2519-A,+91 98765 69355,3326
2520,Ramesh Verma,20,5,False,3410.72,753.56,DEV-2520-A,,1720
2521,Kavita Joshi,32,8,False,2410.59,947.91,DEV-2521-A,,2903
2522,Arthur Taylor,44,6,False,842.82,226.81,DEV-2522-A,,3048
2523,Vikram Rao,42,7,False,3338.38,1217.77,DEV-2523-A,,888
2524,Kavita Williams,86,5,True,4500.66,971.35,DEV-2524-A,+91 98765 55258,2784
2525,Ramesh Taylor,44,9,False,4048.35,1843.04,DEV-2525-A,,2692
2526,Priya Smith,38,7,False,908.02,228.37,DEV-2526-A,,2252
2527,Arthur Taylor,87,1,True,1458.07,738.54,DEV-2527-A,+91 98765 25126,3146
2528,Eleanor Smith,50,8,False,1134.21,620.26,DEV-2528-A,,1997
2529,Martha Williams,62,7,False,1130.34,571.18,DEV-2529-A,,3093
2530,Kavita Joshi,26,8,False,1430.3,297.57,DEV-2530-A,,1760
2531,Aarav Smith,69,1,True,643.92,130.61,DEV-2531-A,+91 98765 23955,133
2532,George Verma,75,4,True,328.76,154.82,DEV-2532-A,+91 98765 16955,2775
2533,Sunita Rao,64,7,False,2917.1,1049.83,DEV-2533-A,,1123
2534,Priya Gupta,87,1,True,3919.89,982.27,DEV-2534-A,+91 98765 99573,1056
2535,Ramesh Joshi,77,5,True,687.55,266.99,DEV-2535-A,+91 98765 18130,2858
2536,Kavita Rao,30,6,False,2030.34,741.76,DEV-2536-A,,3116
2537,Sunita Nair,53,9,False,1305.92,693.67,DEV-2537-A,,3364
2538,Devi Patel,71,4,True,1899.84,1014.48,DEV-2538-A,+91 98765 90754,3585
2539,Lakshmi Taylor,77,2,True,442.99,172.01,DEV-2539-A,+91 98765 94819,2328
2540,George Rao,28,6,False,965.27,225.25,DEV-2540-A,,2122
2541,Kavita Taylor,85,5,True,3594.34,2029.47,DEV-2541-A,+91 98765 97096,222
2542,George Singhania,40,6,False,1975.5,542.69,DEV-2542-A,,1736
2543,Arthur Smith,76,2,True,4813.33,1688.15,DEV-2543-A,+91 98765 17051,83
2544,Anish Rao,52,6,False,967.76,505.52,DEV-2544-A,,2571
2545,Devi Joshi,36,7,False,594.84,324.94,DEV-2545-A,,953
2546,Eleanor Kumar,33,7,False,1079.51,538.74,DEV-2546-A,,2440
2547,Vikram Kumar,53,8,False,5119.2,2034.05,DEV-2547-A,,2999
2548,Vikram Gupta,20,7,False,1988.12,518.68,DEV-2548-A,,1868
2549,Priya Williams,61,8,False,491.61,213.71,DEV-2549-A,,335
2550,Priya Verma,46,6,False,3240.93,1229.78,DEV-2550-A,,3040
2551,Meena Singhania,52,9,False,3038.61,1087.59,DEV-2551-A,,196
2552,Martha Gupta,59,9,False,1000.71,208.28,DEV-2552-A,,2309
2553,Anish Verma,31,9,False,1756.68,721.82,DEV-2553-A,,689
2554,Anish Sharma,85,1,True,148.94,36.92,DEV-2554-A,+91 98765 53327,1940
2555,Ramesh Sharma,73,3,True,1477.75,833.94,DEV-2555-A,+91 98765 30146,1351
2556,Sunita Kumar,86,5,True,2174.23,1111.92,DEV-2556-A,+91 98765 91968,2551
2557,Kavita Deshmukh,26,6,False,1947.58,777.14,DEV-2557-A,,3265
2558,Eleanor Patel,28,6,False,736.43,274.67,DEV-2558-A,,3241
2559,Arthur Smith,58,7,False,951.23,259.73,DEV-2559-A,,930
2560,Priya Smith,55,8,False,9218.11,4565.9,DEV-2560-A,,309
2561,Priya Singhania,39,6,False,6030.79,2374.16,DEV-2561-A,,2254
2562,George Patel,59,5,False,3860.17,904.51,DEV-2562-A,,1461
2563,Lakshmi Rao,23,7,False,2701.15,677.56,DEV-2563-A,,2747
2564,Arthur Nair,41,9,False,2335.15,507.81,DEV-2564-A,,1507
2565,Kavita Rao,33,5,False,3132.23,710.38,DEV-2565-A,,3112
2566,Suresh Smith,19,8,False,1393.76,510.63,DEV-2566-A,,3403
2567,Aarav Patel,66,3,True,3343.98,924.65,DEV-2567-A,+91 98765 97679,1447
2568,Devi Rao,51,7,False,1297.88,556.48,DEV-2568-A,,2660
2569,Lakshmi Sharma,83,3,True,781.64,431.3,DEV-2569-A,+91 98765 99463,1344
2570,George Kumar,44,6,False,1761.57,548.3,DEV-2570-A,,494
2571,George Gupta,38,7,False,2077.75,798.58,DEV-2571-A,,2242
2572,Kavita Sharma,61,7,False,665.1,329.5,DEV-2572-A,,2147
2573,Eleanor Smith,79,5,True,4399.73,1102.19,DEV-2573-A,+91 98765 76680,1855
2574,Suresh Sharma,87,3,True,1241.34,379.76,DEV-2574-A,+91 98765 48854,2698
2575,Vikram Nair,85,4,True,3501.63,1007.15,DEV-2575-A,+91 98765 77357,367
2576,Meena Verma,46,9,False,2879.87,695.73,DEV-2576-A,,3197
2577,Aarav Williams,88,3,True,2791.4,1476.94,DEV-2577-A,+91 98765 18581,893
2578,Vikram Joshi,51,4,False,1315.86,568.96,DEV-2578-A,,2837
2579,Martha Joshi,67,5,True,680.31,326.36,DEV-2579-A,+91 98765 23621,872
2580,Martha Williams,65,4,False,1427.38,423.51,DEV-2580-A,,3375
2581,Rajesh Taylor,49,7,False,3635.66,1817.43,DEV-2581-A,,2840
2582,Ramesh Sharma,24,7,False,1790.56,909.92,DEV-2582-A,,1910
2583,Arthur Sharma,31,5,False,1820.51,662.35,DEV-2583-A,,388
2584,Rajesh Sharma,71,2,True,3230.57,1837.84,DEV-2584-A,+91 98765 33329,3283
2585,Anish Smith,56,7,False,267.57,118.27,DEV-2585-A,,318
2586,Lakshmi Gupta,54,9,False,106.58,28.84,DEV-2586-A,,1699
2587,George Deshmukh,74,2,True,1994.57,1010.18,DEV-2587-A,+91 98765 92603,1686
2588,Martha Nair,85,3,True,2716.03,690.43,DEV-2588-A,+91 98765 12213,1625
2589,Meena Smith,51,6,False,1001.88,363.34,DEV-2589-A,,54
2590,Rajesh Kumar,42,7,False,5647.7,1515.32,DEV-2590-A,,3085
2591,Sunita Taylor,35,5,False,1852.76,823.85,DEV-2591-A,,3504
2592,Rajesh Nair,54,7,False,2022.31,1142.41,DEV-2592-A,,2089
2593,Meena Gupta,87,2,True,1337.75,429.3,DEV-2593-A,+91 98765 99899,1264
2594,Rajesh Gupta,82,3,True,1771.75,667.87,DEV-2594-A,+91 98765 67367,1592
2595,George Joshi,20,4,False,2804.75,1092.1,DEV-2595-A,,2736
2596,Aarav Deshmukh,57,8,False,3573.36,1335.08,DEV-2596-A,,670
2597,Lakshmi Verma,75,1,True,2239.0,489.95,DEV-2597-A,+91 98765 61248,3293
2598,Kavita Williams,61,7,False,2028.28,1064.78,DEV-2598-A,,620
2599,Kavita Williams,78,3,True,2458.79,1380.81,DEV-2599-A,+91 98765 94926,1558
2600,Aarav Smith,38,6,False,1916.87,417.02,DEV-2600-A,,3613
2601,Ramesh Patel,66,1,True,1344.9,371.41,DEV-2601-A,+91 98765 15475,50
2602,George Smith,61,7,False,264.0,90.29,DEV-2602-A,,2272
2603,Rajesh Gupta,38,7,False,2360.73,494.27,DEV-2603-A,,890
2604,Eleanor Rao,45,6,False,3206.18,762.5,DEV-2604-A,,1720
2605,Ramesh Verma,69,5,True,8603.98,1905.18,DEV-2605-A,+91 98765 34116,934
2606,Anish Rao,27,5,False,2746.3,1102.99,DEV-2606-A,,499
2607,Priya Williams,53,7,False,1729.2,928.56,DEV-2607-A,,3305
2608,Sunita Joshi,66,2,True,1770.14,1046.69,DEV-2608-A,+91 98765 81939,1919
2609,Rajesh Gupta,28,4,False,1529.27,696.97,DEV-2609-A,,2781
2610,Rajesh Gupta,26,5,False,1200.08,666.17,DEV-2610-A,,432
2611,Vikram Taylor,20,8,False,1052.51,223.64,DEV-2611-A,,2408
2612,Suresh Nair,88,1,True,2221.7,766.56,DEV-2612-A,+91 98765 56810,555
2613,Lakshmi Patel,22,6,False,8773.73,5084.96,DEV-2613-A,,1197
2614,Rajesh Rao,33,5,False,17444.79,8393.5,DEV-2614-A,,1331
2615,Suresh Deshmukh,22,6,False,1104.0,546.77,DEV-2615-A,,1374
2616,Kavita Taylor,30,5,False,2419.43,1317.74,DEV-2616-A,,2422
2617,Ramesh Johnson,86,1,True,2250.31,660.74,DEV-2617-A,+91 98765 84299,1522
2618,Arthur Singhania,21,8,False,652.22,269.66,DEV-2618-A,,720
2619,Aarav Nair,86,5,True,912.18,360.98,DEV-2619-A,+91 98765 42266,3248
2620,Lakshmi Taylor,51,7,False,464.58,180.4,DEV-2620-A,,3060
2621,Martha Gupta,65,7,False,2577.54,559.02,DEV-2621-A,,3471
2622,Eleanor Verma,50,5,False,2068.98,1043.15,DEV-2622-A,,2813
2623,Arthur Deshmukh,90,3,True,3153.61,1203.22,DEV-2623-A,+91 98765 70666,1854
2624,Eleanor Kumar,52,7,False,4690.95,1638.47,DEV-2624-A,,1281
2625,Suresh Smith,49,5,False,2351.61,1317.76,DEV-2625-A,,475
2626,Priya Williams,62,6,False,2225.88,983.1,DEV-2626-A,,2514
2627,Rajesh Joshi,25,7,False,937.59,338.58,DEV-2627-A,,1179
2628,Ramesh Smith,56,7,False,921.2,248.65,DEV-2628-A,,834
2629,Anish Taylor,90,5,True,2918.19,963.49,DEV-2629-A,+91 98765 92132,343
2630,Rajesh Sharma,24,10,False,848.08,177.99,DEV-2630-A,,3509
2631,Aarav Joshi,74,1,True,2282.0,512.64,DEV-2631-A,+91 98765 86269,2401
2632,George Kumar,28,7,False,3080.44,924.01,DEV-2632-A,,2446
2633,Vikram Sharma,22,8,False,7454.44,2697.07,DEV-2633-A,,2289
2634,Anish Smith,41,8,False,746.58,439.19,DEV-2634-A,,2240
2635,Suresh Williams,29,5,False,8043.95,3046.05,DEV-2635-A,,3205
2636,Ramesh Nair,34,7,False,5152.87,2150.61,DEV-2636-A,,1637
2637,Lakshmi Kumar,37,6,False,2987.19,1421.99,DEV-2637-A,,2445
2638,Kavita Verma,43,6,False,252.25,87.55,DEV-2638-A,,1933
2639,Rajesh Singhania,24,9,False,660.68,308.08,DEV-2639-A,,1520
2640,Aarav Williams,36,5,False,1566.84,445.22,DEV-2640-A,,1008
2641,Priya Kumar,19,7,False,2151.81,626.21,DEV-2641-A,,2135
2642,Ramesh Deshmukh,36,8,False,882.89,203.12,DEV-2642-A,,682
2643,Priya Johnson,26,5,False,4828.25,2332.91,DEV-2643-A,,2347
2644,Ramesh Taylor,54,8,False,655.56,161.6,DEV-2644-A,,3028
2645,Suresh Nair,52,5,False,1264.26,558.3,DEV-2645-A,,195
2646,Lakshmi Kumar,80,1,True,1229.21,372.25,DEV-2646-A,+91 98765 73916,979
2647,Rajesh Gupta,48,8,False,1505.7,522.96,DEV-2647-A,,1543
2648,Lakshmi Sharma,42,9,False,1333.22,613.7,DEV-2648-A,,2768
2649,Vikram Smith,57,9,False,1179.98,254.1,DEV-2649-A,,3271
2650,Eleanor Singhania,80,1,True,2322.49,926.36,DEV-2650-A,+91 98765 71561,1892
2651,Sunita Sharma,61,4,False,1053.74,269.02,DEV-2651-A,,2686
2652,Arthur Patel,46,3,True,1671.91,788.25,DEV-2652-A,+91 98765 78337,2625
2653,Anish Joshi,45,7,False,2632.43,1376.74,DEV-2653-A,,3068
2654,Anish Johnson,25,5,False,786.72,336.55,DEV-2654-A,,2259
2655,Priya Singhania,79,3,True,2667.61,1247.11,DEV-2655-A,+91 98765 95678,1580
2656,Eleanor Johnson,53,7,False,772.78,447.09,DEV-2656-A,,2706
2657,Rajesh Smith,44,8,False,496.69,284.2,DEV-2657-A,,1060
2658,George Rao,77,3,True,882.0,465.9,DEV-2658-A,+91 98765 77681,1692
2659,Eleanor Joshi,36,8,False,1050.98,233.9,DEV-2659-A,,3584
2660,Eleanor Deshmukh,41,10,False,2259.02,1110.19,DEV-2660-A,,3276
2661,Suresh Johnson,40,9,False,7580.52,3176.59,DEV-2661-A,,57
2662,Ramesh Deshmukh,59,6,False,1537.49,380.85,DEV-2662-A,,708
2663,Lakshmi Patel,32,9,False,1809.09,869.3,DEV-2663-A,,2137
2664,Anish Rao,72,2,True,457.72,163.62,DEV-2664-A,+91 98765 29692,795
2665,Priya Nair,30,7,False,1076.38,641.19,DEV-2665-A,,2495
2666,Meena Williams,28,8,False,1185.42,570.87,DEV-2666-A,,973
2667,Martha Kumar,87,5,True,828.66,319.81,DEV-2667-A,+91 98765 53283,2980
2668,Meena Deshmukh,58,5,False,1520.0,612.8,DEV-2668-A,,2795
2669,Suresh Deshmukh,52,8,False,3415.74,1590.08,DEV-2669-A,,893
2670,Priya Williams,25,7,False,7686.75,4286.44,DEV-2670-A,,3443
2671,Martha Sharma,84,3,True,1335.92,556.97,DEV-2671-A,+91 98765 41938,206
2672,Ramesh Johnson,27,7,False,691.41,335.86,DEV-2672-A,,2456
2673,Priya Verma,84,4,True,4769.01,1706.05,DEV-2673-A,+91 98765 92515,2129
2674,Sunita Johnson,18,7,False,789.11,370.92,DEV-2674-A,,631
2675,Sunita Verma,44,7,False,7309.45,1678.76,DEV-2675-A,,1087
2676,Priya Smith,30,8,False,3304.33,1843.5,DEV-2676-A,,1690
2677,Aarav Taylor,25,8,False,679.59,183.95,DEV-2677-A,,3011
2678,Kavita Patel,55,7,False,3017.35,1412.43,DEV-2678-A,,917
2679,Devi Johnson,30,5,False,4512.72,1283.79,DEV-2679-A,,1960
2680,Suresh Verma,38,5,False,1137.42,431.5,DEV-2680-A,,928
2681,Martha Johnson,38,9,False,1554.69,662.83,DEV-2681-A,,614
2682,Priya Johnson,28,7,False,8649.77,3980.99,DEV-2682-A,,2731
2683,Anish Verma,81,4,True,1623.75,812.31,DEV-2683-A,+91 98765 99861,1433
2684,Devi Johnson,49,5,False,3922.0,2327.47,DEV-2684-A,,2449
2685,Rajesh Rao,61,7,False,1431.97,643.42,DEV-2685-A,,1579
2686,George Verma,21,7,False,1297.56,432.19,DEV-2686-A,,474
2687,Aarav Rao,46,6,False,1200.1,570.84,DEV-2687-A,,2171
2688,Martha Joshi,51,6,False,797.13,348.13,DEV-2688-A,,642
2689,Meena Verma,22,8,False,3237.89,1623.24,DEV-2689-A,,1979
2690,Sunita Kumar,66,3,True,9344.21,4269.47,DEV-2690-A,+91 98765 79655,2091
2691,Meena Patel,20,9,False,2844.49,1138.2,DEV-2691-A,,2005
2692,Ramesh Johnson,41,8,False,617.22,294.49,DEV-2692-A,,2238
2693,Aarav Kumar,80,4,True,1039.46,441.29,DEV-2693-A,+91 98765 98940,2689
2694,Martha Smith,81,5,True,16795.06,7241.2,DEV-2694-A,+91 98765 65139,1547
2695,Sunita Taylor,69,6,True,2930.07,1151.43,DEV-2695-A,+91 98765 79444,1787
2696,Lakshmi Kumar,24,8,False,3500.86,1136.66,DEV-2696-A,,2004
2697,George Nair,37,6,False,2772.86,1212.28,DEV-2697-A,,2442
2698,Meena Singhania,86,2,True,7255.78,3452.4,DEV-2698-A,+91 98765 27548,1072
2699,Suresh Kumar,40,8,False,5035.49,1722.72,DEV-2699-A,,982
2700,Rajesh Gupta,21,7,False,1235.07,623.48,DEV-2700-A,,2480
2701,Martha Gupta,52,5,False,1068.73,404.95,DEV-2701-A,,804
2702,Aarav Taylor,22,7,False,3353.81,1992.87,DEV-2702-A,,3075
2703,Aarav Johnson,53,8,False,2200.24,563.02,DEV-2703-A,,2170
2704,Meena Smith,24,8,False,1639.49,683.59,DEV-2704-A,,59
2705,George Williams,52,8,False,2169.81,615.06,DEV-2705-A,,871
2706,Arthur Singhania,61,7,False,1007.21,267.49,DEV-2706-A,,1513
2707,Meena Verma,67,3,True,404.41,177.85,DEV-2707-A,+91 98765 65846,2698
2708,Anish Gupta,29,6,False,4234.49,1968.82,DEV-2708-A,,3531
2709,Martha Johnson,28,6,False,2461.13,910.97,DEV-2709-A,,1527
2710,Anish Williams,33,6,False,3665.01,2025.6,DEV-2710-A,,1657
2711,Vikram Singhania,82,4,True,674.48,158.56,DEV-2711-A,+91 98765 82365,3240
2712,Suresh Verma,43,8,False,5000.13,2249.46,DEV-2712-A,,1546
2713,Suresh Gupta,36,6,False,1476.85,720.13,DEV-2713-A,,1286
2714,Eleanor Kumar,50,5,False,3525.58,1162.65,DEV-2714-A,,2919
2715,George Taylor,39,7,False,1839.75,749.31,DEV-2715-A,,595
2716,Meena Taylor,47,4,False,1608.81,916.52,DEV-2716-A,,971
2717,Devi Kumar,19,9,False,10586.63,3046.07,DEV-2717-A,,2894
2718,Priya Patel,45,9,False,3612.39,723.51,DEV-2718-A,,908
2719,George Kumar,86,2,True,1104.79,337.39,DEV-2719-A,+91 98765 54359,3310
2720,Sunita Verma,20,6,False,1372.42,333.22,DEV-2720-A,,1623
2721,Aarav Kumar,66,2,True,3020.03,629.26,DEV-2721-A,+91 98765 21939,3402
2722,Ramesh Deshmukh,32,5,False,1338.43,543.91,DEV-2722-A,,2488
2723,Martha Patel,34,4,False,3684.93,1298.79,DEV-2723-A,,292
2724,Anish Rao,44,6,False,7107.36,3857.11,DEV-2724-A,,1548
2725,Rajesh Johnson,86,4,True,388.44,92.46,DEV-2725-A,+91 98765 14948,2997
2726,George Singhania,30,5,False,1317.54,725.47,DEV-2726-A,,2544
2727,Kavita Taylor,28,10,False,853.07,406.7,DEV-2727-A,,2477
2728,Sunita Kumar,42,7,False,4198.15,1577.68,DEV-2728-A,,3389
2729,Priya Williams,22,9,False,1610.22,717.86,DEV-2729-A,,2054
2730,Devi Sharma,76,2,True,1784.59,366.65,DEV-2730-A,+91 98765 36438,3513
2731,Kavita Rao,37,8,False,3088.78,983.16,DEV-2731-A,,167
2732,Lakshmi Johnson,50,4,False,509.46,149.04,DEV-2732-A,,724
2733,Sunita Nair,26,5,False,4097.0,2414.19,DEV-2733-A,,1009
2734,Aarav Verma,30,5,False,603.99,122.84,DEV-2734-A,,385
2735,Anish Kumar,77,3,True,3940.74,1645.02,DEV-2735-A,+91 98765 62354,1476
2736,George Singhania,60,9,False,685.64,149.41,DEV-2736-A,,2430
2737,Vikram Smith,21,10,False,407.81,226.39,DEV-2737-A,,92
2738,Rajesh Patel,24,6,False,2831.39,1012.6,DEV-2738-A,,2281
2739,Kavita Taylor,38,5,False,1410.67,566.28,DEV-2739-A,,3428
2740,Eleanor Nair,73,2,True,179.93,97.07,DEV-2740-A,+91 98765 46242,956
2741,Vikram Deshmukh,65,4,False,1713.72,949.35,DEV-2741-A,,1684
2742,Aarav Gupta,55,6,False,897.59,467.87,DEV-2742-A,,746
2743,Martha Smith,20,6,False,5052.05,2005.09,DEV-2743-A,,466
2744,Rajesh Smith,81,4,True,271.79,59.72,DEV-2744-A,+91 98765 48568,1422
2745,Meena Kumar,18,8,False,738.77,183.59,DEV-2745-A,,2132
2746,Anish Smith,25,10,False,771.71,374.15,DEV-2746-A,,3360
2747,Anish Taylor,29,8,False,1265.14,690.0,DEV-2747-A,,1843
2748,George Johnson,71,3,True,1308.13,664.14,DEV-2748-A,+91 98765 73390,3183
2749,Lakshmi Kumar,56,5,False,923.3,229.68,DEV-2749-A,,1421
2750,Devi Williams,50,4,False,4335.09,1691.31,DEV-2750-A,,1917
2751,Aarav Deshmukh,41,8,False,2238.05,594.35,DEV-2751-A,,506
2752,Anish Patel,42,8,False,819.98,403.06,DEV-2752-A,,1597
2753,Lakshmi Williams,85,3,True,1083.28,241.41,DEV-2753-A,+91 98765 40137,3307
2754,Arthur Singhania,82,5,True,2408.03,1282.59,DEV-2754-A,+91 98765 56281,2145
2755,Aarav Taylor,27,6,False,1327.37,514.2,DEV-2755-A,,3438
2756,Anish Rao,56,7,False,1255.28,700.5,DEV-2756-A,,1206
2757,Rajesh Singhania,90,2,True,2532.26,1423.99,DEV-2757-A,+91 98765 98302,3097
2758,Arthur Patel,51,8,False,3716.61,1797.62,DEV-2758-A,,2301
2759,Priya Deshmukh,30,8,False,798.83,229.97,DEV-2759-A,,1315
2760,Eleanor Rao,46,8,False,3077.95,1173.64,DEV-2760-A,,2379
2761,Anish Verma,73,4,True,3984.58,1160.99,DEV-2761-A,+91 98765 99536,808
2762,Suresh Taylor,35,6,False,1367.26,422.84,DEV-2762-A,,847
2763,Lakshmi Taylor,31,8,False,1673.92,404.74,DEV-2763-A,,1021
2764,Anish Rao,66,2,True,2272.07,1292.87,DEV-2764-A,+91 98765 40042,860
2765,Lakshmi Joshi,54,9,False,1039.89,315.03,DEV-2765-A,,2563
2766,Eleanor Verma,63,10,False,963.87,278.07,DEV-2766-A,,3220
2767,Meena Patel,62,7,False,6226.6,2783.86,DEV-2767-A,,351
2768,Suresh Johnson,47,7,False,3946.44,2118.15,DEV-2768-A,,57
2769,Sunita Joshi,73,1,True,1238.58,448.9,DEV-2769-A,+91 98765 73214,1550
2770,Arthur Deshmukh,76,3,True,524.3,273.91,DEV-2770-A,+91 98765 85303,3588
2771,Anish Deshmukh,40,5,False,3208.84,782.03,DEV-2771-A,,779
2772,Anish Singhania,73,3,True,1220.7,661.67,DEV-2772-A,+91 98765 39110,3102
2773,Ramesh Sharma,40,6,False,7677.68,1844.96,DEV-2773-A,,2183
2774,Martha Deshmukh,65,8,False,2978.33,1069.38,DEV-2774-A,,2244
2775,Sunita Smith,39,7,False,509.34,214.3,DEV-2775-A,,1452
2776,George Joshi,58,7,False,1374.49,458.18,DEV-2776-A,,2841
2777,Priya Deshmukh,47,4,False,8274.19,3027.85,DEV-2777-A,,523
2778,Devi Nair,67,4,True,2711.17,813.31,DEV-2778-A,+91 98765 11103,78
2779,Vikram Singhania,57,4,False,4656.76,1836.73,DEV-2779-A,,2409
2780,Meena Nair,38,6,False,1251.23,303.05,DEV-2780-A,,1511
2781,Anish Verma,63,8,False,2024.19,995.64,DEV-2781-A,,2276
2782,Anish Rao,21,10,False,596.85,352.4,DEV-2782-A,,1133
2783,Suresh Johnson,52,7,False,620.38,269.18,DEV-2783-A,,1435
2784,Eleanor Verma,75,1,True,2568.13,1021.94,DEV-2784-A,+91 98765 75374,1766
2785,Vikram Singhania,68,3,True,6338.54,2041.55,DEV-2785-A,+91 98765 58799,1525
2786,George Gupta,89,2,True,7201.48,2248.2,DEV-2786-A,+91 98765 69077,766
2787,Ramesh Johnson,67,2,True,1188.15,489.44,DEV-2787-A,+91 98765 99916,966
2788,Meena Taylor,36,6,False,2292.14,1058.91,DEV-2788-A,,1135
2789,Lakshmi Smith,36,8,False,1027.92,455.81,DEV-2789-A,,1800
2790,George Rao,89,5,True,791.57,178.43,DEV-2790-A,+91 98765 29116,3306
2791,Ramesh Deshmukh,43,7,False,2770.05,872.99,DEV-2791-A,,3330
2792,Aarav Verma,25,8,False,5355.39,1872.11,DEV-2792-A,,1756
2793,Suresh Verma,87,3,True,2803.16,843.47,DEV-2793-A,+91 98765 92660,2147
2794,Arthur Kumar,52,8,False,908.27,321.51,DEV-2794-A,,2023
2795,Kavita Gupta,43,7,False,801.74,314.58,DEV-2795-A,,2332
2796,Sunita Singhania,42,6,False,1603.72,760.51,DEV-2796-A,,435
2797,Priya Sharma,46,8,False,1212.34,631.66,DEV-2797-A,,912
2798,Anish Deshmukh,49,8,False,591.72,186.55,DEV-2798-A,,3466
2799,Meena Deshmukh,33,6,False,1122.89,645.04,DEV-2799-A,,3079
2800,Arthur Gupta,51,8,False,1392.09,498.36,DEV-2800-A,,1508
2801,Eleanor Smith,39,6,False,667.79,218.15,DEV-2801-A,,2313
2802,Anish Nair,62,8,False,470.83,106.58,DEV-2802-A,,111
2803,Martha Patel,30,8,False,1617.42,567.55,DEV-2803-A,,1468
2804,Vikram Johnson,61,6,False,1344.33,300.34,DEV-2804-A,,2388
2805,Priya Kumar,37,7,False,1374.09,692.96,DEV-2805-A,,1195
2806,Eleanor Nair,19,4,False,4002.47,1611.47,DEV-2806-A,,2787
2807,Suresh Kumar,54,5,False,790.27,389.89,DEV-2807-A,,3046
2808,Devi Patel,80,3,True,3303.45,1389.19,DEV-2808-A,+91 98765 59947,2543
2809,Kavita Deshmukh,41,7,False,815.04,334.21,DEV-2809-A,,2617
2810,Ramesh Joshi,31,9,False,1506.47,657.08,DEV-2810-A,,716
2811,Arthur Singhania,24,10,False,2553.04,1320.13,DEV-2811-A,,2615
2812,George Joshi,58,8,False,967.99,455.86,DEV-2812-A,,322
2813,Rajesh Verma,19,4,False,864.96,404.6,DEV-2813-A,,1437
2814,Lakshmi Nair,31,8,False,2080.7,1080.13,DEV-2814-A,,1327
2815,Kavita Taylor,84,1,True,7549.81,4106.66,DEV-2815-A,+91 98765 45058,2509
2816,George Gupta,34,7,False,2136.51,1105.46,DEV-2816-A,,1852
2817,Eleanor Taylor,23,8,False,1036.06,216.32,DEV-2817-A,,2434
2818,Devi Singhania,75,5,True,511.01,244.47,DEV-2818-A,+91 98765 31930,783
2819,Aarav Verma,40,8,False,13798.47,6856.19,DEV-2819-A,,3010
2820,Lakshmi Williams,50,4,False,583.58,122.89,DEV-2820-A,,1060
2821,Rajesh Rao,39,8,False,449.31,242.14,DEV-2821-A,,713
2822,George Patel,46,8,False,1824.16,870.64,DEV-2822-A,,421
2823,Rajesh Deshmukh,22,8,False,1065.59,571.77,DEV-2823-A,,2276
2824,Sunita Sharma,57,7,False,1909.31,1014.63,DEV-2824-A,,3187
2825,George Smith,72,4,True,803.12,229.65,DEV-2825-A,+91 98765 20911,455
2826,Anish Johnson,20,6,False,1219.87,408.78,DEV-2826-A,,666
2827,Rajesh Williams,45,2,True,4704.91,1450.38,DEV-2827-A,+91 98765 61097,1297
2828,Lakshmi Rao,19,5,False,6330.96,2022.54,DEV-2828-A,,3051
2829,Kavita Deshmukh,79,4,True,2540.48,1011.09,DEV-2829-A,+91 98765 92114,547
2830,Ramesh Smith,26,6,False,3051.24,1148.77,DEV-2830-A,,3464
2831,Priya Sharma,22,7,False,1992.73,1118.4,DEV-2831-A,,173
2832,Eleanor Joshi,79,5,True,1491.04,667.65,DEV-2832-A,+91 98765 52624,3569
2833,Suresh Deshmukh,73,5,True,1379.19,530.96,DEV-2833-A,+91 98765 80855,1145
2834,Devi Verma,86,1,True,756.06,388.64,DEV-2834-A,+91 98765 80685,755
2835,Devi Williams,75,1,True,2156.61,834.83,DEV-2835-A,+91 98765 93342,3623
2836,Martha Smith,89,4,True,2904.58,619.05,DEV-2836-A,+91 98765 93858,2649
2837,Kavita Nair,48,9,False,2618.95,575.41,DEV-2837-A,,2002
2838,Lakshmi Kumar,78,1,True,2157.53,705.3,DEV-2838-A,+91 98765 21738,1839
2839,Kavita Nair,36,6,False,1874.13,493.67,DEV-2839-A,,1718
2840,Anish Verma,74,3,True,1208.83,460.99,DEV-2840-A,+91 98765 49789,73
2841,Aarav Smith,51,7,False,6222.88,3210.67,DEV-2841-A,,3369
2842,Ramesh Nair,57,4,False,669.28,332.91,DEV-2842-A,,1204
2843,Suresh Smith,55,5,False,1325.83,385.46,DEV-2843-A,,64
2844,Suresh Kumar,55,8,False,212.61,57.04,DEV-2844-A,,1984
2845,Kavita Sharma,61,6,False,3045.76,1207.97,DEV-2845-A,,3167
2846,Martha Kumar,89,4,True,463.99,109.54,DEV-2846-A,+91 98765 48393,2475
2847,Lakshmi Kumar,57,8,False,3132.71,1508.84,DEV-2847-A,,59
2848,Eleanor Rao,56,9,False,1594.1,928.94,DEV-2848-A,,1716
2849,Martha Singhania,50,7,False,3178.42,1320.17,DEV-2849-A,,1053
2850,Priya Taylor,47,7,False,493.75,173.79,DEV-2850-A,,3049
2851,George Joshi,46,5,False,1613.56,353.67,DEV-2851-A,,1579
2852,Lakshmi Gupta,71,5,True,2511.26,652.79,DEV-2852-A,+91 98765 20382,1759
2853,Lakshmi Smith,54,6,False,994.72,203.53,DEV-2853-A,,3161
2854,Anish Gupta,26,6,False,1364.81,811.17,DEV-2854-A,,2686
2855,Anish Singhania,37,7,False,1378.48,599.75,DEV-2855-A,,800
2856,Rajesh Verma,22,7,False,504.49,105.36,DEV-2856-A,,589
2857,Kavita Patel,59,5,False,1126.6,318.53,DEV-2857-A,,2638
2858,Devi Johnson,60,5,False,1394.22,663.15,DEV-2858-A,,1884
2859,Anish Taylor,54,8,False,4306.42,1059.4,DEV-2859-A,,2580
2860,Suresh Rao,64,8,False,1688.36,433.31,DEV-2860-A,,1343
2861,Aarav Verma,59,8,False,1641.87,545.08,DEV-2861-A,,233
2862,Aarav Verma,88,3,True,2664.45,1389.29,DEV-2862-A,+91 98765 23405,1185
2863,Anish Verma,91,3,True,507.27,207.0,DEV-2863-A,+91 98765 67464,3008
2864,Aarav Rao,37,6,False,453.38,121.71,DEV-2864-A,,399
2865,Ramesh Sharma,80,2,True,2202.72,1013.33,DEV-2865-A,+91 98765 74694,919
2866,Arthur Singhania,60,7,False,1689.57,967.88,DEV-2866-A,,1306
2867,Suresh Nair,66,3,True,2078.98,843.13,DEV-2867-A,+91 98765 70776,2884
2868,Sunita Nair,32,8,False,1221.86,310.37,DEV-2868-A,,358
2869,Ramesh Sharma,48,5,False,2140.19,698.65,DEV-2869-A,,1121
2870,George Patel,45,5,False,834.55,491.46,DEV-2870-A,,2254
2871,Suresh Verma,27,8,False,2086.6,657.64,DEV-2871-A,,817
2872,Anish Joshi,29,9,False,3823.35,1816.9,DEV-2872-A,,1592
2873,Aarav Patel,38,7,False,3427.85,1845.82,DEV-2873-A,,3176
2874,Lakshmi Singhania,47,5,False,1473.86,546.16,DEV-2874-A,,3188
2875,Devi Rao,52,7,False,1319.7,676.4,DEV-2875-A,,3051
2876,Sunita Rao,62,8,False,2192.51,454.32,DEV-2876-A,,1917
2877,Meena Smith,53,7,False,5812.25,1915.47,DEV-2877-A,,2757
2878,Vikram Deshmukh,26,7,False,4026.88,2219.8,DEV-2878-A,,1623
2879,Kavita Nair,55,9,False,2903.38,1346.19,DEV-2879-A,,679
2880,Sunita Taylor,43,9,False,1902.32,664.78,DEV-2880-A,,2281
2881,Meena Gupta,43,7,False,1031.32,376.72,DEV-2881-A,,2001
2882,Kavita Rao,44,6,False,2113.17,924.47,DEV-2882-A,,1506
2883,Sunita Joshi,71,3,True,2450.29,1369.63,DEV-2883-A,+91 98765 97385,922
2884,Meena Rao,60,7,False,4142.1,1726.48,DEV-2884-A,,2622
2885,Martha Nair,84,3,True,3773.65,1168.94,DEV-2885-A,+91 98765 11974,715
2886,Anish Johnson,43,5,False,956.14,293.95,DEV-2886-A,,520
2887,George Kumar,79,3,True,1216.54,327.41,DEV-2887-A,+91 98765 41862,66
2888,Sunita Johnson,40,7,False,1571.63,797.4,DEV-2888-A,,3239
2889,Suresh Taylor,81,3,True,541.93,210.34,DEV-2889-A,+91 98765 88146,664
2890,Eleanor Kumar,80,3,True,6505.45,3046.49,DEV-2890-A,+91 98765 21728,1048
2891,Priya Deshmukh,78,3,True,1791.28,1008.31,DEV-2891-A,+91 98765 21980,2839
2892,Arthur Kumar,68,5,True,13077.03,4434.53,DEV-2892-A,+91 98765 91937,275
2893,Sunita Nair,51,6,False,7701.71,3740.42,DEV-2893-A,,2670
2894,Ramesh Taylor,79,3,True,698.39,253.66,DEV-2894-A,+91 98765 80300,3271
2895,Meena Verma,63,8,False,638.7,351.92,DEV-2895-A,,2028
2896,Lakshmi Nair,45,7,False,1346.47,781.16,DEV-2896-A,,2317
2897,Eleanor Kumar,88,3,True,620.92,334.9,DEV-2897-A,+91 98765 67503,3033
2898,Vikram Sharma,19,5,False,3201.55,1744.63,DEV-2898-A,,2853
2899,George Nair,36,9,False,4716.93,1361.29,DEV-2899-A,,2997
2900,Ramesh Gupta,20,5,False,1034.57,541.69,DEV-2900-A,,191
2901,Suresh Taylor,73,6,True,874.72,386.37,DEV-2901-A,+91 98765 67344,2319
2902,Kavita Smith,76,1,True,1166.48,356.96,DEV-2902-A,+91 98765 74237,807
2903,Priya Smith,52,4,False,441.87,104.48,DEV-2903-A,,1454
2904,Arthur Taylor,66,2,True,1131.73,413.2,DEV-2904-A,+91 98765 71393,1157
2905,Priya Patel,32,4,False,4675.6,1774.69,DEV-2905-A,,2205
2906,Ramesh Deshmukh,52,6,False,1308.7,722.62,DEV-2906-A,,1241
2907,Anish Smith,46,6,False,1684.79,672.55,DEV-2907-A,,1533
2908,Devi Sharma,53,10,False,2701.57,732.11,DEV-2908-A,,3208
2909,George Taylor,34,7,False,734.23,209.75,DEV-2909-A,,789
2910,Aarav Johnson,21,6,False,1288.91,623.8,DEV-2910-A,,3539
2911,Eleanor Kumar,52,6,False,2615.51,1157.33,DEV-2911-A,,2570
2912,Lakshmi Nair,39,4,False,3424.49,803.99,DEV-2912-A,,2983
2913,Rajesh Williams,32,7,False,638.42,295.79,DEV-2913-A,,2237
2914,George Rao,35,7,False,1413.68,625.28,DEV-2914-A,,2176
2915,Suresh Kumar,88,2,True,12949.3,5559.92,DEV-2915-A,+91 98765 82281,661
2916,Kavita Nair,85,2,True,3874.64,1142.64,DEV-2916-A,+91 98765 63713,2655
2917,Arthur Patel,34,10,False,1852.96,743.57,DEV-2917-A,,424
2918,Rajesh Sharma,22,8,False,2972.04,938.57,DEV-2918-A,,3450
2919,Ramesh Verma,61,8,False,1566.74,843.05,DEV-2919-A,,3607
2920,Sunita Rao,51,8,False,2394.29,953.61,DEV-2920-A,,468
2921,Suresh Rao,38,6,False,3193.38,1134.97,DEV-2921-A,,434
2922,Sunita Johnson,79,2,True,6279.47,1795.29,DEV-2922-A,+91 98765 94115,3455
2923,George Williams,41,6,False,1159.8,576.81,DEV-2923-A,,2036
2924,Anish Sharma,34,4,False,892.43,529.06,DEV-2924-A,,1530
2925,Lakshmi Johnson,43,10,False,6224.14,2287.39,DEV-2925-A,,2970
2926,Rajesh Sharma,45,7,False,1055.16,424.06,DEV-2926-A,,884
2927,Suresh Joshi,27,7,False,924.1,257.45,DEV-2927-A,,357
2928,Devi Kumar,34,6,False,2788.21,922.97,DEV-2928-A,,2647
2929,Sunita Nair,31,6,False,1798.3,842.59,DEV-2929-A,,2315
2930,Martha Joshi,51,8,False,2912.44,730.65,DEV-2930-A,,1541
2931,Sunita Joshi,43,6,False,1024.27,312.71,DEV-2931-A,,2556
2932,Anish Smith,53,8,False,1646.17,412.44,DEV-2932-A,,196
2933,Rajesh Joshi,89,4,True,1013.2,340.02,DEV-2933-A,+91 98765 49833,349
2934,Vikram Smith,27,6,False,3446.38,1597.54,DEV-2934-A,,427
2935,Meena Taylor,54,6,False,124.21,61.22,DEV-2935-A,,976
2936,George Rao,23,8,False,2305.11,514.31,DEV-2936-A,,821
2937,Lakshmi Johnson,27,6,False,7124.76,2575.03,DEV-2937-A,,2591
2938,Priya Smith,26,5,False,1836.58,717.46,DEV-2938-A,,3098
2939,Martha Taylor,70,3,True,465.56,277.85,DEV-2939-A,+91 98765 23829,3168
2940,Eleanor Williams,63,7,False,4538.67,2301.76,DEV-2940-A,,1908
2941,Martha Patel,20,7,False,1402.16,505.87,DEV-2941-A,,713
2942,Priya Smith,77,5,True,646.96,312.95,DEV-2942-A,+91 98765 62632,2097
2943,Arthur Williams,55,9,False,405.93,136.76,DEV-2943-A,,677
2944,Devi Nair,23,9,False,623.1,206.62,DEV-2944-A,,1320
2945,Arthur Joshi,43,6,False,664.29,241.99,DEV-2945-A,,1552
2946,Martha Kumar,66,4,True,1834.22,397.57,DEV-2946-A,+91 98765 93000,1793
2947,Arthur Johnson,50,8,False,2045.66,449.36,DEV-2947-A,,1015
2948,Vikram Singhania,55,6,False,2896.12,1594.36,DEV-2948-A,,3166
2949,Anish Nair,19,7,False,1995.76,923.8,DEV-2949-A,,1883
2950,Devi Singhania,46,6,False,1764.81,839.92,DEV-2950-A,,30
2951,Sunita Gupta,49,7,False,1331.59,300.67,DEV-2951-A,,2470
2952,Aarav Smith,55,7,False,12055.58,6351.37,DEV-2952-A,,583
2953,Kavita Sharma,79,2,True,7096.56,3024.72,DEV-2953-A,+91 98765 49365,938
2954,Vikram Joshi,59,8,False,1498.45,379.99,DEV-2954-A,,1319
2955,Aarav Kumar,61,5,False,550.11,157.18,DEV-2955-A,,3396
2956,Anish Smith,55,6,False,1721.61,564.45,DEV-2956-A,,2124
2957,Ramesh Patel,74,4,True,3832.71,1836.81,DEV-2957-A,+91 98765 14946,1915
2958,Eleanor Verma,38,7,False,1212.98,646.17,DEV-2958-A,,596
2959,Anish Nair,90,3,True,1802.98,461.6,DEV-2959-A,+91 98765 86304,1053
2960,Lakshmi Gupta,38,6,False,2020.61,1166.58,DEV-2960-A,,3352
2961,Kavita Patel,41,7,False,1922.94,965.65,DEV-2961-A,,2366
2962,George Johnson,57,9,False,5283.4,2385.39,DEV-2962-A,,920
2963,Rajesh Taylor,53,8,False,2345.93,671.54,DEV-2963-A,,1359
2964,Suresh Verma,23,10,False,204.23,108.58,DEV-2964-A,,2029
2965,Meena Johnson,46,8,False,14080.15,3031.19,DEV-2965-A,,2660
2966,Kavita Sharma,57,7,False,2331.94,1020.77,DEV-2966-A,,3023
2967,George Patel,56,7,False,2213.67,644.11,DEV-2967-A,,3225
2968,Sunita Kumar,29,9,False,6514.39,2979.82,DEV-2968-A,,1399
2969,Eleanor Joshi,23,7,False,3608.68,1174.08,DEV-2969-A,,1808
2970,Martha Joshi,47,9,False,1418.3,810.85,DEV-2970-A,,523
2971,Lakshmi Taylor,37,8,False,2604.24,1490.47,DEV-2971-A,,2703
2972,Aarav Williams,33,5,False,2821.57,1494.41,DEV-2972-A,,3214
2973,George Sharma,18,4,False,3346.44,1101.22,DEV-2973-A,,1278
2974,Sunita Nair,59,7,False,4212.21,2279.94,DEV-2974-A,,2241
2975,Ramesh Nair,35,3,True,4352.72,890.82,DEV-2975-A,+91 98765 75850,2888
2976,Lakshmi Verma,53,8,False,7211.5,3566.17,DEV-2976-A,,236
2977,George Deshmukh,54,5,False,3080.23,714.18,DEV-2977-A,,3113
2978,Rajesh Rao,45,4,False,2949.61,1439.92,DEV-2978-A,,1799
2979,Kavita Kumar,59,9,False,975.19,448.08,DEV-2979-A,,1645
2980,Ramesh Verma,59,7,False,1849.63,885.24,DEV-2980-A,,1406
2981,Rajesh Deshmukh,42,5,False,2773.81,780.79,DEV-2981-A,,2370
2982,Sunita Smith,39,4,False,1521.84,617.82,DEV-2982-A,,1665
2983,Anish Patel,28,10,False,2120.92,794.11,DEV-2983-A,,1662
2984,Martha Kumar,58,5,False,795.04,342.89,DEV-2984-A,,2888
2985,Ramesh Kumar,50,5,False,2968.26,1029.34,DEV-2985-A,,582
2986,Suresh Smith,23,5,False,3653.02,2004.11,DEV-2986-A,,841
2987,Suresh Singhania,49,7,False,385.56,136.02,DEV-2987-A,,2701
2988,Vikram Smith,54,4,False,868.04,420.2,DEV-2988-A,,2553
2989,Lakshmi Rao,41,7,False,4904.5,2392.53,DEV-2989-A,,323
2990,Anish Kumar,24,8,False,3155.34,898.28,DEV-2990-A,,1791
2991,Arthur Williams,27,7,False,482.06,102.2,DEV-2991-A,,2389
2992,Rajesh Patel,43,8,False,1945.05,791.04,DEV-2992-A,,2781
2993,Martha Singhania,75,2,True,1893.45,617.27,DEV-2993-A,+91 98765 57876,1456
2994,Vikram Nair,55,6,False,1037.59,291.01,DEV-2994-A,,1441
2995,Aarav Kumar,84,3,True,2756.81,984.44,DEV-2995-A,+91 98765 49953,723
2996,Eleanor Johnson,50,5,False,1493.47,600.39,DEV-2996-A,,3395
2997,Devi Johnson,19,6,False,6156.81,2504.96,DEV-2997-A,,627
2998,Devi Sharma,41,8,False,3169.19,1601.44,DEV-2998-A,,3381
2999,Lakshmi Rao,66,2,True,749.06,290.59,DEV-2999-A,+91 98765 99831,1561
3000,Ramesh Kumar,39,6,False,4579.23,1169.04,DEV-3000-A,,3013
3001,Rajesh Patel,43,5,False,8875.55,2027.26,DEV-3001-A,,3059
3002,Sunita Rao,49,7,False,8246.23,4525.88,DEV-3002-A,,2573
3003,Ramesh Joshi,36,9,False,398.16,205.77,DEV-3003-A,,3439
3004,Kavita Sharma,38,6,False,2519.21,797.37,DEV-3004-A,,1436
3005,Meena Gupta,27,6,False,3008.92,1465.23,DEV-3005-A,,1873
3006,Suresh Sharma,86,6,True,7271.79,2795.37,DEV-3006-A,+91 98765 53499,886
3007,Vikram Rao,39,10,False,1141.76,678.66,DEV-3007-A,,2268
3008,Anish Smith,86,6,True,1285.55,717.37,DEV-3008-A,+91 98765 73311,2581
3009,Ramesh Taylor,43,7,False,2685.71,1182.88,DEV-3009-A,,2892
3010,Aarav Singhania,65,7,False,6896.86,2120.25,DEV-3010-A,,2417
3011,Sunita Gupta,71,5,True,3022.66,994.94,DEV-3011-A,+91 98765 32324,276
3012,Kavita Rao,49,5,False,7045.24,1968.08,DEV-3012-A,,3262
3013,Anish Sharma,88,5,True,1935.71,705.41,DEV-3013-A,+91 98765 70943,2711
3014,Aarav Patel,40,5,False,479.1,200.11,DEV-3014-A,,1621
3015,Anish Williams,53,5,False,1795.45,715.36,DEV-3015-A,,3520
3016,Eleanor Joshi,28,9,False,4285.43,1545.83,DEV-3016-A,,471
3017,Aarav Gupta,83,5,True,3033.08,1053.77,DEV-3017-A,+91 98765 95119,1613
3018,Lakshmi Singhania,88,3,True,2276.97,612.23,DEV-3018-A,+91 98765 76655,2936
3019,Meena Nair,35,6,False,857.23,464.76,DEV-3019-A,,2015
3020,Rajesh Verma,20,7,False,1363.56,381.73,DEV-3020-A,,844
3021,Devi Smith,32,7,False,5443.0,1101.16,DEV-3021-A,,2948
3022,Aarav Sharma,45,6,False,1512.54,711.58,DEV-3022-A,,1043
3023,Kavita Nair,64,8,False,3822.63,764.61,DEV-3023-A,,2036
3024,George Taylor,87,4,True,2492.31,591.46,DEV-3024-A,+91 98765 30578,105
3025,Eleanor Williams,68,3,True,2148.4,920.0,DEV-3025-A,+91 98765 56125,1485
3026,Kavita Rao,87,6,True,686.87,268.25,DEV-3026-A,+91 98765 75700,1159
3027,Sunita Williams,85,3,True,943.82,448.11,DEV-3027-A,+91 98765 43774,3629
3028,George Joshi,72,4,True,2070.19,1194.08,DEV-3028-A,+91 98765 13862,2303
3029,Anish Rao,22,7,False,1714.28,568.74,DEV-3029-A,,651
3030,Arthur Singhania,52,8,False,12593.73,3860.62,DEV-3030-A,,2720
3031,Ramesh Patel,82,3,True,3184.45,1770.94,DEV-3031-A,+91 98765 60096,2162
3032,Lakshmi Singhania,42,7,False,7124.87,1774.33,DEV-3032-A,,1014
3033,Ramesh Singhania,85,5,True,1388.34,481.57,DEV-3033-A,+91 98765 50944,2509
3034,Arthur Deshmukh,19,7,False,847.3,403.3,DEV-3034-A,,2250
3035,Ramesh Rao,39,9,False,4264.23,2053.54,DEV-3035-A,,2702
3036,Ramesh Johnson,49,7,False,3605.81,1370.59,DEV-3036-A,,2247
3037,Vikram Joshi,30,7,False,1715.76,777.95,DEV-3037-A,,595
3038,Kavita Taylor,34,9,False,997.16,329.95,DEV-3038-A,,2918
3039,Ramesh Singhania,33,8,False,1121.83,282.57,DEV-3039-A,,3184
3040,Ramesh Williams,47,10,False,1917.08,869.04,DEV-3040-A,,2343
3041,Priya Nair,74,3,True,1677.52,523.48,DEV-3041-A,+91 98765 18888,2312
3042,Meena Verma,27,5,False,739.89,302.43,DEV-3042-A,,1330
3043,Ramesh Taylor,61,9,False,957.91,320.39,DEV-3043-A,,150
3044,Arthur Singhania,36,6,False,1861.62,431.74,DEV-3044-A,,1714
3045,Kavita Deshmukh,45,7,False,2080.39,489.41,DEV-3045-A,,3084
3046,Anish Verma,77,4,True,5862.58,3096.13,DEV-3046-A,+91 98765 34632,467
3047,Ramesh Verma,44,7,False,532.8,223.53,DEV-3047-A,,137
3048,Anish Johnson,52,8,False,1942.69,1089.65,DEV-3048-A,,2352
3049,Lakshmi Johnson,80,3,True,1247.43,496.51,DEV-3049-A,+91 98765 40432,975
3050,Aarav Nair,77,5,True,1859.18,475.18,DEV-3050-A,+91 98765 20417,2848
3051,Suresh Verma,34,6,False,2727.98,928.99,DEV-3051-A,,2087
3052,Suresh Taylor,35,9,False,842.49,292.46,DEV-3052-A,,2690
3053,Eleanor Verma,53,9,False,654.46,320.79,DEV-3053-A,,3520
3054,George Deshmukh,31,7,False,3699.64,1374.38,DEV-3054-A,,1970
3055,Ramesh Verma,29,6,False,743.86,389.69,DEV-3055-A,,821
3056,Lakshmi Sharma,64,6,False,6112.98,2974.52,DEV-3056-A,,1703
3057,Aarav Gupta,42,8,False,679.36,401.1,DEV-3057-A,,1721
3058,Lakshmi Taylor,38,10,False,1267.01,527.84,DEV-3058-A,,2779
3059,Vikram Kumar,77,3,True,3718.09,2017.12,DEV-3059-A,+91 98765 36812,300
3060,Priya Deshmukh,25,8,False,1375.1,385.94,DEV-3060-A,,3581
3061,Suresh Taylor,23,8,False,2605.24,690.55,DEV-3061-A,,1360
3062,Devi Rao,78,3,True,8725.74,4642.97,DEV-3062-A,+91 98765 66040,1688
3063,Sunita Johnson,45,6,False,893.32,359.17,DEV-3063-A,,3041
3064,George Taylor,52,8,False,2910.8,1259.06,DEV-3064-A,,1311
3065,George Johnson,71,4,True,775.22,282.01,DEV-3065-A,+91 98765 84964,2462
3066,Sunita Smith,80,4,True,458.47,160.64,DEV-3066-A,+91 98765 24328,1879
3067,Devi Joshi,52,7,False,462.0,193.88,DEV-3067-A,,3625
3068,Sunita Rao,87,2,True,5696.04,1157.68,DEV-3068-A,+91 98765 77987,2233
3069,George Taylor,18,6,False,159.98,33.44,DEV-3069-A,,190
3070,George Smith,63,8,False,439.98,140.96,DEV-3070-A,,3164
3071,Sunita Rao,28,5,False,1218.06,504.18,DEV-3071-A,,1222
3072,Devi Singhania,30,5,False,1852.18,867.54,DEV-3072-A,,1277
3073,Kavita Deshmukh,69,3,True,819.76,187.19,DEV-3073-A,+91 98765 31821,1760
3074,Kavita Johnson,56,7,False,458.41,186.57,DEV-3074-A,,253
3075,Ramesh Deshmukh,85,6,True,5140.21,1853.87,DEV-3075-A,+91 98765 94685,1880
3076,Rajesh Taylor,87,2,True,3842.69,2066.15,DEV-3076-A,+91 98765 75622,493
3077,Priya Kumar,45,8,False,2505.89,690.49,DEV-3077-A,,2427
3078,Ramesh Singhania,64,5,False,776.37,247.3,DEV-3078-A,,1723
3079,Arthur Deshmukh,66,2,True,2779.46,672.05,DEV-3079-A,+91 98765 13265,762
3080,Devi Johnson,33,6,False,281.32,61.28,DEV-3080-A,,2948
3081,Vikram Deshmukh,89,2,True,4652.92,1523.73,DEV-3081-A,+91 98765 21820,1054
3082,Arthur Taylor,46,5,False,2411.21,664.46,DEV-3082-A,,2686
3083,Priya Taylor,79,2,True,588.89,323.01,DEV-3083-A,+91 98765 26193,403
3084,Meena Taylor,61,9,False,743.62,154.58,DEV-3084-A,,1870
3085,Eleanor Patel,67,5,True,1727.98,1005.43,DEV-3085-A,+91 98765 78657,2927
3086,George Taylor,85,3,True,3695.51,1271.47,DEV-3086-A,+91 98765 77065,2537
3087,Priya Singhania,48,8,False,2389.54,675.75,DEV-3087-A,,2284
3088,George Sharma,84,3,True,2975.08,721.11,DEV-3088-A,+91 98765 32398,1402
3089,Ramesh Verma,25,8,False,539.37,281.4,DEV-3089-A,,3588
3090,Ramesh Verma,82,3,True,292.35,63.54,DEV-3090-A,+91 98765 16725,1748
3091,Kavita Gupta,40,8,False,766.29,295.56,DEV-3091-A,,3020
3092,Devi Gupta,50,8,False,1684.59,481.61,DEV-3092-A,,2595
3093,Priya Patel,51,8,False,6783.17,3877.32,DEV-3093-A,,568
3094,Vikram Sharma,42,6,False,1700.22,754.22,DEV-3094-A,,2580
3095,Anish Sharma,36,7,False,681.69,281.49,DEV-3095-A,,1908
3096,Suresh Joshi,22,8,False,5905.4,1627.57,DEV-3096-A,,2072
3097,Aarav Johnson,48,7,False,7539.46,2700.6,DEV-3097-A,,3645
3098,Suresh Rao,38,8,False,2044.44,958.22,DEV-3098-A,,918
3099,Suresh Deshmukh,22,8,False,1671.26,397.4,DEV-3099-A,,1709
3100,Devi Patel,90,3,True,2896.39,1557.92,DEV-3100-A,+91 98765 88802,2488
3101,Aarav Rao,45,10,False,885.05,451.19,DEV-3101-A,,3643
3102,Anish Johnson,20,5,False,2434.2,823.68,DEV-3102-A,,2604
3103,Vikram Sharma,40,4,False,1331.68,323.52,DEV-3103-A,,787
3104,Ramesh Sharma,27,7,False,1195.25,695.37,DEV-3104-A,,2705
3105,Eleanor Sharma,25,9,False,5180.77,2749.39,DEV-3105-A,,625
3106,Sunita Williams,24,10,False,1876.61,815.82,DEV-3106-A,,2397
3107,Kavita Nair,76,3,True,1244.0,514.53,DEV-3107-A,+91 98765 21495,230
3108,Meena Singhania,42,9,False,533.52,296.85,DEV-3108-A,,760
3109,Priya Williams,50,6,False,4696.08,1131.56,DEV-3109-A,,1194
3110,Priya Deshmukh,21,7,False,1187.82,397.8,DEV-3110-A,,3099
3111,Eleanor Sharma,66,2,True,883.21,370.1,DEV-3111-A,+91 98765 22206,3177
3112,Kavita Nair,27,6,False,2672.82,969.24,DEV-3112-A,,1539
3113,George Joshi,40,7,False,5859.06,1471.44,DEV-3113-A,,307
3114,Martha Joshi,68,1,True,1076.77,377.08,DEV-3114-A,+91 98765 82151,295
3115,Kavita Deshmukh,50,5,False,1002.2,360.19,DEV-3115-A,,581
3116,Meena Taylor,19,6,False,2709.99,589.59,DEV-3116-A,,3550
3117,Anish Nair,60,8,False,2834.31,1126.37,DEV-3117-A,,2188
3118,Martha Smith,31,8,False,4213.26,1257.69,DEV-3118-A,,889
3119,Vikram Johnson,83,4,True,3450.31,1985.65,DEV-3119-A,+91 98765 17626,477
3120,Rajesh Deshmukh,66,3,True,620.53,141.85,DEV-3120-A,+91 98765 89269,3258
3121,Kavita Singhania,43,6,False,5693.43,1890.89,DEV-3121-A,,2523
3122,Arthur Gupta,56,5,False,1351.74,646.32,DEV-3122-A,,2182
3123,Eleanor Verma,24,5,False,3892.57,1088.23,DEV-3123-A,,2546
3124,Suresh Smith,86,3,True,1376.9,287.29,DEV-3124-A,+91 98765 92818,2068
3125,Suresh Kumar,49,4,False,1825.38,461.57,DEV-3125-A,,766
3126,Lakshmi Taylor,42,9,False,3088.84,1273.53,DEV-3126-A,,1219
3127,Vikram Sharma,56,6,False,876.0,231.93,DEV-3127-A,,514
3128,Aarav Deshmukh,34,7,False,527.93,224.41,DEV-3128-A,,2591
3129,Meena Taylor,86,4,True,723.92,381.44,DEV-3129-A,+91 98765 37175,3305
3130,Martha Singhania,54,6,False,888.66,191.69,DEV-3130-A,,216
3131,Arthur Nair,37,8,False,832.77,427.26,DEV-3131-A,,2325
3132,Vikram Sharma,47,6,False,6220.18,1641.91,DEV-3132-A,,2653
3133,Vikram Taylor,43,8,False,1970.81,448.36,DEV-3133-A,,1183
3134,Anish Kumar,50,7,False,345.81,72.48,DEV-3134-A,,307
3135,Kavita Gupta,38,7,False,5104.1,1940.75,DEV-3135-A,,2105
3136,Arthur Kumar,36,6,False,539.78,288.37,DEV-3136-A,,55
3137,Meena Williams,89,1,True,702.98,378.64,DEV-3137-A,+91 98765 53684,1428
3138,George Taylor,45,5,False,2288.19,1138.15,DEV-3138-A,,2360
3139,Aarav Joshi,52,8,False,2989.55,855.02,DEV-3139-A,,749
3140,Vikram Nair,66,2,True,4418.23,1188.7,DEV-3140-A,+91 98765 54294,2784
3141,Suresh Deshmukh,18,4,False,1047.49,442.0,DEV-3141-A,,3295
3142,Sunita Williams,30,6,False,2983.27,866.85,DEV-3142-A,,586
3143,Suresh Verma,49,5,False,1799.31,555.53,DEV-3143-A,,2599
3144,Devi Joshi,28,8,False,3318.36,1277.34,DEV-3144-A,,2229
3145,Arthur Deshmukh,65,6,False,2526.4,1481.66,DEV-3145-A,,3241
3146,Martha Taylor,75,2,True,1185.06,296.58,DEV-3146-A,+91 98765 17342,3450
3147,Kavita Johnson,26,7,False,6783.17,3480.94,DEV-3147-A,,2999
3148,Arthur Smith,68,5,True,3722.04,771.74,DEV-3148-A,+91 98765 80239,106
3149,Vikram Johnson,38,5,False,3677.2,1747.35,DEV-3149-A,,2837
3150,Arthur Kumar,73,3,True,2799.13,679.05,DEV-3150-A,+91 98765 56346,301
3151,Ramesh Gupta,49,6,False,3174.73,977.17,DEV-3151-A,,3473
3152,Aarav Nair,33,8,False,2012.3,520.7,DEV-3152-A,,1566
3153,Priya Johnson,89,4,True,676.4,341.15,DEV-3153-A,+91 98765 89388,1625
3154,Priya Johnson,90,4,True,1066.33,357.78,DEV-3154-A,+91 98765 25315,3571
3155,Kavita Taylor,29,9,False,1350.78,521.32,DEV-3155-A,,3543
3156,Arthur Taylor,52,5,False,5215.28,1862.45,DEV-3156-A,,159
3157,Anish Singhania,64,7,False,3196.31,1621.68,DEV-3157-A,,385
3158,Suresh Rao,23,7,False,552.71,114.97,DEV-3158-A,,1552
3159,Devi Joshi,34,6,False,1826.02,558.43,DEV-3159-A,,1269
3160,Vikram Smith,51,8,False,2005.39,918.75,DEV-3160-A,,1268
3161,Priya Patel,44,6,False,1443.29,678.81,DEV-3161-A,,1562
3162,Sunita Kumar,54,8,False,3501.29,1575.88,DEV-3162-A,,857
3163,Rajesh Deshmukh,90,2,True,1938.3,1029.84,DEV-3163-A,+91 98765 76321,132
3164,Suresh Smith,34,8,False,6678.07,2565.41,DEV-3164-A,,661
3165,Vikram Nair,41,9,False,589.21,294.91,DEV-3165-A,,2010
3166,Kavita Kumar,62,7,False,579.88,299.6,DEV-3166-A,,1370
3167,Ramesh Kumar,48,9,False,2135.18,991.8,DEV-3167-A,,3600
3168,Meena Joshi,44,8,False,872.0,457.28,DEV-3168-A,,2144
3169,Ramesh Rao,79,2,True,2388.65,866.42,DEV-3169-A,+91 98765 14791,1911
3170,George Taylor,78,4,True,443.95,178.25,DEV-3170-A,+91 98765 78464,504
3171,Aarav Gupta,59,9,False,2153.59,845.4,DEV-3171-A,,210
3172,Rajesh Nair,23,4,False,3136.02,821.56,DEV-3172-A,,1942
3173,Sunita Patel,78,4,True,1863.14,973.32,DEV-3173-A,+91 98765 78233,3168
3174,Kavita Sharma,63,6,False,926.74,376.94,DEV-3174-A,,2395
3175,Kavita Williams,35,8,False,627.1,147.73,DEV-3175-A,,889
3176,Arthur Rao,21,9,False,936.48,395.12,DEV-3176-A,,818
3177,Kavita Gupta,45,4,False,3910.2,2246.25,DEV-3177-A,,2210
3178,Arthur Kumar,21,8,False,2334.71,1217.68,DEV-3178-A,,1836
3179,Meena Gupta,29,9,False,821.68,192.03,DEV-3179-A,,641
3180,Priya Gupta,74,4,True,3807.39,914.14,DEV-3180-A,+91 98765 25002,92
3181,Meena Rao,66,4,True,2715.28,588.23,DEV-3181-A,+91 98765 81110,1464
3182,Arthur Gupta,19,5,False,1347.65,570.53,DEV-3182-A,,609
3183,Kavita Johnson,84,4,True,1375.65,275.26,DEV-3183-A,+91 98765 42089,731
3184,Rajesh Gupta,28,6,False,10455.49,6015.96,DEV-3184-A,,2541
3185,Arthur Smith,25,4,False,1212.12,664.2,DEV-3185-A,,1847
3186,Sunita Verma,57,8,False,11487.41,2719.53,DEV-3186-A,,148
3187,Suresh Williams,46,7,False,1399.71,281.69,DEV-3187-A,,236
3188,Meena Singhania,37,7,False,823.87,387.92,DEV-3188-A,,250
3189,Rajesh Singhania,80,1,True,3922.25,1182.17,DEV-3189-A,+91 98765 61369,763
3190,Devi Johnson,39,7,False,443.07,166.62,DEV-3190-A,,1486
3191,Kavita Nair,51,5,False,6374.81,1915.78,DEV-3191-A,,3378
3192,Vikram Taylor,28,9,False,958.83,481.99,DEV-3192-A,,3136
3193,Rajesh Kumar,61,8,False,569.11,243.74,DEV-3193-A,,3161
3194,Devi Johnson,49,6,False,19713.59,8401.59,DEV-3194-A,,569
3195,Rajesh Joshi,65,7,False,1246.56,317.07,DEV-3195-A,,3316
3196,Devi Patel,22,7,False,1042.13,286.06,DEV-3196-A,,1896
3197,Kavita Williams,49,5,False,5119.5,2259.39,DEV-3197-A,,2669
3198,Devi Deshmukh,38,4,False,2992.04,949.54,DEV-3198-A,,979
3199,Lakshmi Verma,20,7,False,5203.32,1717.37,DEV-3199-A,,3557
3200,Anish Nair,48,7,False,2054.38,1115.66,DEV-3200-A,,1635
3201,Priya Taylor,82,3,True,2864.32,821.65,DEV-3201-A,+91 98765 97186,1383
3202,Arthur Deshmukh,42,6,False,1196.78,530.06,DEV-3202-A,,2026
3203,Aarav Patel,48,9,False,3131.81,1577.79,DEV-3203-A,,1976
3204,Meena Nair,81,3,True,2060.35,686.23,DEV-3204-A,+91 98765 72737,1919
3205,Priya Gupta,50,6,False,1491.83,453.64,DEV-3205-A,,3175
3206,Eleanor Johnson,29,7,False,3341.16,1566.65,DEV-3206-A,,2383
3207,Ramesh Smith,18,7,False,3274.61,1106.54,DEV-3207-A,,451
3208,George Joshi,82,4,True,447.15,107.27,DEV-3208-A,+91 98765 24022,1364
3209,Rajesh Kumar,84,3,True,1210.17,512.21,DEV-3209-A,+91 98765 49599,2212
3210,Devi Singhania,70,1,True,2909.3,582.96,DEV-3210-A,+91 98765 87402,1723
3211,Lakshmi Johnson,69,4,True,1682.89,612.47,DEV-3211-A,+91 98765 41941,2274
3212,Priya Deshmukh,51,3,True,704.2,359.2,DEV-3212-A,+91 98765 60307,300
3213,Arthur Rao,52,5,False,913.29,196.45,DEV-3213-A,,3363
3214,Martha Kumar,55,6,False,1290.55,595.63,DEV-3214-A,,1813
3215,Arthur Smith,62,7,False,6792.57,3787.69,DEV-3215-A,,2873
3216,Lakshmi Verma,86,4,True,4551.06,1463.11,DEV-3216-A,+91 98765 96849,2772
3217,Rajesh Taylor,90,2,True,1071.76,403.91,DEV-3217-A,+91 98765 85260,3457
3218,Suresh Patel,21,7,False,2343.36,990.73,DEV-3218-A,,2455
3219,Devi Nair,60,6,False,1803.31,802.34,DEV-3219-A,,2303
3220,Meena Joshi,66,5,True,1228.87,357.36,DEV-3220-A,+91 98765 68355,751
3221,Kavita Singhania,32,6,False,772.3,416.12,DEV-3221-A,,315
3222,Meena Williams,76,5,True,442.21,215.94,DEV-3222-A,+91 98765 88172,3189
3223,George Nair,33,7,False,1874.02,627.99,DEV-3223-A,,2054
3224,Sunita Patel,64,6,False,918.54,371.79,DEV-3224-A,,921
3225,Ramesh Johnson,38,6,False,1005.94,215.57,DEV-3225-A,,3122
3226,Aarav Kumar,64,6,False,1782.55,478.93,DEV-3226-A,,630
3227,Ramesh Deshmukh,24,6,False,2158.68,1083.04,DEV-3227-A,,2206
3228,Kavita Singhania,19,8,False,1428.44,696.24,DEV-3228-A,,2551
3229,Devi Rao,22,7,False,5240.27,2823.0,DEV-3229-A,,872
3230,Arthur Gupta,56,8,False,629.71,241.89,DEV-3230-A,,2365
3231,Kavita Singhania,20,8,False,8452.78,3561.76,DEV-3231-A,,2970
3232,Eleanor Patel,20,8,False,1726.3,619.81,DEV-3232-A,,2416
3233,Aarav Johnson,58,8,False,3085.81,1258.12,DEV-3233-A,,2120
3234,George Joshi,79,4,True,1481.32,438.61,DEV-3234-A,+91 98765 26718,3521
3235,Kavita Sharma,36,5,False,1270.18,371.8,DEV-3235-A,,1542
3236,Sunita Sharma,82,3,True,4855.67,2167.79,DEV-3236-A,+91 98765 83404,3391
3237,Eleanor Patel,48,8,False,1544.51,386.51,DEV-3237-A,,3557
3238,Kavita Joshi,45,7,False,320.77,122.87,DEV-3238-A,,157
3239,Lakshmi Singhania,51,7,False,724.01,215.01,DEV-3239-A,,2906
3240,George Williams,29,10,False,748.0,367.3,DEV-3240-A,,1333
3241,George Singhania,62,3,True,1105.13,387.22,DEV-3241-A,+91 98765 60012,1812
3242,Vikram Williams,59,9,False,1782.38,980.1,DEV-3242-A,,740
3243,Suresh Verma,29,8,False,841.76,269.78,DEV-3243-A,,800
3244,George Joshi,19,7,False,2432.02,1390.42,DEV-3244-A,,1505
3245,Martha Verma,66,2,True,2998.42,880.57,DEV-3245-A,+91 98765 47810,3604
3246,Ramesh Verma,51,6,False,883.24,290.22,DEV-3246-A,,77
3247,Rajesh Williams,28,8,False,1095.06,292.25,DEV-3247-A,,94
3248,Ramesh Taylor,19,7,False,1898.71,631.29,DEV-3248-A,,2023
3249,Martha Verma,25,8,False,2038.25,1046.9,DEV-3249-A,,376
3250,Ramesh Williams,58,8,False,388.95,91.99,DEV-3250-A,,3331
3251,Martha Joshi,62,10,False,2488.45,1284.45,DEV-3251-A,,1897
3252,Martha Johnson,30,7,False,457.43,151.98,DEV-3252-A,,766
3253,Devi Smith,79,5,True,1636.73,707.47,DEV-3253-A,+91 98765 65590,2291
3254,Devi Singhania,71,4,True,1219.92,377.97,DEV-3254-A,+91 98765 56570,954
3255,Priya Singhania,53,7,False,551.35,180.44,DEV-3255-A,,2506
3256,Aarav Johnson,35,8,False,1606.98,328.96,DEV-3256-A,,2070
3257,Lakshmi Taylor,55,9,False,1813.9,423.73,DEV-3257-A,,2085
3258,Anish Singhania,62,9,False,4815.1,2777.99,DEV-3258-A,,2267
3259,Eleanor Sharma,75,3,True,1132.93,406.93,DEV-3259-A,+91 98765 14963,2357
3260,Suresh Taylor,38,4,False,872.61,325.43,DEV-3260-A,,1539
3261,Meena Johnson,90,6,True,1343.66,714.93,DEV-3261-A,+91 98765 73115,2858
3262,Rajesh Verma,41,4,False,552.57,193.34,DEV-3262-A,,3020
3263,Anish Deshmukh,85,3,True,854.3,204.57,DEV-3263-A,+91 98765 77757,350
3264,Rajesh Rao,58,7,False,715.67,145.2,DEV-3264-A,,1965
3265,Rajesh Williams,38,7,False,9135.24,5401.74,DEV-3265-A,,2625
3266,Kavita Johnson,80,2,True,1627.16,875.82,DEV-3266-A,+91 98765 16917,1437
3267,Aarav Deshmukh,83,3,True,2078.96,1245.64,DEV-3267-A,+91 98765 69511,2129
3268,Suresh Johnson,34,8,False,2221.17,653.63,DEV-3268-A,,3035
3269,Arthur Singhania,83,3,True,1523.61,629.01,DEV-3269-A,+91 98765 56257,3299
3270,Kavita Gupta,48,8,False,825.96,228.23,DEV-3270-A,,716
3271,Sunita Taylor,53,6,False,552.48,161.93,DEV-3271-A,,2477
3272,Kavita Taylor,49,8,False,3120.59,1348.05,DEV-3272-A,,3245
3273,Anish Sharma,23,6,False,2722.71,1400.96,DEV-3273-A,,2607
3274,Suresh Johnson,34,4,False,809.18,439.81,DEV-3274-A,,722
3275,Sunita Williams,26,5,False,2127.46,1025.26,DEV-3275-A,,1225
3276,Aarav Gupta,83,2,True,193.24,110.33,DEV-3276-A,+91 98765 73538,367
3277,Ramesh Smith,51,10,False,1287.53,612.47,DEV-3277-A,,344
3278,Anish Gupta,24,7,False,5015.55,1148.26,DEV-3278-A,,572
3279,Anish Gupta,72,2,True,1481.67,671.95,DEV-3279-A,+91 98765 43679,88
3280,Meena Johnson,81,4,True,1275.06,441.81,DEV-3280-A,+91 98765 32886,2453
3281,Ramesh Williams,56,5,False,5030.29,2825.96,DEV-3281-A,,1859
3282,Eleanor Kumar,50,7,False,1797.89,714.48,DEV-3282-A,,748
3283,Anish Kumar,29,9,False,1891.9,966.28,DEV-3283-A,,2900
3284,Lakshmi Deshmukh,72,2,True,3589.27,1955.56,DEV-3284-A,+91 98765 33699,3304
3285,Sunita Nair,82,3,True,1468.91,867.01,DEV-3285-A,+91 98765 21062,624
3286,Ramesh Joshi,79,6,True,2915.63,1219.16,DEV-3286-A,+91 98765 75004,3113
3287,Martha Kumar,21,7,False,6966.54,3198.22,DEV-3287-A,,1599
3288,Lakshmi Williams,50,5,False,1761.85,548.79,DEV-3288-A,,1832
3289,Priya Rao,28,6,False,1023.47,446.47,DEV-3289-A,,2396
3290,Eleanor Sharma,57,8,False,1237.09,635.96,DEV-3290-A,,2660
3291,Anish Kumar,33,7,False,1610.24,853.86,DEV-3291-A,,3386
3292,Meena Sharma,64,7,False,963.08,408.08,DEV-3292-A,,716
3293,Devi Singhania,30,10,False,743.57,246.08,DEV-3293-A,,1980
3294,Kavita Deshmukh,71,2,True,3759.11,2012.86,DEV-3294-A,+91 98765 79798,987
3295,George Williams,24,7,False,2205.28,514.21,DEV-3295-A,,2920
3296,George Deshmukh,59,8,False,1721.13,594.26,DEV-3296-A,,1105
3297,Ramesh Smith,36,2,True,1884.83,636.64,DEV-3297-A,+91 98765 66981,78
3298,Kavita Kumar,63,8,False,2551.54,1503.22,DEV-3298-A,,1868
3299,George Williams,35,6,False,6180.95,2910.19,DEV-3299-A,,1323
3300,Sunita Patel,48,5,False,1457.81,507.5,DEV-3300-A,,2206
3301,Eleanor Joshi,19,8,False,27405.58,11239.03,DEV-3301-A,,1798
3302,Anish Nair,89,2,True,398.58,137.2,DEV-3302-A,+91 98765 45432,1123
3303,Meena Gupta,73,6,True,3621.23,1959.83,DEV-3303-A,+91 98765 95766,2422
3304,George Deshmukh,74,3,True,1037.27,388.12,DEV-3304-A,+91 98765 98511,3098
3305,Lakshmi Taylor,37,7,False,1076.8,368.45,DEV-3305-A,,2782
3306,Vikram Smith,34,9,False,3289.72,980.06,DEV-3306-A,,1412
3307,Priya Nair,21,7,False,2891.93,950.69,DEV-3307-A,,2273
3308,Aarav Williams,33,7,False,809.48,215.82,DEV-3308-A,,64
3309,Rajesh Sharma,52,5,False,3257.98,697.29,DEV-3309-A,,1714
3310,Meena Smith,20,9,False,1091.54,406.81,DEV-3310-A,,455
3311,Devi Nair,47,10,False,1976.56,611.55,DEV-3311-A,,928
3312,Kavita Gupta,25,4,False,2968.82,1119.23,DEV-3312-A,,820
3313,Sunita Sharma,59,10,False,1647.27,688.03,DEV-3313-A,,2567
3314,Rajesh Sharma,68,3,True,7904.13,3727.28,DEV-3314-A,+91 98765 87874,2719
3315,Vikram Johnson,80,1,True,541.44,273.81,DEV-3315-A,+91 98765 93634,528
3316,Meena Patel,55,7,False,1126.6,418.12,DEV-3316-A,,3537
3317,Ramesh Singhania,39,7,False,911.27,356.87,DEV-3317-A,,2718
3318,Priya Patel,24,9,False,3126.83,1585.03,DEV-3318-A,,2879
3319,Priya Gupta,83,4,True,1655.56,904.22,DEV-3319-A,+91 98765 48609,1942
3320,Rajesh Williams,37,7,False,698.63,252.04,DEV-3320-A,,1887
3321,Anish Kumar,55,9,False,2711.25,1095.23,DEV-3321-A,,1778
3322,Arthur Gupta,24,6,False,3450.18,2030.5,DEV-3322-A,,693
3323,Rajesh Gupta,25,8,False,2615.19,977.11,DEV-3323-A,,3213
3324,Sunita Singhania,85,5,True,4812.08,2589.71,DEV-3324-A,+91 98765 60933,1392
3325,Sunita Gupta,37,8,False,1468.78,823.08,DEV-3325-A,,3359
3326,Anish Verma,89,3,True,4777.18,2848.73,DEV-3326-A,+91 98765 67747,314
3327,Suresh Rao,48,9,False,13720.84,4509.97,DEV-3327-A,,2529
3328,George Verma,22,7,False,1953.52,499.73,DEV-3328-A,,2673
3329,Suresh Patel,71,1,True,7354.45,2218.16,DEV-3329-A,+91 98765 28857,2244
3330,Martha Rao,79,4,True,7835.03,3477.4,DEV-3330-A,+91 98765 90473,2665
3331,Meena Deshmukh,23,5,False,1644.72,466.04,DEV-3331-A,,2960
3332,Anish Patel,61,7,False,3428.72,970.67,DEV-3332-A,,172
3333,Rajesh Patel,59,8,False,2827.01,1547.8,DEV-3333-A,,2370
3334,Anish Kumar,52,6,False,2514.9,853.33,DEV-3334-A,,1856
3335,Aarav Deshmukh,43,8,False,1838.03,1010.4,DEV-3335-A,,639
3336,Aarav Sharma,26,6,False,771.14,243.91,DEV-3336-A,,2752
3337,George Gupta,57,8,False,2593.59,1063.58,DEV-3337-A,,650
3338,Arthur Singhania,31,10,False,4682.25,2327.0,DEV-3338-A,,2383
3339,Aarav Smith,32,5,False,603.62,352.38,DEV-3339-A,,2928
3340,Suresh Deshmukh,46,8,False,3498.7,1071.36,DEV-3340-A,,1816
3341,George Joshi,54,7,False,3924.31,2268.44,DEV-3341-A,,3010
3342,Rajesh Smith,31,8,False,2091.6,1110.18,DEV-3342-A,,955
3343,Aarav Singhania,77,1,True,4554.69,2613.59,DEV-3343-A,+91 98765 73185,526
3344,Eleanor Nair,45,4,False,6828.04,2908.25,DEV-3344-A,,2822
3345,Kavita Singhania,48,10,False,626.45,160.17,DEV-3345-A,,256
3346,Rajesh Nair,18,8,False,801.3,192.05,DEV-3346-A,,2219
3347,Arthur Patel,83,2,True,1103.82,300.9,DEV-3347-A,+91 98765 70245,3144
3348,Kavita Williams,18,8,False,2344.22,1044.74,DEV-3348-A,,861
3349,Priya Smith,30,7,False,421.39,245.14,DEV-3349-A,,191
3350,George Williams,33,6,False,6824.96,2178.11,DEV-3350-A,,812
3351,Kavita Taylor,47,8,False,860.91,195.72,DEV-3351-A,,1627
3352,Meena Williams,87,3,True,1575.63,825.3,DEV-3352-A,+91 98765 57089,2022
3353,Rajesh Williams,89,5,True,1576.52,549.08,DEV-3353-A,+91 98765 67407,3041
3354,Vikram Verma,29,5,False,1529.33,906.61,DEV-3354-A,,176
3355,Vikram Sharma,24,10,False,4908.75,2038.27,DEV-3355-A,,2978
3356,Lakshmi Deshmukh,61,7,False,813.52,256.17,DEV-3356-A,,1622
3357,Rajesh Kumar,86,4,True,736.71,215.44,DEV-3357-A,+91 98765 80851,2665
3358,Kavita Deshmukh,50,8,False,3104.48,1110.94,DEV-3358-A,,2217
3359,Devi Sharma,42,5,False,1568.54,711.49,DEV-3359-A,,181
3360,Arthur Sharma,41,8,False,2919.69,1296.94,DEV-3360-A,,1413
3361,Sunita Singhania,41,8,False,1047.46,413.29,DEV-3361-A,,514
3362,Vikram Kumar,32,6,False,1286.99,657.48,DEV-3362-A,,2708
3363,Devi Williams,32,3,True,5675.66,2451.0,DEV-3363-A,+91 98765 80328,640
3364,Lakshmi Patel,80,3,True,4300.3,886.49,DEV-3364-A,+91 98765 14833,3042
3365,Ramesh Deshmukh,45,9,False,9650.03,4444.17,DEV-3365-A,,2708
3366,Aarav Deshmukh,27,5,False,2700.82,1350.98,DEV-3366-A,,2562
3367,Sunita Rao,39,7,False,1876.54,681.45,DEV-3367-A,,2902
3368,Ramesh Sharma,65,8,False,1089.24,492.68,DEV-3368-A,,735
3369,Sunita Gupta,55,7,False,312.54,137.19,DEV-3369-A,,3391
3370,Meena Deshmukh,48,6,False,7456.32,2094.55,DEV-3370-A,,2533
3371,Priya Joshi,31,8,False,3063.99,860.94,DEV-3371-A,,2450
3372,Rajesh Joshi,88,4,True,1815.16,876.19,DEV-3372-A,+91 98765 23937,497
3373,Suresh Johnson,66,4,True,1097.9,368.43,DEV-3373-A,+91 98765 90691,933
3374,Rajesh Kumar,75,3,True,1568.54,527.58,DEV-3374-A,+91 98765 36560,1775
3375,Arthur Kumar,44,9,False,1030.91,246.16,DEV-3375-A,,3453
3376,George Nair,40,7,False,1206.26,420.94,DEV-3376-A,,524
3377,Ramesh Nair,71,5,True,4498.13,2262.58,DEV-3377-A,+91 98765 37948,3160
3378,Sunita Johnson,25,8,False,3544.97,1527.66,DEV-3378-A,,740
3379,Arthur Patel,81,2,True,3019.09,1122.79,DEV-3379-A,+91 98765 25826,1151
3380,Ramesh Kumar,49,8,False,1004.97,404.49,DEV-3380-A,,1730
3381,Priya Taylor,19,5,False,2020.77,502.46,DEV-3381-A,,1545
3382,Priya Deshmukh,41,7,False,467.71,274.34,DEV-3382-A,,1027
3383,Sunita Verma,55,7,False,3398.56,1325.77,DEV-3383-A,,439
3384,George Kumar,78,4,True,1689.07,534.81,DEV-3384-A,+91 98765 30677,94
3385,Suresh Patel,26,7,False,4307.63,2393.48,DEV-3385-A,,56
3386,Aarav Verma,86,3,True,1054.77,369.15,DEV-3386-A,+91 98765 21683,2924
3387,Kavita Singhania,58,6,False,3693.12,1561.15,DEV-3387-A,,2870
3388,Suresh Taylor,65,7,False,1432.69,633.88,DEV-3388-A,,549
3389,Vikram Verma,87,2,True,1412.06,568.5,DEV-3389-A,+91 98765 93863,1139
3390,Devi Singhania,23,7,False,6684.23,2322.42,DEV-3390-A,,1009
3391,Priya Johnson,22,9,False,7662.33,2393.35,DEV-3391-A,,2863
3392,Sunita Johnson,83,2,True,413.87,172.79,DEV-3392-A,+91 98765 33593,2967
3393,Suresh Johnson,24,7,False,2977.16,691.63,DEV-3393-A,,390
3394,Kavita Nair,43,8,False,13416.12,6410.45,DEV-3394-A,,1745
3395,Aarav Smith,21,8,False,1144.48,265.47,DEV-3395-A,,995
3396,Vikram Patel,78,5,True,511.2,133.5,DEV-3396-A,+91 98765 79494,421
3397,Eleanor Joshi,22,6,False,1409.55,458.05,DEV-3397-A,,3147
3398,Lakshmi Deshmukh,51,9,False,2518.39,1164.75,DEV-3398-A,,3185
3399,Vikram Gupta,57,6,False,245.8,89.92,DEV-3399-A,,247
3400,Vikram Patel,77,2,True,2867.05,1594.21,DEV-3400-A,+91 98765 29558,2836
3401,Suresh Deshmukh,79,6,True,1657.18,513.67,DEV-3401-A,+91 98765 33111,684
3402,Sunita Sharma,66,1,True,3756.16,789.35,DEV-3402-A,+91 98765 94523,1521
3403,Kavita Rao,69,4,True,1245.68,458.55,DEV-3403-A,+91 98765 66973,1059
3404,Arthur Johnson,55,5,False,1171.11,597.33,DEV-3404-A,,3327
3405,Devi Sharma,45,7,False,1549.42,719.97,DEV-3405-A,,457
3406,Sunita Smith,38,5,False,652.17,307.87,DEV-3406-A,,750
3407,Priya Kumar,21,6,False,3183.11,739.56,DEV-3407-A,,149
3408,Suresh Smith,80,3,True,4197.38,2018.77,DEV-3408-A,+91 98765 25212,320
3409,Lakshmi Taylor,53,6,False,3551.68,1454.3,DEV-3409-A,,1851
3410,Arthur Singhania,49,8,False,1426.46,379.94,DEV-3410-A,,844
3411,Arthur Rao,27,10,False,3710.19,1030.87,DEV-3411-A,,3220
3412,Meena Nair,43,9,False,3536.31,1341.15,DEV-3412-A,,962
3413,Meena Rao,86,3,True,6961.7,2977.76,DEV-3413-A,+91 98765 64079,3593
3414,Vikram Singhania,63,8,False,2183.92,748.55,DEV-3414-A,,933
3415,Rajesh Deshmukh,37,9,False,5008.86,2233.24,DEV-3415-A,,2426
3416,Suresh Sharma,78,4,True,1725.88,593.32,DEV-3416-A,+91 98765 67129,623
3417,Vikram Johnson,85,2,True,3610.7,1536.84,DEV-3417-A,+91 98765 69636,759
3418,George Nair,52,7,False,781.92,254.84,DEV-3418-A,,588
3419,Devi Taylor,21,7,False,2635.16,1451.36,DEV-3419-A,,825
3420,Eleanor Gupta,62,7,False,304.83,143.36,DEV-3420-A,,858
3421,Arthur Verma,88,4,True,1353.99,771.27,DEV-3421-A,+91 98765 14206,2865
3422,Sunita Gupta,61,7,False,3104.77,1804.51,DEV-3422-A,,589
3423,Meena Joshi,64,3,True,724.07,308.88,DEV-3423-A,+91 98765 71018,1908
3424,Martha Verma,27,9,False,1644.63,339.11,DEV-3424-A,,3144
3425,Arthur Rao,35,8,False,3036.93,1755.58,DEV-3425-A,,1238
3426,Priya Kumar,57,7,False,1613.52,823.1,DEV-3426-A,,3284
3427,Priya Johnson,55,8,False,2152.48,1043.86,DEV-3427-A,,2294
3428,Lakshmi Patel,41,5,False,461.81,123.18,DEV-3428-A,,1716
3429,Suresh Joshi,19,8,False,893.72,465.55,DEV-3429-A,,916
3430,Suresh Joshi,90,4,True,470.14,270.26,DEV-3430-A,+91 98765 70655,1173
3431,Aarav Taylor,28,8,False,3486.96,821.49,DEV-3431-A,,1783
3432,Lakshmi Rao,79,3,True,337.09,139.2,DEV-3432-A,+91 98765 52899,1808
3433,Lakshmi Johnson,35,7,False,3235.26,706.0,DEV-3433-A,,640
3434,Aarav Singhania,37,3,True,3491.01,1080.6,DEV-3434-A,+91 98765 15796,194
3435,Suresh Taylor,26,5,False,527.25,235.79,DEV-3435-A,,3178
3436,Sunita Singhania,66,4,True,1520.5,644.69,DEV-3436-A,+91 98765 79615,1645
3437,Suresh Kumar,47,8,False,2017.13,1044.51,DEV-3437-A,,3298
3438,Meena Deshmukh,20,6,False,352.25,114.77,DEV-3438-A,,2058
3439,Lakshmi Patel,64,8,False,3349.84,1995.61,DEV-3439-A,,2317
3440,Aarav Taylor,35,8,False,2633.26,908.14,DEV-3440-A,,3027
3441,Martha Rao,67,3,True,1510.08,623.56,DEV-3441-A,+91 98765 27394,1498
3442,Kavita Rao,36,9,False,5437.46,1543.12,DEV-3442-A,,2682
3443,Rajesh Sharma,19,10,False,437.48,240.89,DEV-3443-A,,1995
3444,Kavita Verma,85,5,True,2096.18,787.58,DEV-3444-A,+91 98765 70199,3544
3445,Aarav Deshmukh,68,2,True,683.88,310.27,DEV-3445-A,+91 98765 70786,3191
3446,Ramesh Joshi,19,8,False,2728.7,981.4,DEV-3446-A,,2910
3447,George Verma,46,8,False,2760.97,870.42,DEV-3447-A,,3265
3448,Eleanor Williams,38,8,False,7983.36,2114.73,DEV-3448-A,,1931
3449,Aarav Joshi,38,7,False,3005.51,1786.44,DEV-3449-A,,2599
3450,Rajesh Singhania,70,3,True,9136.87,3094.69,DEV-3450-A,+91 98765 53634,2204
3451,Sunita Gupta,79,1,True,5195.44,1902.9,DEV-3451-A,+91 98765 65823,3113
3452,Anish Taylor,76,3,True,1602.99,435.78,DEV-3452-A,+91 98765 90281,2251
3453,Vikram Kumar,61,5,False,3458.85,1141.08,DEV-3453-A,,2834
3454,Rajesh Johnson,76,2,True,4528.08,1872.74,DEV-3454-A,+91 98765 54000,3043
3455,Sunita Smith,21,7,False,559.18,131.07,DEV-3455-A,,2793
3456,Eleanor Sharma,77,3,True,1949.88,930.85,DEV-3456-A,+91 98765 24544,1598
3457,Eleanor Deshmukh,86,6,True,4579.49,2705.51,DEV-3457-A,+91 98765 91151,197
3458,Eleanor Nair,59,10,False,3606.42,2149.7,DEV-3458-A,,747
3459,Rajesh Smith,23,5,False,3862.84,1761.59,DEV-3459-A,,2935
3460,Vikram Verma,57,6,False,1236.99,554.98,DEV-3460-A,,1401
3461,Lakshmi Smith,26,8,False,1199.11,396.71,DEV-3461-A,,495
3462,Suresh Taylor,49,9,False,516.99,259.6,DEV-3462-A,,3111
3463,Vikram Kumar,83,3,True,1910.34,556.54,DEV-3463-A,+91 98765 39548,1342
3464,Eleanor Gupta,19,5,False,1390.68,673.3,DEV-3464-A,,2092
3465,Martha Gupta,61,6,False,518.88,242.41,DEV-3465-A,,253
3466,Rajesh Nair,45,6,False,1672.77,603.16,DEV-3466-A,,1444
3467,Devi Deshmukh,70,3,True,3413.86,1261.2,DEV-3467-A,+91 98765 75726,2187
3468,Meena Deshmukh,64,9,False,1443.43,640.71,DEV-3468-A,,2937
3469,Kavita Deshmukh,25,5,False,2637.56,1065.8,DEV-3469-A,,2573
3470,Eleanor Kumar,52,7,False,4195.47,1308.05,DEV-3470-A,,2787
3471,Rajesh Rao,32,7,False,1939.58,718.32,DEV-3471-A,,3650
3472,Devi Patel,30,7,False,6207.9,2113.53,DEV-3472-A,,358
3473,George Verma,41,7,False,4540.09,2211.69,DEV-3473-A,,1211
3474,Rajesh Patel,82,3,True,3105.36,1804.15,DEV-3474-A,+91 98765 31596,1160
3475,Meena Taylor,19,8,False,1471.67,456.0,DEV-3475-A,,636
3476,Suresh Verma,35,8,False,525.62,197.28,DEV-3476-A,,3613
3477,Vikram Smith,67,3,True,3169.62,893.16,DEV-3477-A,+91 98765 92218,122
3478,Kavita Singhania,85,2,True,1251.48,295.33,DEV-3478-A,+91 98765 99443,2247
3479,Ramesh Deshmukh,54,5,False,826.97,365.27,DEV-3479-A,,1450
3480,Martha Deshmukh,75,2,True,3634.43,1083.51,DEV-3480-A,+91 98765 94500,117
3481,Kavita Rao,88,2,True,379.81,183.39,DEV-3481-A,+91 98765 18250,120
3482,Lakshmi Joshi,55,8,False,399.47,196.65,DEV-3482-A,,2158
3483,Arthur Singhania,20,7,False,1451.48,366.84,DEV-3483-A,,2400
3484,Arthur Williams,61,6,False,580.53,162.01,DEV-3484-A,,2676
3485,Arthur Deshmukh,53,8,False,991.84,225.32,DEV-3485-A,,2460
3486,Devi Deshmukh,24,2,True,3411.84,1981.02,DEV-3486-A,+91 98765 49856,2353
3487,Ramesh Kumar,86,4,True,5336.65,2038.52,DEV-3487-A,+91 98765 50172,733
3488,Anish Rao,41,7,False,2856.54,1232.97,DEV-3488-A,,2013
3489,Eleanor Gupta,32,6,False,409.91,100.78,DEV-3489-A,,3182
3490,Sunita Verma,77,2,True,2728.48,1163.23,DEV-3490-A,+91 98765 56284,1194
3491,Devi Verma,38,7,False,1475.74,533.35,DEV-3491-A,,2563
3492,Priya Taylor,43,6,False,735.13,403.33,DEV-3492-A,,2222
3493,Kavita Verma,41,7,False,1421.75,774.95,DEV-3493-A,,748
3494,Ramesh Verma,43,9,False,2533.98,642.0,DEV-3494-A,,1004
3495,Meena Sharma,25,7,False,2172.54,947.04,DEV-3495-A,,1326
3496,Ramesh Deshmukh,70,5,True,1293.02,450.9,DEV-3496-A,+91 98765 44132,1544
3497,Priya Rao,33,6,False,6526.48,3867.27,DEV-3497-A,,2333
3498,Sunita Williams,40,8,False,1085.76,405.24,DEV-3498-A,,1328
3499,Eleanor Verma,84,5,True,1384.42,535.48,DEV-3499-A,+91 98765 58878,1866
3500,Priya Smith,32,7,False,617.34,310.03,DEV-3500-A,,1265
3501,Meena Sharma,57,5,False,3936.98,1545.56,DEV-3501-A,,1687
3502,Suresh Kumar,20,7,False,1772.65,474.92,DEV-3502-A,,625
3503,Devi Nair,60,9,False,2704.94,815.68,DEV-3503-A,,669
3504,Aarav Taylor,70,2,True,4657.2,1947.62,DEV-3504-A,+91 98765 81584,2108
3505,Arthur Williams,27,9,False,1633.63,601.95,DEV-3505-A,,2919
3506,Kavita Deshmukh,77,1,True,2438.99,1054.72,DEV-3506-A,+91 98765 47988,3119
3507,Ramesh Kumar,50,6,False,1478.11,542.0,DEV-3507-A,,2345
3508,Devi Nair,22,7,False,899.79,289.87,DEV-3508-A,,2852
3509,Meena Taylor,85,5,True,1076.16,443.48,DEV-3509-A,+91 98765 72781,194
3510,Ramesh Williams,64,9,False,1982.99,686.15,DEV-3510-A,,2286
3511,Meena Gupta,24,5,False,1653.7,745.74,DEV-3511-A,,131
3512,George Johnson,90,5,True,1604.7,646.88,DEV-3512-A,+91 98765 38883,1856
3513,Eleanor Patel,50,6,False,3924.51,1640.46,DEV-3513-A,,1366
3514,Sunita Johnson,32,6,False,189.03,100.69,DEV-3514-A,,2656
3515,Vikram Johnson,82,3,True,1737.06,946.19,DEV-3515-A,+91 98765 79000,939
3516,Anish Rao,29,7,False,1910.88,687.54,DEV-3516-A,,122
3517,Rajesh Smith,90,3,True,884.55,285.59,DEV-3517-A,+91 98765 68387,2803
3518,Rajesh Smith,83,3,True,2723.94,633.25,DEV-3518-A,+91 98765 61697,826
3519,Suresh Nair,58,9,False,698.28,148.63,DEV-3519-A,,2500
3520,Sunita Williams,26,5,False,3086.16,1675.89,DEV-3520-A,,1508
3521,George Verma,21,10,False,1139.2,311.08,DEV-3521-A,,2962
3522,Martha Nair,57,6,False,4472.75,2377.53,DEV-3522-A,,1611
3523,Eleanor Sharma,56,9,False,339.8,146.35,DEV-3523-A,,1195
3524,Eleanor Nair,28,4,False,777.87,280.31,DEV-3524-A,,1291
3525,Devi Joshi,70,4,True,1767.75,561.21,DEV-3525-A,+91 98765 83535,388
3526,Vikram Taylor,44,7,False,5788.82,2424.42,DEV-3526-A,,1849
3527,Martha Kumar,21,5,False,1056.02,633.33,DEV-3527-A,,1842
3528,Kavita Verma,37,8,False,3277.95,1102.59,DEV-3528-A,,3330
3529,Martha Taylor,53,6,False,833.95,278.61,DEV-3529-A,,1726
3530,Ramesh Joshi,20,9,False,2289.73,807.43,DEV-3530-A,,2435
3531,Rajesh Verma,68,1,True,5791.78,1485.15,DEV-3531-A,+91 98765 37234,1272
3532,Suresh Joshi,65,8,False,3527.02,730.63,DEV-3532-A,,2181
3533,Arthur Patel,31,7,False,1009.06,507.14,DEV-3533-A,,2449
3534,George Patel,25,7,False,4768.6,2269.79,DEV-3534-A,,57
3535,Martha Williams,89,3,True,836.3,452.08,DEV-3535-A,+91 98765 45825,1727
3536,Priya Smith,83,6,True,2078.89,1004.64,DEV-3536-A,+91 98765 70570,2939
3537,Ramesh Rao,76,3,True,1506.89,591.47,DEV-3537-A,+91 98765 34380,3439
3538,George Gupta,47,7,False,205.37,118.71,DEV-3538-A,,2298
3539,Suresh Sharma,53,8,False,2917.62,1376.1,DEV-3539-A,,3400
3540,Kavita Joshi,57,9,False,2116.39,1118.85,DEV-3540-A,,2427
3541,Kavita Deshmukh,25,7,False,4420.75,1332.76,DEV-3541-A,,2320
3542,Devi Rao,80,5,True,1431.53,437.13,DEV-3542-A,+91 98765 13517,3270
3543,Aarav Verma,18,6,False,1792.57,899.42,DEV-3543-A,,1105
3544,Kavita Williams,35,6,False,1648.64,518.77,DEV-3544-A,,3447
3545,Suresh Patel,72,3,True,829.87,470.51,DEV-3545-A,+91 98765 95696,2757
3546,Kavita Singhania,62,7,False,1857.19,557.7,DEV-3546-A,,764
3547,Suresh Taylor,82,4,True,5414.92,2520.68,DEV-3547-A,+91 98765 94513,1032
3548,Aarav Patel,44,7,False,8914.87,4991.47,DEV-3548-A,,3162
3549,Anish Deshmukh,39,8,False,1326.3,688.08,DEV-3549-A,,303
3550,Eleanor Johnson,51,7,False,1294.61,598.75,DEV-3550-A,,1998
3551,Martha Joshi,42,6,False,4721.98,2434.06,DEV-3551-A,,1086
3552,Suresh Taylor,40,8,False,1506.06,445.18,DEV-3552-A,,3381
3553,Meena Nair,31,6,False,4239.27,911.42,DEV-3553-A,,2129
3554,Aarav Joshi,84,3,True,740.93,229.41,DEV-3554-A,+91 98765 44018,697
3555,Sunita Verma,22,4,False,1545.02,567.56,DEV-3555-A,,1339
3556,Devi Taylor,85,3,True,2664.07,1475.56,DEV-3556-A,+91 98765 27759,1493
3557,Priya Sharma,38,9,False,534.28,240.13,DEV-3557-A,,1146
3558,Eleanor Singhania,49,7,False,1758.33,929.19,DEV-3558-A,,2636
3559,Eleanor Sharma,46,6,False,3793.1,910.6,DEV-3559-A,,1217
3560,Kavita Smith,40,7,False,1742.19,916.25,DEV-3560-A,,2647
3561,Rajesh Smith,41,6,False,2022.44,546.06,DEV-3561-A,,823
3562,Priya Kumar,81,4,True,2005.76,1202.45,DEV-3562-A,+91 98765 22387,2482
3563,Priya Smith,42,8,False,1278.12,766.16,DEV-3563-A,,1351
3564,Arthur Joshi,58,8,False,3046.6,1042.35,DEV-3564-A,,3491
3565,Kavita Gupta,55,8,False,3718.28,775.13,DEV-3565-A,,2837
3566,Eleanor Patel,39,6,False,1166.48,655.79,DEV-3566-A,,2218
3567,Eleanor Joshi,20,6,False,791.87,353.77,DEV-3567-A,,618
3568,Aarav Verma,52,6,False,1244.84,366.88,DEV-3568-A,,2152
3569,Kavita Nair,50,6,False,1727.49,849.42,DEV-3569-A,,3219
3570,Suresh Singhania,39,5,False,3717.49,1592.19,DEV-3570-A,,1423
3571,Priya Patel,71,3,True,2201.79,735.27,DEV-3571-A,+91 98765 38557,663
3572,Lakshmi Joshi,47,6,False,1791.94,606.09,DEV-3572-A,,801
3573,Meena Singhania,27,8,False,2030.46,1215.62,DEV-3573-A,,1916
3574,Rajesh Patel,42,9,False,2287.77,565.04,DEV-3574-A,,3383
3575,Ramesh Sharma,63,5,False,1299.41,469.22,DEV-3575-A,,1994
3576,Eleanor Gupta,22,5,False,3547.47,1151.37,DEV-3576-A,,2860
3577,Eleanor Verma,25,7,False,4440.59,1904.39,DEV-3577-A,,3376
3578,Devi Johnson,54,5,False,1341.42,668.1,DEV-3578-A,,2172
3579,Arthur Verma,26,7,False,1134.1,321.56,DEV-3579-A,,2937
3580,Kavita Sharma,37,3,True,640.0,309.4,DEV-3580-A,+91 98765 25544,940
3581,Ramesh Joshi,58,9,False,3742.04,1186.4,DEV-3581-A,,2873
3582,Ramesh Taylor,38,4,False,1133.93,673.53,DEV-3582-A,,958
3583,Kavita Verma,74,3,True,807.36,438.56,DEV-3583-A,+91 98765 37504,563
3584,Rajesh Singhania,67,2,True,618.93,249.53,DEV-3584-A,+91 98765 24643,348
3585,Aarav Kumar,74,5,True,1946.72,476.4,DEV-3585-A,+91 98765 73472,3132
3586,Martha Sharma,54,6,False,519.55,235.68,DEV-3586-A,,834
3587,Meena Sharma,34,7,False,1289.32,371.95,DEV-3587-A,,3278
3588,Sunita Deshmukh,90,2,True,1328.2,555.49,DEV-3588-A,+91 98765 25587,1066
3589,Sunita Patel,79,2,True,4122.88,1750.77,DEV-3589-A,+91 98765 49537,2764
3590,Aarav Kumar,65,8,False,4801.22,2632.62,DEV-3590-A,,425
3591,Meena Johnson,80,1,True,8033.83,3668.47,DEV-3591-A,+91 98765 36922,2436
3592,Vikram Verma,75,3,True,620.3,340.43,DEV-3592-A,+91 98765 97896,1469
3593,Aarav Patel,32,5,False,1709.92,612.2,DEV-3593-A,,626
3594,Anish Johnson,29,5,False,563.28,336.43,DEV-3594-A,,1454
3595,Eleanor Verma,91,3,True,1137.05,250.94,DEV-3595-A,+91 98765 75619,3228
3596,Lakshmi Smith,19,6,False,1089.25,442.47,DEV-3596-A,,2365
3597,Rajesh Patel,54,8,False,972.3,314.85,DEV-3597-A,,3387
3598,Aarav Smith,84,2,True,8461.43,4365.8,DEV-3598-A,+91 98765 38442,2961
3599,Vikram Gupta,75,2,True,654.47,375.92,DEV-3599-A,+91 98765 32514,3118
3600,Aarav Taylor,28,7,False,1142.75,594.78,DEV-3600-A,,434
3601,Vikram Smith,71,3,True,3505.79,841.48,DEV-3601-A,+91 98765 72221,1531
3602,Priya Deshmukh,56,7,False,2015.43,542.28,DEV-3602-A,,2788
3603,Meena Verma,18,8,False,2164.53,1013.57,DEV-3603-A,,3449
3604,Eleanor Singhania,90,2,True,3916.43,2308.39,DEV-3604-A,+91 98765 65586,907
3605,Lakshmi Singhania,36,8,False,6226.31,1544.13,DEV-3605-A,,492
3606,Arthur Patel,52,9,False,1139.75,573.58,DEV-3606-A,,1938
3607,Meena Smith,83,3,True,1578.36,713.21,DEV-3607-A,+91 98765 27814,2060
3608,Eleanor Taylor,90,1,True,811.04,364.78,DEV-3608-A,+91 98765 47784,2312
3609,Sunita Patel,76,5,True,788.27,427.65,DEV-3609-A,+91 98765 53006,2052
3610,Meena Singhania,49,6,False,1226.24,245.33,DEV-3610-A,,1191
3611,Devi Johnson,66,3,True,1266.13,404.09,DEV-3611-A,+91 98765 50895,2844
3612,Devi Rao,54,9,False,839.05,186.48,DEV-3612-A,,2298
3613,Martha Gupta,26,4,False,1793.29,570.85,DEV-3613-A,,3533
3614,Martha Rao,22,7,False,3028.65,753.07,DEV-3614-A,,3539
3615,Rajesh Joshi,22,10,False,1040.95,523.11,DEV-3615-A,,3316
3616,Suresh Williams,71,1,True,928.38,189.77,DEV-3616-A,+91 98765 58161,764
3617,Aarav Williams,85,1,True,2587.16,1469.1,DEV-3617-A,+91 98765 74441,2782
3618,Meena Singhania,84,3,True,2407.5,703.9,DEV-3618-A,+91 98765 67417,2170
3619,Rajesh Patel,24,7,False,1311.74,387.6,DEV-3619-A,,617
3620,George Singhania,63,6,False,1992.32,528.07,DEV-3620-A,,2876
3621,Meena Taylor,43,8,False,1143.87,419.15,DEV-3621-A,,721
3622,Rajesh Nair,24,6,False,1759.27,442.59,DEV-3622-A,,845
3623,Arthur Rao,33,6,False,4009.78,1238.94,DEV-3623-A,,2466
3624,George Patel,53,8,False,2733.25,1471.96,DEV-3624-A,,983
3625,Martha Taylor,62,7,False,2969.26,1679.19,DEV-3625-A,,2074
3626,Anish Kumar,89,2,True,3561.95,991.95,DEV-3626-A,+91 98765 86273,2461
3627,Anish Kumar,53,9,False,1630.88,391.43,DEV-3627-A,,3263
3628,George Nair,34,6,False,2172.66,713.3,DEV-3628-A,,1978
3629,George Deshmukh,43,5,False,2453.75,1335.43,DEV-3629-A,,2124
3630,Anish Verma,46,7,False,3547.54,1099.79,DEV-3630-A,,3175
3631,Devi Patel,27,7,False,1607.47,390.39,DEV-3631-A,,530
3632,Anish Deshmukh,43,5,False,2995.34,809.01,DEV-3632-A,,2066
3633,Lakshmi Williams,71,3,True,1582.63,517.17,DEV-3633-A,+91 98765 27643,151
3634,Meena Taylor,60,7,False,1532.66,780.85,DEV-3634-A,,246
3635,Rajesh Deshmukh,52,7,False,3276.42,1795.23,DEV-3635-A,,2807
3636,Aarav Verma,47,8,False,1384.85,746.5,DEV-3636-A,,1597
3637,Arthur Verma,31,6,False,2105.92,1126.0,DEV-3637-A,,1270
3638,Meena Kumar,29,7,False,1038.92,447.53,DEV-3638-A,,343
3639,Suresh Kumar,78,3,True,2530.04,567.18,DEV-3639-A,+91 98765 71082,857
3640,Kavita Williams,69,1,True,9625.28,3115.78,DEV-3640-A,+91 98765 75260,2038
3641,Anish Smith,50,9,False,991.17,413.87,DEV-3641-A,,1437
3642,Aarav Kumar,80,1,True,2228.33,1204.27,DEV-3642-A,+91 98765 14141,1792
3643,Meena Singhania,54,8,False,670.8,230.14,DEV-3643-A,,1873
3644,Arthur Joshi,77,5,True,1361.27,324.27,DEV-3644-A,+91 98765 59327,1842
3645,Devi Sharma,43,6,False,982.06,325.97,DEV-3645-A,,164
3646,Priya Smith,60,8,False,3508.44,1417.23,DEV-3646-A,,2730
3647,Kavita Taylor,74,2,True,1575.92,670.99,DEV-3647-A,+91 98765 31514,2043
3648,Martha Verma,87,3,True,5389.61,2472.33,DEV-3648-A,+91 98765 50954,2961
3649,George Deshmukh,85,1,True,965.76,570.66,DEV-3649-A,+91 98765 24336,2360
3650,Suresh Williams,79,3,True,371.78,136.08,DEV-3650-A,+91 98765 82585,2837
3651,Suresh Deshmukh,27,7,False,2709.85,1490.77,DEV-3651-A,,2332
3652,Priya Smith,30,6,False,1869.84,945.56,DEV-3652-A,,258
3653,George Gupta,55,6,False,2029.1,577.11,DEV-3653-A,,2056
3654,George Johnson,22,8,False,571.53,243.74,DEV-3654-A,,2800
3655,Eleanor Kumar,57,4,False,2433.55,724.72,DEV-3655-A,,1195
3656,Arthur Sharma,26,8,False,4189.43,1150.44,DEV-3656-A,,145
3657,Sunita Verma,29,8,False,2857.11,1325.01,DEV-3657-A,,3458
3658,Eleanor Nair,44,6,False,3911.75,2108.53,DEV-3658-A,,3345
3659,Aarav Kumar,69,2,True,455.28,124.92,DEV-3659-A,+91 98765 91940,1427
3660,George Patel,25,6,False,3768.21,1989.7,DEV-3660-A,,1783
3661,Eleanor Nair,91,3,True,946.47,492.95,DEV-3661-A,+91 98765 63992,1468
3662,Sunita Williams,72,2,True,4849.9,1850.44,DEV-3662-A,+91 98765 42011,1044
3663,Lakshmi Williams,56,7,False,2367.54,1410.18,DEV-3663-A,,1308
3664,Rajesh Taylor,61,10,False,1005.24,310.63,DEV-3664-A,,298
3665,Kavita Patel,35,9,False,1026.32,454.85,DEV-3665-A,,1412
3666,Priya Sharma,24,7,False,4259.11,2488.78,DEV-3666-A,,2235
3667,Arthur Sharma,61,7,False,636.86,292.57,DEV-3667-A,,1917
3668,Martha Johnson,19,6,False,517.2,204.28,DEV-3668-A,,2138
3669,Martha Gupta,26,8,False,6945.35,2207.13,DEV-3669-A,,113
3670,Suresh Johnson,18,7,False,1018.92,266.54,DEV-3670-A,,121
3671,Arthur Singhania,42,8,False,9997.49,2923.97,DEV-3671-A,,2366
3672,George Nair,40,9,False,2331.91,1168.95,DEV-3672-A,,2375
3673,Meena Kumar,53,5,False,592.57,326.96,DEV-3673-A,,2030
3674,Meena Taylor,20,7,False,1902.12,841.14,DEV-3674-A,,2795
3675,Vikram Nair,49,7,False,1163.77,647.2,DEV-3675-A,,2064
3676,Arthur Verma,53,6,False,1607.46,780.66,DEV-3676-A,,2548
3677,Kavita Nair,64,7,False,12515.37,4674.66,DEV-3677-A,,1815
3678,Vikram Deshmukh,56,4,False,3417.18,1298.09,DEV-3678-A,,2632
3679,Rajesh Joshi,74,2,True,938.02,442.56,DEV-3679-A,+91 98765 80232,906
3680,Kavita Gupta,38,6,False,2301.79,1162.58,DEV-3680-A,,224
3681,Kavita Johnson,22,4,False,4031.19,1181.29,DEV-3681-A,,1676
3682,Lakshmi Johnson,57,7,False,1814.92,1076.77,DEV-3682-A,,3072
3683,Rajesh Taylor,59,6,False,177.27,83.85,DEV-3683-A,,3487
3684,Meena Johnson,24,6,False,1514.2,347.27,DEV-3684-A,,1409
3685,Anish Patel,30,9,False,1699.34,669.88,DEV-3685-A,,2350
3686,Suresh Singhania,39,7,False,934.22,288.21,DEV-3686-A,,889
3687,Eleanor Kumar,57,7,False,556.12,326.69,DEV-3687-A,,344
3688,Kavita Smith,71,3,True,3185.94,1901.42,DEV-3688-A,+91 98765 49309,1803
3689,Arthur Rao,24,7,False,1516.19,891.57,DEV-3689-A,,1727
3690,George Gupta,61,8,False,3164.82,1310.33,DEV-3690-A,,2589
3691,Devi Williams,73,1,True,3591.62,1524.44,DEV-3691-A,+91 98765 81770,769
3692,Aarav Williams,52,9,False,1221.41,293.02,DEV-3692-A,,2910
3693,Priya Johnson,71,3,True,1651.12,570.13,DEV-3693-A,+91 98765 75431,902
3694,Devi Gupta,57,5,False,4796.27,1708.91,DEV-3694-A,,2642
3695,Martha Johnson,68,5,True,3946.98,1403.81,DEV-3695-A,+91 98765 92150,275
3696,Vikram Nair,49,4,False,1067.91,540.41,DEV-3696-A,,1924
3697,Ramesh Rao,70,2,True,1502.64,307.4,DEV-3697-A,+91 98765 29722,3087
3698,Kavita Joshi,45,7,False,1765.11,684.72,DEV-3698-A,,1813
3699,Martha Nair,34,7,False,3991.17,1754.8,DEV-3699-A,,3553
3700,Rajesh Williams,24,8,False,1605.71,699.77,DEV-3700-A,,863
3701,Martha Gupta,40,8,False,2171.16,672.18,DEV-3701-A,,3403
3702,Kavita Williams,50,8,False,5937.94,2801.94,DEV-3702-A,,687
3703,Anish Williams,40,9,False,724.47,207.36,DEV-3703-A,,2492
3704,Lakshmi Singhania,45,7,False,2588.03,1521.09,DEV-3704-A,,1006
3705,Meena Verma,27,5,False,2461.79,1270.36,DEV-3705-A,,816
3706,Aarav Rao,72,4,True,676.69,402.13,DEV-3706-A,+91 98765 50703,1931
3707,Suresh Smith,81,3,True,2396.78,580.57,DEV-3707-A,+91 98765 67164,1758
3708,Sunita Rao,30,9,False,1811.61,471.13,DEV-3708-A,,682
3709,Anish Verma,60,5,False,647.77,301.06,DEV-3709-A,,149
3710,Anish Kumar,48,6,False,2420.43,1248.89,DEV-3710-A,,3321
3711,Anish Williams,22,8,False,755.04,409.21,DEV-3711-A,,2285
3712,Priya Williams,34,8,False,366.8,104.4,DEV-3712-A,,3521
3713,Sunita Taylor,74,2,True,2499.62,963.68,DEV-3713-A,+91 98765 73680,3234
3714,Aarav Sharma,71,4,True,570.93,125.65,DEV-3714-A,+91 98765 21000,1315
3715,Kavita Joshi,57,7,False,1426.46,488.11,DEV-3715-A,,290
3716,Martha Nair,36,5,False,635.54,199.51,DEV-3716-A,,2781
3717,Rajesh Singhania,83,3,True,7726.89,4329.74,DEV-3717-A,+91 98765 28423,996
3718,Meena Johnson,38,7,False,16484.04,6524.78,DEV-3718-A,,3038
3719,Meena Smith,47,8,False,989.97,376.72,DEV-3719-A,,2750
3720,Anish Deshmukh,88,4,True,730.92,421.22,DEV-3720-A,+91 98765 21829,1005
3721,Meena Kumar,61,7,False,2037.6,701.03,DEV-3721-A,,3334
3722,Arthur Nair,56,7,False,687.24,200.79,DEV-3722-A,,3439
3723,George Kumar,68,1,True,3378.46,1038.94,DEV-3723-A,+91 98765 40924,1762
3724,Vikram Verma,91,3,True,2405.0,1416.1,DEV-3724-A,+91 98765 24000,747
3725,Vikram Gupta,27,9,False,2433.59,843.65,DEV-3725-A,,1830
3726,Martha Gupta,89,2,True,1522.03,588.09,DEV-3726-A,+91 98765 87264,259
3727,Suresh Smith,62,7,False,4942.7,2162.15,DEV-3727-A,,1564
3728,Meena Nair,35,5,False,2488.29,1448.08,DEV-3728-A,,2265
3729,Martha Deshmukh,49,5,False,1178.47,350.93,DEV-3729-A,,2826
3730,Lakshmi Gupta,76,4,True,2137.38,625.8,DEV-3730-A,+91 98765 28993,1516
3731,Suresh Taylor,25,7,False,1516.04,908.6,DEV-3731-A,,1536
3732,Kavita Sharma,64,8,False,1343.42,688.76,DEV-3732-A,,2673
3733,Sunita Joshi,18,6,False,3745.09,973.23,DEV-3733-A,,3058
3734,Sunita Taylor,32,3,True,787.13,248.38,DEV-3734-A,+91 98765 98027,1011
3735,Anish Smith,29,6,False,3969.68,1182.66,DEV-3735-A,,1605
3736,Kavita Williams,32,7,False,748.94,331.15,DEV-3736-A,,2899
3737,Eleanor Kumar,65,5,False,4068.11,1351.12,DEV-3737-A,,2836
3738,Meena Smith,62,5,False,1109.51,388.03,DEV-3738-A,,3581
3739,Lakshmi Joshi,35,6,False,2706.26,611.37,DEV-3739-A,,1842
3740,George Sharma,68,2,True,635.01,143.29,DEV-3740-A,+91 98765 61508,1076
3741,Kavita Patel,32,8,False,2851.21,806.42,DEV-3741-A,,3399
3742,Lakshmi Gupta,39,9,False,2202.58,1180.65,DEV-3742-A,,891
3743,Priya Deshmukh,74,2,True,5999.44,3557.63,DEV-3743-A,+91 98765 92752,1329
3744,Martha Kumar,61,6,False,3489.92,2079.38,DEV-3744-A,,168
3745,Anish Joshi,28,9,False,1929.66,719.87,DEV-3745-A,,358
3746,Suresh Deshmukh,48,7,False,2208.6,975.38,DEV-3746-A,,3048
3747,Martha Joshi,21,8,False,4004.37,1448.01,DEV-3747-A,,1392
3748,Martha Joshi,19,7,False,1857.29,372.35,DEV-3748-A,,441
3749,Priya Taylor,57,6,False,1194.67,551.11,DEV-3749-A,,1098
3750,Rajesh Nair,21,6,False,1260.43,544.59,DEV-3750-A,,1753
3751,Arthur Deshmukh,61,6,False,3610.99,851.11,DEV-3751-A,,2877
3752,Aarav Kumar,23,8,False,1663.81,477.67,DEV-3752-A,,243
3753,Priya Williams,34,7,False,918.75,433.6,DEV-3753-A,,1846
3754,Ramesh Sharma,59,7,False,4496.37,1141.1,DEV-3754-A,,1671
3755,Vikram Williams,36,9,False,6398.98,2638.95,DEV-3755-A,,1281
3756,Arthur Johnson,63,8,False,2318.08,1006.99,DEV-3756-A,,366
3757,Meena Verma,71,4,True,728.99,408.87,DEV-3757-A,+91 98765 42716,2145
3758,Ramesh Joshi,42,8,False,3711.24,830.61,DEV-3758-A,,2463
3759,Martha Kumar,55,7,False,1877.37,466.9,DEV-3759-A,,1338
3760,Devi Deshmukh,56,7,False,1684.23,701.75,DEV-3760-A,,3607
3761,Ramesh Gupta,43,7,False,2235.58,1182.55,DEV-3761-A,,740
3762,Arthur Kumar,31,6,False,1053.79,533.24,DEV-3762-A,,1184
3763,Vikram Patel,87,4,True,2406.02,1095.89,DEV-3763-A,+91 98765 64328,1535
3764,Priya Singhania,43,6,False,1626.08,345.68,DEV-3764-A,,3619
3765,George Joshi,64,10,False,347.99,147.22,DEV-3765-A,,2366
3766,Lakshmi Sharma,35,3,True,352.55,125.29,DEV-3766-A,+91 98765 13010,2317
3767,Lakshmi Patel,75,6,True,790.12,441.05,DEV-3767-A,+91 98765 70610,842
3768,Anish Taylor,79,3,True,2786.4,596.27,DEV-3768-A,+91 98765 32119,233
3769,George Johnson,34,8,False,1474.51,677.83,DEV-3769-A,,1786
3770,Anish Verma,23,9,False,3328.4,1810.18,DEV-3770-A,,394
3771,Eleanor Verma,86,2,True,817.77,242.17,DEV-3771-A,+91 98765 84349,510
3772,Aarav Taylor,41,7,False,3466.94,1717.09,DEV-3772-A,,2183
3773,Martha Kumar,49,10,False,2312.74,661.75,DEV-3773-A,,1888
3774,Suresh Patel,66,3,True,5003.12,2494.39,DEV-3774-A,+91 98765 39423,2952
3775,Vikram Rao,44,9,False,3298.75,1968.6,DEV-3775-A,,3560
3776,Anish Gupta,40,5,False,1408.68,396.73,DEV-3776-A,,3087
3777,Suresh Singhania,63,7,False,3300.09,897.42,DEV-3777-A,,563
3778,Martha Joshi,36,4,False,1327.02,389.39,DEV-3778-A,,876
3779,Vikram Joshi,67,3,True,1511.16,782.04,DEV-3779-A,+91 98765 47089,3006
3780,Vikram Singhania,35,9,False,4037.86,1865.53,DEV-3780-A,,768
3781,Martha Kumar,46,9,False,1254.03,631.25,DEV-3781-A,,627
3782,Aarav Gupta,38,7,False,915.42,202.0,DEV-3782-A,,1102
3783,Lakshmi Johnson,39,6,False,4071.1,2057.22,DEV-3783-A,,1877
3784,Lakshmi Nair,68,4,True,868.85,433.65,DEV-3784-A,+91 98765 86402,2832
3785,Devi Patel,43,7,False,557.59,317.02,DEV-3785-A,,72
3786,Suresh Verma,59,8,False,853.81,316.66,DEV-3786-A,,3599
3787,Arthur Taylor,56,7,False,7253.52,3812.4,DEV-3787-A,,1658
3788,Vikram Taylor,66,2,True,2386.63,1275.37,DEV-3788-A,+91 98765 60265,2931
3789,Martha Taylor,86,3,True,732.13,222.24,DEV-3789-A,+91 98765 88275,1079
3790,Rajesh Patel,69,2,True,2555.65,1407.68,DEV-3790-A,+91 98765 83007,270
3791,Sunita Nair,29,7,False,5599.59,1855.19,DEV-3791-A,,991
3792,Suresh Nair,28,8,False,820.3,344.67,DEV-3792-A,,2513
3793,Sunita Sharma,25,8,False,4017.05,897.3,DEV-3793-A,,1068
3794,George Gupta,54,7,False,2843.84,1622.34,DEV-3794-A,,1646
3795,Eleanor Verma,74,3,True,4852.92,1564.7,DEV-3795-A,+91 98765 83342,198
3796,Priya Gupta,32,9,False,556.45,149.72,DEV-3796-A,,725
3797,Suresh Nair,34,5,False,1556.63,677.85,DEV-3797-A,,3625
3798,Devi Verma,84,4,True,4691.77,2031.95,DEV-3798-A,+91 98765 21750,1329
3799,Martha Verma,49,6,False,1525.34,762.68,DEV-3799-A,,1096
3800,Meena Nair,29,7,False,1697.46,432.56,DEV-3800-A,,210
3801,Ramesh Deshmukh,29,7,False,1261.2,674.49,DEV-3801-A,,3600
3802,Anish Taylor,42,7,False,2457.36,811.31,DEV-3802-A,,1506
3803,Martha Gupta,27,5,False,7970.85,3549.53,DEV-3803-A,,3621
3804,Anish Johnson,70,6,True,3348.37,1922.3,DEV-3804-A,+91 98765 44571,2147
3805,Arthur Singhania,37,9,False,894.04,397.42,DEV-3805-A,,705
3806,Arthur Taylor,29,6,False,296.51,109.04,DEV-3806-A,,2042
3807,Ramesh Smith,29,7,False,1924.41,755.41,DEV-3807-A,,3524
3808,Devi Sharma,62,7,False,492.4,255.85,DEV-3808-A,,803
3809,Ramesh Sharma,20,7,False,2362.22,811.88,DEV-3809-A,,971
3810,Priya Sharma,36,8,False,1167.87,679.89,DEV-3810-A,,1956
3811,Anish Verma,44,10,False,1514.09,566.26,DEV-3811-A,,2921
3812,Devi Singhania,54,7,False,1383.99,306.04,DEV-3812-A,,505
3813,Suresh Sharma,75,2,True,3060.87,1008.45,DEV-3813-A,+91 98765 67870,1490
3814,Suresh Deshmukh,49,5,False,3221.56,1407.8,DEV-3814-A,,2049
3815,Meena Joshi,37,7,False,1577.78,922.33,DEV-3815-A,,2978
3816,Ramesh Patel,45,5,False,1870.26,786.28,DEV-3816-A,,1461
3817,Rajesh Rao,27,8,False,2064.73,574.57,DEV-3817-A,,3586
3818,Kavita Verma,70,3,True,1494.61,365.13,DEV-3818-A,+91 98765 32058,3101
3819,Anish Johnson,40,6,False,742.36,272.45,DEV-3819-A,,2746
3820,Vikram Johnson,37,8,False,2180.38,785.46,DEV-3820-A,,46
3821,Priya Singhania,30,8,False,1262.95,541.37,DEV-3821-A,,344
3822,Lakshmi Kumar,47,7,False,712.75,221.95,DEV-3822-A,,2070
3823,Meena Nair,86,1,True,1948.27,709.78,DEV-3823-A,+91 98765 13402,1194
3824,Meena Singhania,80,1,True,2376.86,673.02,DEV-3824-A,+91 98765 58963,2448
3825,Meena Joshi,73,2,True,11006.98,3158.93,DEV-3825-A,+91 98765 52406,659
3826,Aarav Patel,39,7,False,2863.71,1031.74,DEV-3826-A,,1915
3827,Suresh Deshmukh,51,6,False,4547.4,1234.54,DEV-3827-A,,2603
3828,Anish Johnson,55,9,False,3912.45,2162.78,DEV-3828-A,,2725
3829,Aarav Nair,41,10,False,777.82,362.87,DEV-3829-A,,209
3830,Devi Nair,53,8,False,988.8,515.66,DEV-3830-A,,3026
3831,Ramesh Rao,53,5,False,1765.03,412.28,DEV-3831-A,,3565
3832,Sunita Kumar,39,7,False,1668.08,856.47,DEV-3832-A,,2666
3833,Kavita Nair,60,5,False,1908.41,1128.6,DEV-3833-A,,3299
3834,Sunita Taylor,42,7,False,825.07,453.46,DEV-3834-A,,319
3835,George Patel,81,5,True,8140.52,4275.79,DEV-3835-A,+91 98765 62279,1075
3836,Priya Rao,72,3,True,3925.95,2304.76,DEV-3836-A,+91 98765 62286,395
3837,Aarav Joshi,91,1,True,1802.46,802.51,DEV-3837-A,+91 98765 37292,697
3838,George Kumar,21,9,False,1835.78,523.9,DEV-3838-A,,1678
3839,Kavita Williams,45,7,False,3095.86,1062.95,DEV-3839-A,,3112
3840,Ramesh Patel,46,10,False,2364.07,1229.97,DEV-3840-A,,1252
3841,Suresh Kumar,47,7,False,5248.12,1760.18,DEV-3841-A,,1800
3842,Kavita Williams,60,8,False,7188.43,1600.48,DEV-3842-A,,2501
3843,Ramesh Nair,28,6,False,821.31,385.5,DEV-3843-A,,2755
3844,Meena Joshi,19,6,False,3686.14,1194.34,DEV-3844-A,,1535
3845,Vikram Deshmukh,52,8,False,1478.03,346.08,DEV-3845-A,,1854
3846,George Deshmukh,46,8,False,4189.63,1327.83,DEV-3846-A,,1129
3847,Martha Patel,45,7,False,3311.08,1984.26,DEV-3847-A,,3128
3848,Martha Kumar,18,6,False,545.64,268.58,DEV-3848-A,,1538
3849,Priya Singhania,58,7,False,500.38,285.46,DEV-3849-A,,2613
3850,Martha Patel,75,3,True,2041.07,436.92,DEV-3850-A,+91 98765 15300,2132
3851,Arthur Deshmukh,28,6,False,2883.32,1166.58,DEV-3851-A,,2800
3852,Lakshmi Williams,24,7,False,2959.23,1666.79,DEV-3852-A,,2840
3853,Ramesh Deshmukh,86,3,True,1545.04,324.25,DEV-3853-A,+91 98765 79111,2608
3854,Rajesh Gupta,83,2,True,1859.04,453.81,DEV-3854-A,+91 98765 71370,1821
3855,Rajesh Kumar,42,7,False,2419.16,1323.4,DEV-3855-A,,1986
3856,Kavita Verma,41,7,False,647.37,294.5,DEV-3856-A,,553
3857,Kavita Joshi,68,4,True,2490.91,1036.28,DEV-3857-A,+91 98765 42591,2172
3858,Martha Gupta,44,7,False,2398.44,1311.35,DEV-3858-A,,2358
3859,Sunita Smith,87,4,True,8510.21,1713.99,DEV-3859-A,+91 98765 20031,214
3860,Meena Smith,20,6,False,1192.35,359.97,DEV-3860-A,,1770
3861,Martha Patel,37,5,False,411.0,98.45,DEV-3861-A,,1933
3862,Anish Nair,20,8,False,8868.36,3349.2,DEV-3862-A,,1073
3863,Rajesh Kumar,58,7,False,4849.71,2213.64,DEV-3863-A,,2092
3864,Aarav Patel,87,3,True,4640.8,2124.96,DEV-3864-A,+91 98765 96714,1925
3865,Priya Kumar,29,8,False,1871.88,762.47,DEV-3865-A,,776
3866,George Sharma,85,2,True,1946.93,846.33,DEV-3866-A,+91 98765 20917,1734
3867,Kavita Nair,35,8,False,1069.25,337.12,DEV-3867-A,,2435
3868,Devi Kumar,30,7,False,2148.89,946.69,DEV-3868-A,,2775
3869,Devi Johnson,57,8,False,1992.23,935.9,DEV-3869-A,,3338
3870,Anish Nair,44,7,False,2264.48,945.86,DEV-3870-A,,3599
3871,Priya Rao,87,4,True,2602.72,1200.96,DEV-3871-A,+91 98765 34259,350
3872,Anish Joshi,77,3,True,1918.6,513.92,DEV-3872-A,+91 98765 98265,465
3873,Martha Smith,49,5,False,3269.65,659.29,DEV-3873-A,,103
3874,Aarav Singhania,40,5,False,1308.48,448.07,DEV-3874-A,,507
3875,Aarav Verma,28,7,False,1306.38,502.52,DEV-3875-A,,2716
3876,Suresh Deshmukh,31,6,False,1086.54,553.81,DEV-3876-A,,2863
3877,George Joshi,65,5,False,6341.89,3574.39,DEV-3877-A,,2724
3878,Suresh Gupta,89,2,True,1117.88,458.61,DEV-3878-A,+91 98765 91067,3360
3879,Eleanor Taylor,23,10,False,527.57,215.69,DEV-3879-A,,2789
3880,George Kumar,39,8,False,1885.86,532.58,DEV-3880-A,,1269
3881,Rajesh Verma,60,6,False,1996.53,417.15,DEV-3881-A,,583
3882,Aarav Rao,29,10,False,2831.45,795.61,DEV-3882-A,,488
3883,Aarav Taylor,61,8,False,702.24,256.17,DEV-3883-A,,800
3884,Aarav Rao,60,6,False,556.43,131.68,DEV-3884-A,,2000
3885,Ramesh Williams,25,7,False,1872.51,831.96,DEV-3885-A,,1020
3886,Martha Joshi,66,2,True,3636.28,793.04,DEV-3886-A,+91 98765 92058,3545
3887,Vikram Patel,18,5,False,1017.72,228.91,DEV-3887-A,,1262
3888,Devi Verma,29,7,False,731.06,319.65,DEV-3888-A,,1971
3889,Martha Sharma,53,7,False,1073.47,236.71,DEV-3889-A,,507
3890,Priya Verma,43,7,False,627.71,299.5,DEV-3890-A,,3056
3891,Devi Deshmukh,52,4,False,709.87,380.97,DEV-3891-A,,1961
3892,Aarav Joshi,32,8,False,3456.28,1270.81,DEV-3892-A,,1871
3893,Lakshmi Rao,37,6,False,1716.15,374.76,DEV-3893-A,,1237
3894,George Sharma,25,7,False,604.63,326.29,DEV-3894-A,,1397
3895,Aarav Patel,33,6,False,1540.42,658.57,DEV-3895-A,,2612
3896,Martha Singhania,54,4,False,1980.53,543.38,DEV-3896-A,,3505
3897,Suresh Taylor,18,10,False,2652.02,1405.51,DEV-3897-A,,2400
3898,Kavita Sharma,50,7,False,3188.51,1709.47,DEV-3898-A,,2026
3899,George Deshmukh,27,8,False,3613.55,968.77,DEV-3899-A,,2132
3900,Suresh Rao,30,4,False,1326.47,618.18,DEV-3900-A,,2955
3901,Sunita Smith,77,2,True,394.22,233.68,DEV-3901-A,+91 98765 12492,1758
3902,Arthur Smith,72,3,True,3785.84,1111.64,DEV-3902-A,+91 98765 18324,1127
3903,Martha Deshmukh,44,6,False,2347.08,723.34,DEV-3903-A,,508
3904,Suresh Johnson,21,9,False,1472.39,309.0,DEV-3904-A,,2676
3905,Eleanor Deshmukh,62,9,False,3847.71,1807.25,DEV-3905-A,,2887
3906,Martha Sharma,39,7,False,688.6,270.94,DEV-3906-A,,690
3907,Kavita Taylor,67,1,True,1027.61,326.15,DEV-3907-A,+91 98765 35192,1952
3908,Eleanor Deshmukh,31,6,False,1471.58,498.49,DEV-3908-A,,980
3909,Lakshmi Johnson,20,8,False,995.11,328.57,DEV-3909-A,,2835
3910,Arthur Johnson,61,8,False,6731.93,3927.94,DEV-3910-A,,3525
3911,Devi Verma,19,7,False,2110.69,698.06,DEV-3911-A,,3647
3912,Kavita Taylor,29,9,False,3290.47,1075.42,DEV-3912-A,,2943
3913,George Singhania,52,6,False,7267.69,3936.23,DEV-3913-A,,3442
3914,Eleanor Kumar,71,3,True,1107.22,325.67,DEV-3914-A,+91 98765 71908,3305
3915,Priya Johnson,54,5,False,1004.03,294.95,DEV-3915-A,,878
3916,Kavita Taylor,52,7,False,815.95,163.63,DEV-3916-A,,3098
3917,Rajesh Williams,38,6,False,5113.66,1212.64,DEV-3917-A,,2007
3918,Ramesh Verma,51,7,False,557.97,298.04,DEV-3918-A,,847
3919,Priya Johnson,57,8,False,10159.57,5800.16,DEV-3919-A,,2045
3920,Meena Kumar,85,1,True,2001.35,768.19,DEV-3920-A,+91 98765 64523,2052
3921,Kavita Rao,30,7,False,11202.32,2703.35,DEV-3921-A,,887
3922,Sunita Sharma,30,9,False,1733.23,739.32,DEV-3922-A,,1499
3923,Anish Nair,62,8,False,405.84,153.79,DEV-3923-A,,2802
3924,Priya Verma,60,7,False,1072.6,341.51,DEV-3924-A,,3421
3925,Sunita Kumar,39,7,False,373.94,203.88,DEV-3925-A,,290
3926,Arthur Singhania,44,8,False,2555.36,827.95,DEV-3926-A,,496
3927,Lakshmi Patel,43,9,False,1262.48,274.89,DEV-3927-A,,2331
3928,Lakshmi Deshmukh,37,8,False,7900.27,2958.78,DEV-3928-A,,1086
3929,Arthur Kumar,52,7,False,615.6,246.66,DEV-3929-A,,1485
3930,Sunita Kumar,82,4,True,1319.09,603.74,DEV-3930-A,+91 98765 83010,1125
3931,Ramesh Joshi,19,5,False,902.69,318.27,DEV-3931-A,,2856
3932,Meena Taylor,41,5,False,789.53,354.07,DEV-3932-A,,236
3933,Devi Kumar,28,8,False,2476.01,967.11,DEV-3933-A,,1902
3934,Meena Patel,78,2,True,10605.45,4527.1,DEV-3934-A,+91 98765 90028,2527
3935,Meena Joshi,82,3,True,2279.53,1152.58,DEV-3935-A,+91 98765 83724,201
3936,Meena Verma,23,8,False,1011.08,376.67,DEV-3936-A,,2610
3937,Meena Joshi,46,8,False,509.62,139.67,DEV-3937-A,,871
3938,Eleanor Verma,58,5,False,1017.84,565.51,DEV-3938-A,,3013
3939,Kavita Taylor,21,7,False,644.92,253.08,DEV-3939-A,,1838
3940,Suresh Taylor,20,5,False,5667.98,2200.16,DEV-3940-A,,3595
3941,Meena Verma,35,9,False,626.67,346.63,DEV-3941-A,,2680
3942,Eleanor Nair,29,6,False,1699.37,992.25,DEV-3942-A,,3385
3943,Ramesh Patel,80,4,True,1244.25,592.26,DEV-3943-A,+91 98765 36462,1828
3944,Martha Kumar,80,2,True,4455.81,2271.39,DEV-3944-A,+91 98765 10863,1034
3945,Suresh Nair,34,6,False,1404.09,805.99,DEV-3945-A,,1204
3946,Priya Patel,36,3,True,2608.19,1523.11,DEV-3946-A,+91 98765 44867,1555
3947,Martha Nair,39,8,False,2477.6,927.22,DEV-3947-A,,2608
3948,Lakshmi Verma,42,7,False,2121.24,1064.8,DEV-3948-A,,3115
3949,Martha Kumar,32,7,False,3672.33,1580.91,DEV-3949-A,,964
3950,Ramesh Kumar,76,4,True,1111.24,487.24,DEV-3950-A,+91 98765 66206,1723
3951,Martha Deshmukh,82,3,True,681.94,363.57,DEV-3951-A,+91 98765 77653,3284
3952,Eleanor Sharma,19,6,False,744.28,372.99,DEV-3952-A,,1842
3953,Ramesh Kumar,60,8,False,13211.15,7099.36,DEV-3953-A,,70
3954,Rajesh Patel,33,5,False,1544.1,676.9,DEV-3954-A,,1415
3955,Arthur Singhania,34,6,False,349.44,73.63,DEV-3955-A,,3193
3956,Priya Singhania,23,6,False,7589.28,4143.11,DEV-3956-A,,281
3957,George Kumar,64,7,False,1563.61,932.85,DEV-3957-A,,181
3958,Ramesh Johnson,52,5,False,3329.07,1248.53,DEV-3958-A,,266
3959,Kavita Singhania,78,2,True,998.72,377.69,DEV-3959-A,+91 98765 62691,2818
3960,Kavita Taylor,65,8,False,1553.62,369.42,DEV-3960-A,,3072
3961,Arthur Nair,41,6,False,3268.01,1511.67,DEV-3961-A,,62
3962,Anish Smith,28,7,False,3301.43,1711.92,DEV-3962-A,,2530
3963,Ramesh Taylor,39,7,False,14376.58,8313.91,DEV-3963-A,,1684
3964,Devi Williams,68,1,True,12621.38,7208.54,DEV-3964-A,+91 98765 36887,2259
3965,Devi Taylor,34,6,False,515.38,153.25,DEV-3965-A,,1444
3966,George Kumar,26,7,False,4433.35,2414.16,DEV-3966-A,,838
3967,Kavita Patel,76,3,True,444.1,103.6,DEV-3967-A,+91 98765 14845,2231
3968,Arthur Singhania,84,1,True,545.89,175.29,DEV-3968-A,+91 98765 26515,2161
3969,Kavita Rao,47,6,False,605.1,314.64,DEV-3969-A,,410
3970,Kavita Smith,76,3,True,395.45,217.31,DEV-3970-A,+91 98765 54657,3130
3971,Priya Sharma,21,7,False,2351.72,1108.64,DEV-3971-A,,144
3972,Anish Rao,55,9,False,2062.8,496.37,DEV-3972-A,,3438
3973,Kavita Taylor,40,9,False,2065.8,592.01,DEV-3973-A,,1761
3974,Meena Taylor,73,2,True,1312.55,660.99,DEV-3974-A,+91 98765 17857,3477
3975,Eleanor Gupta,23,6,False,1844.52,631.87,DEV-3975-A,,2598
3976,Eleanor Patel,56,4,False,4898.73,1820.46,DEV-3976-A,,225
3977,Meena Deshmukh,32,8,False,1724.37,931.47,DEV-3977-A,,1250
3978,Aarav Deshmukh,27,10,False,7513.83,3849.24,DEV-3978-A,,1418
3979,Lakshmi Kumar,38,8,False,1780.03,834.58,DEV-3979-A,,3084
3980,Lakshmi Nair,27,7,False,1334.55,676.2,DEV-3980-A,,1255
3981,Kavita Williams,37,6,False,983.07,362.56,DEV-3981-A,,3244
3982,Ramesh Taylor,84,3,True,4131.17,1505.23,DEV-3982-A,+91 98765 59501,2158
3983,Lakshmi Patel,53,7,False,585.1,232.08,DEV-3983-A,,1372
3984,Vikram Joshi,19,6,False,796.14,376.97,DEV-3984-A,,3218
3985,Eleanor Deshmukh,32,9,False,347.8,193.18,DEV-3985-A,,431
3986,Ramesh Taylor,39,7,False,741.78,369.92,DEV-3986-A,,1773
3987,Martha Patel,25,7,False,1739.96,371.35,DEV-3987-A,,407
3988,Sunita Singhania,49,8,False,1233.99,544.02,DEV-3988-A,,562
3989,Suresh Rao,47,7,False,225.86,48.83,DEV-3989-A,,1857
3990,Rajesh Nair,82,5,True,4920.78,2653.14,DEV-3990-A,+91 98765 98712,2185
3991,George Johnson,69,6,True,836.95,397.81,DEV-3991-A,+91 98765 83265,2155
3992,George Joshi,51,10,False,1349.01,570.62,DEV-3992-A,,1110
3993,Suresh Williams,59,9,False,3347.12,1530.04,DEV-3993-A,,1764
3994,Devi Taylor,51,6,False,8281.89,2456.98,DEV-3994-A,,2035
3995,Martha Joshi,18,10,False,5379.97,3167.83,DEV-3995-A,,697
3996,Ramesh Smith,41,5,False,1258.83,287.28,DEV-3996-A,,550
3997,Suresh Taylor,71,4,True,577.45,274.35,DEV-3997-A,+91 98765 69993,559
3998,Meena Taylor,48,7,False,4133.59,1297.8,DEV-3998-A,,900
3999,Devi Deshmukh,82,3,True,2066.25,434.71,DEV-3999-A,+91 98765 14273,3087
4000,Priya Smith,23,4,False,3856.75,2142.37,DEV-4000-A,,1542
4001,Meena Johnson,47,8,False,1587.56,856.98,DEV-4001-A,,3521
4002,Martha Patel,77,5,True,1900.98,516.57,DEV-4002-A,+91 98765 25842,1543
4003,Kavita Sharma,55,7,False,5787.46,1249.64,DEV-4003-A,,2171
4004,Ramesh Patel,70,4,True,761.42,178.37,DEV-4004-A,+91 98765 58688,1278
4005,Eleanor Gupta,87,2,True,999.05,251.42,DEV-4005-A,+91 98765 48532,2020
4006,Aarav Kumar,87,4,True,3645.44,1457.31,DEV-4006-A,+91 98765 28726,612
4007,Martha Sharma,48,7,False,837.39,250.18,DEV-4007-A,,1279
4008,Kavita Rao,89,3,True,5243.78,1366.2,DEV-4008-A,+91 98765 33996,3385
4009,Suresh Sharma,72,3,True,1506.74,428.83,DEV-4009-A,+91 98765 26033,2272
4010,Eleanor Patel,53,6,False,4139.45,968.08,DEV-4010-A,,3595
4011,Sunita Singhania,48,6,False,3218.51,926.83,DEV-4011-A,,2000
4012,Kavita Johnson,87,2,True,2720.91,774.9,DEV-4012-A,+91 98765 69293,1413
4013,George Deshmukh,39,7,False,1672.53,862.41,DEV-4013-A,,3447
4014,Ramesh Kumar,66,3,True,2390.24,1310.97,DEV-4014-A,+91 98765 28156,2097
4015,Devi Kumar,35,7,False,1097.65,506.59,DEV-4015-A,,1872
4016,Devi Verma,24,9,False,3718.36,1060.35,DEV-4016-A,,3578
4017,Arthur Patel,23,6,False,924.94,271.76,DEV-4017-A,,3306
4018,Martha Singhania,30,4,False,3401.71,1796.57,DEV-4018-A,,983
4019,George Nair,29,7,False,1775.13,697.05,DEV-4019-A,,2245
4020,Sunita Williams,21,6,False,1778.15,777.01,DEV-4020-A,,1844
4021,Anish Williams,69,3,True,629.05,330.68,DEV-4021-A,+91 98765 21603,3576
4022,Priya Taylor,70,3,True,2146.14,1234.19,DEV-4022-A,+91 98765 13251,2372
4023,Kavita Smith,44,9,False,2355.3,1127.85,DEV-4023-A,,2672
4024,Meena Williams,91,2,True,883.44,255.32,DEV-4024-A,+91 98765 83315,378
4025,Vikram Johnson,65,7,False,1371.37,654.65,DEV-4025-A,,2249
4026,Sunita Johnson,34,8,False,611.23,308.59,DEV-4026-A,,2167
4027,Vikram Kumar,80,4,True,2066.12,1081.42,DEV-4027-A,+91 98765 72368,2088
4028,Aarav Patel,82,5,True,1633.81,409.89,DEV-4028-A,+91 98765 96278,2208
4029,Priya Sharma,43,6,False,796.65,198.61,DEV-4029-A,,1156
4030,Vikram Rao,74,3,True,687.18,207.32,DEV-4030-A,+91 98765 85963,1849
4031,Rajesh Kumar,34,10,False,1583.6,393.56,DEV-4031-A,,2215
4032,Arthur Singhania,29,9,False,497.37,147.53,DEV-4032-A,,2442
4033,Sunita Deshmukh,49,3,True,1004.86,255.99,DEV-4033-A,+91 98765 13049,1422
4034,Martha Verma,63,8,False,1968.8,1048.61,DEV-4034-A,,1729
4035,Aarav Joshi,47,6,False,2451.67,992.54,DEV-4035-A,,2192
4036,Arthur Singhania,36,7,False,702.19,177.24,DEV-4036-A,,1083
4037,Rajesh Patel,64,10,False,258.0,66.71,DEV-4037-A,,436
4038,Priya Gupta,27,7,False,1870.87,446.2,DEV-4038-A,,619
4039,Priya Gupta,36,7,False,4229.14,1536.47,DEV-4039-A,,3176
4040,Rajesh Verma,38,5,False,751.57,416.31,DEV-4040-A,,1286
4041,Martha Williams,66,4,True,2933.87,888.51,DEV-4041-A,+91 98765 32176,271
4042,Arthur Verma,57,9,False,1528.73,494.85,DEV-4042-A,,141
4043,Sunita Gupta,59,7,False,3844.55,871.36,DEV-4043-A,,1627
4044,Meena Nair,51,9,False,708.3,411.11,DEV-4044-A,,613
4045,Martha Nair,49,10,False,1253.02,302.48,DEV-4045-A,,1086
4046,George Joshi,34,7,False,2893.85,594.33,DEV-4046-A,,525
4047,Sunita Rao,31,9,False,3310.45,1774.22,DEV-4047-A,,1011
4048,Lakshmi Deshmukh,36,7,False,3281.98,1570.81,DEV-4048-A,,2113
4049,George Patel,56,6,False,1168.6,614.04,DEV-4049-A,,1133
4050,Sunita Nair,57,7,False,4905.78,1720.93,DEV-4050-A,,1933
4051,Martha Patel,84,4,True,1276.83,326.46,DEV-4051-A,+91 98765 73461,148
4052,Martha Williams,55,7,False,4022.87,2005.91,DEV-4052-A,,987
4053,Aarav Gupta,74,3,True,2054.68,778.18,DEV-4053-A,+91 98765 82623,2430
4054,Meena Rao,29,7,False,735.45,201.5,DEV-4054-A,,3155
4055,Ramesh Gupta,20,4,False,4460.72,2487.7,DEV-4055-A,,2357
4056,Martha Deshmukh,22,7,False,2138.76,584.71,DEV-4056-A,,373
4057,Vikram Kumar,62,6,False,6022.48,3280.16,DEV-4057-A,,613
4058,Eleanor Smith,27,6,False,1461.64,415.62,DEV-4058-A,,718
4059,Lakshmi Smith,33,9,False,249.3,139.48,DEV-4059-A,,1765
4060,Devi Sharma,91,2,True,2165.33,781.18,DEV-4060-A,+91 98765 10131,3358
4061,Devi Joshi,59,5,False,908.61,391.57,DEV-4061-A,,2572
4062,Kavita Williams,85,1,True,1957.94,818.6,DEV-4062-A,+91 98765 31939,32
4063,Sunita Deshmukh,70,3,True,2164.17,601.87,DEV-4063-A,+91 98765 45822,2478
4064,Anish Joshi,56,7,False,1565.87,841.01,DEV-4064-A,,2815
4065,George Nair,34,6,False,1355.64,326.88,DEV-4065-A,,3480
4066,Vikram Johnson,23,5,False,2447.07,843.01,DEV-4066-A,,3473
4067,Kavita Sharma,79,4,True,1607.5,641.67,DEV-4067-A,+91 98765 31157,3057
4068,Rajesh Gupta,43,7,False,1963.33,462.94,DEV-4068-A,,397
4069,George Taylor,60,9,False,1714.83,971.47,DEV-4069-A,,533
4070,Ramesh Taylor,43,7,False,14082.29,8345.79,DEV-4070-A,,2309
4071,Anish Singhania,76,3,True,2395.75,1219.46,DEV-4071-A,+91 98765 37636,2530
4072,Arthur Williams,35,7,False,1378.6,427.87,DEV-4072-A,,1433
4073,Anish Kumar,40,8,False,596.15,202.24,DEV-4073-A,,2928
4074,Devi Gupta,60,7,False,893.16,469.73,DEV-4074-A,,1037
4075,Arthur Nair,81,4,True,533.24,270.54,DEV-4075-A,+91 98765 37606,1913
4076,Arthur Sharma,36,8,False,244.79,62.16,DEV-4076-A,,2863
4077,Ramesh Williams,19,8,False,791.58,181.63,DEV-4077-A,,38
4078,Suresh Sharma,30,6,False,1507.39,417.06,DEV-4078-A,,69
4079,Priya Singhania,83,5,True,785.12,341.9,DEV-4079-A,+91 98765 82848,2882
4080,Suresh Kumar,32,7,False,4748.59,2512.07,DEV-4080-A,,1638
4081,Rajesh Kumar,44,7,False,2760.85,1075.29,DEV-4081-A,,3621
4082,Rajesh Smith,69,4,True,1106.68,314.58,DEV-4082-A,+91 98765 14056,3438
4083,Devi Williams,53,6,False,775.55,444.04,DEV-4083-A,,535
4084,Eleanor Joshi,27,9,False,7266.56,1804.25,DEV-4084-A,,1571
4085,Eleanor Singhania,39,5,False,2234.19,1162.34,DEV-4085-A,,755
4086,Aarav Patel,89,2,True,1165.64,445.24,DEV-4086-A,+91 98765 70646,1547
4087,Vikram Deshmukh,68,4,True,1886.29,672.48,DEV-4087-A,+91 98765 11227,937
4088,Aarav Kumar,45,8,False,7067.69,4168.83,DEV-4088-A,,1181
4089,Eleanor Rao,63,7,False,2978.79,1471.66,DEV-4089-A,,398
4090,Kavita Kumar,36,9,False,1035.92,330.13,DEV-4090-A,,2970
4091,Lakshmi Rao,54,8,False,1143.75,279.3,DEV-4091-A,,2052
4092,Eleanor Sharma,76,2,True,2495.17,1040.02,DEV-4092-A,+91 98765 46799,2048
4093,Vikram Sharma,36,5,False,615.84,138.77,DEV-4093-A,,833
4094,George Patel,90,3,True,1574.92,548.85,DEV-4094-A,+91 98765 46352,2361
4095,Suresh Verma,59,9,False,727.7,357.81,DEV-4095-A,,2290
4096,Vikram Williams,63,7,False,960.29,299.61,DEV-4096-A,,3056
4097,Priya Patel,19,5,False,379.4,146.78,DEV-4097-A,,2439
4098,Ramesh Taylor,65,5,False,724.49,162.45,DEV-4098-A,,296
4099,Ramesh Gupta,63,4,False,3610.61,1740.59,DEV-4099-A,,2364
4100,Lakshmi Smith,52,9,False,151.64,68.93,DEV-4100-A,,3015
4101,Anish Rao,60,6,False,1279.14,335.97,DEV-4101-A,,3502
4102,Aarav Taylor,59,7,False,4023.99,1077.66,DEV-4102-A,,2806
4103,Anish Williams,69,4,True,2303.8,474.97,DEV-4103-A,+91 98765 83415,3647
4104,Devi Sharma,24,7,False,1197.58,272.85,DEV-4104-A,,1779
4105,Sunita Joshi,50,4,False,1445.44,792.34,DEV-4105-A,,1353
4106,Martha Joshi,29,9,False,1072.96,227.65,DEV-4106-A,,1696
4107,Anish Patel,62,6,False,3337.38,1450.24,DEV-4107-A,,2815
4108,Devi Deshmukh,22,6,False,1487.87,485.16,DEV-4108-A,,1510
4109,Sunita Taylor,80,4,True,379.2,141.58,DEV-4109-A,+91 98765 39431,222
4110,Anish Singhania,47,5,False,7986.24,1792.58,DEV-4110-A,,2210
4111,Devi Nair,49,8,False,3786.54,1613.09,DEV-4111-A,,51
4112,George Rao,48,7,False,2494.59,1309.1,DEV-4112-A,,1400
4113,Rajesh Johnson,74,2,True,9798.8,5348.88,DEV-4113-A,+91 98765 13325,3050
4114,Lakshmi Taylor,85,3,True,3889.42,963.18,DEV-4114-A,+91 98765 65550,334
4115,Lakshmi Rao,23,6,False,1072.97,424.26,DEV-4115-A,,703
4116,Arthur Gupta,64,7,False,2268.54,923.92,DEV-4116-A,,287
4117,Meena Sharma,51,9,False,17727.96,3607.82,DEV-4117-A,,1995
4118,Martha Kumar,18,6,False,3055.53,1704.64,DEV-4118-A,,128
4119,Arthur Joshi,85,3,True,439.1,118.64,DEV-4119-A,+91 98765 42821,1042
4120,Meena Deshmukh,74,5,True,1318.15,315.08,DEV-4120-A,+91 98765 41242,1425
4121,Sunita Joshi,20,6,False,6163.84,3687.33,DEV-4121-A,,1396
4122,Lakshmi Patel,24,7,False,4583.88,2433.4,DEV-4122-A,,3207
4123,Devi Kumar,75,3,True,2702.06,1566.98,DEV-4123-A,+91 98765 22539,2591
4124,Devi Johnson,27,7,False,950.47,505.01,DEV-4124-A,,541
4125,Rajesh Sharma,48,8,False,3343.43,948.77,DEV-4125-A,,166
4126,George Nair,87,3,True,383.66,141.55,DEV-4126-A,+91 98765 18523,3235
4127,Ramesh Sharma,29,5,False,1188.58,334.65,DEV-4127-A,,3316
4128,Devi Sharma,30,9,False,1733.01,741.01,DEV-4128-A,,1264
4129,Martha Patel,82,5,True,4091.98,1911.13,DEV-4129-A,+91 98765 23346,2805
4130,Sunita Smith,47,6,False,2121.76,1154.11,DEV-4130-A,,243
4131,Kavita Joshi,71,4,True,986.9,202.37,DEV-4131-A,+91 98765 59998,1675
4132,Meena Johnson,32,8,False,2878.19,580.8,DEV-4132-A,,3110
4133,Martha Rao,50,6,False,2655.22,1221.18,DEV-4133-A,,3571
4134,Aarav Deshmukh,23,7,False,621.83,286.93,DEV-4134-A,,1602
4135,Devi Kumar,27,6,False,1156.63,341.76,DEV-4135-A,,1783
4136,Meena Nair,32,9,False,738.08,276.94,DEV-4136-A,,2696
4137,Aarav Deshmukh,71,2,True,2457.89,539.6,DEV-4137-A,+91 98765 77792,1374
4138,Vikram Patel,80,3,True,1543.8,668.39,DEV-4138-A,+91 98765 23459,80
4139,Rajesh Johnson,90,3,True,3822.04,1332.49,DEV-4139-A,+91 98765 35377,2377
4140,Ramesh Williams,37,6,False,775.61,453.45,DEV-4140-A,,2114
4141,Anish Nair,55,4,False,1237.39,338.0,DEV-4141-A,,1754
4142,Suresh Taylor,27,5,False,1407.18,486.25,DEV-4142-A,,2573
4143,Devi Verma,26,4,False,1391.24,474.08,DEV-4143-A,,1025
4144,Ramesh Kumar,24,7,False,1744.48,578.35,DEV-4144-A,,210
4145,Sunita Verma,80,4,True,4447.02,2413.1,DEV-4145-A,+91 98765 50850,2424
4146,Martha Smith,22,7,False,1778.21,903.05,DEV-4146-A,,2699
4147,Eleanor Gupta,88,3,True,2315.24,1117.36,DEV-4147-A,+91 98765 86502,2246
4148,Ramesh Verma,70,4,True,1872.86,992.64,DEV-4148-A,+91 98765 71541,1294
4149,Arthur Gupta,77,2,True,4251.95,910.99,DEV-4149-A,+91 98765 58343,63
4150,Ramesh Sharma,86,1,True,3196.3,829.93,DEV-4150-A,+91 98765 41114,2107
4151,Sunita Singhania,76,3,True,2527.17,1157.53,DEV-4151-A,+91 98765 55064,830
4152,Vikram Williams,41,7,False,11519.38,4730.73,DEV-4152-A,,854
4153,Rajesh Nair,85,2,True,1654.62,853.22,DEV-4153-A,+91 98765 34819,2765
4154,Suresh Taylor,52,9,False,2594.61,973.29,DEV-4154-A,,2863
4155,Devi Johnson,53,8,False,4937.04,1431.27,DEV-4155-A,,2866
4156,Arthur Joshi,57,9,False,3324.51,1490.54,DEV-4156-A,,2399
4157,Arthur Johnson,89,5,True,2580.18,618.69,DEV-4157-A,+91 98765 49273,1744
4158,Arthur Verma,42,8,False,3979.8,859.86,DEV-4158-A,,459
4159,Devi Kumar,53,9,False,888.97,335.0,DEV-4159-A,,202
4160,Suresh Rao,60,5,False,720.33,266.36,DEV-4160-A,,45
4161,Lakshmi Taylor,27,6,False,4103.98,1477.68,DEV-4161-A,,973
4162,Devi Johnson,82,7,True,1496.06,871.6,DEV-4162-A,+91 98765 37936,1009
4163,Suresh Taylor,81,3,True,650.71,382.95,DEV-4163-A,+91 98765 53452,3336
4164,George Rao,42,5,False,1213.24,298.13,DEV-4164-A,,1669
4165,Priya Joshi,68,2,True,3380.25,730.29,DEV-4165-A,+91 98765 10881,1516
4166,Aarav Patel,90,1,True,757.23,425.85,DEV-4166-A,+91 98765 56908,152
4167,Meena Verma,55,7,False,1511.55,902.92,DEV-4167-A,,1220
4168,Devi Rao,23,7,False,4057.63,1662.12,DEV-4168-A,,2615
4169,Eleanor Sharma,84,3,True,1859.79,678.38,DEV-4169-A,+91 98765 13890,845
4170,Vikram Gupta,22,6,False,1667.91,890.81,DEV-4170-A,,743
4171,Lakshmi Gupta,31,8,False,1334.39,665.2,DEV-4171-A,,2974
4172,Priya Nair,32,7,False,1348.32,480.38,DEV-4172-A,,3501
4173,Lakshmi Verma,70,1,True,1026.21,390.45,DEV-4173-A,+91 98765 35688,118
4174,Priya Joshi,69,2,True,1846.93,715.43,DEV-4174-A,+91 98765 44313,444
4175,Aarav Joshi,81,4,True,1554.0,702.79,DEV-4175-A,+91 98765 98795,592
4176,George Williams,85,3,True,2222.69,650.05,DEV-4176-A,+91 98765 24544,1416
4177,Vikram Gupta,43,7,False,644.52,250.43,DEV-4177-A,,1898
4178,Lakshmi Nair,88,5,True,1388.27,800.7,DEV-4178-A,+91 98765 58804,2737
4179,Priya Smith,80,3,True,557.97,189.21,DEV-4179-A,+91 98765 91684,3641
4180,Martha Taylor,43,9,False,1251.82,476.76,DEV-4180-A,,297
4181,Meena Verma,51,9,False,1712.28,445.99,DEV-4181-A,,3645
4182,Ramesh Kumar,57,8,False,1340.59,443.52,DEV-4182-A,,806
4183,Vikram Smith,39,5,False,2450.85,769.46,DEV-4183-A,,1579
4184,Eleanor Nair,44,8,False,317.93,139.84,DEV-4184-A,,2485
4185,Martha Williams,54,5,False,4196.31,1051.47,DEV-4185-A,,1031
4186,Sunita Kumar,70,2,True,3052.09,1107.41,DEV-4186-A,+91 98765 90744,2435
4187,Vikram Joshi,50,10,False,2556.87,553.92,DEV-4187-A,,2223
4188,Kavita Kumar,66,3,True,1017.66,540.45,DEV-4188-A,+91 98765 29472,1372
4189,Lakshmi Sharma,47,7,False,2441.33,890.12,DEV-4189-A,,2608
4190,Anish Joshi,29,7,False,3156.61,1707.54,DEV-4190-A,,547
4191,Suresh Rao,40,5,False,1911.47,550.25,DEV-4191-A,,3009
4192,Rajesh Kumar,49,7,False,1134.46,417.0,DEV-4192-A,,1957
4193,Rajesh Verma,71,3,True,675.31,159.29,DEV-4193-A,+91 98765 76665,1619
4194,Eleanor Deshmukh,67,2,True,17450.33,9318.69,DEV-4194-A,+91 98765 78012,1931
4195,Priya Nair,86,3,True,1526.05,471.08,DEV-4195-A,+91 98765 59005,2182
4196,Suresh Taylor,70,3,True,2719.64,1230.44,DEV-4196-A,+91 98765 74853,1970
4197,Anish Johnson,51,6,False,6186.23,3319.06,DEV-4197-A,,1672
4198,Sunita Rao,62,8,False,8124.36,4501.64,DEV-4198-A,,929
4199,Vikram Deshmukh,34,9,False,1156.24,459.14,DEV-4199-A,,3565
4200,Lakshmi Singhania,81,2,True,566.08,314.45,DEV-4200-A,+91 98765 38651,1283
4201,Martha Singhania,48,4,False,2122.52,659.4,DEV-4201-A,,2370
4202,Priya Joshi,60,6,False,2858.05,1365.03,DEV-4202-A,,1562
4203,Anish Smith,56,6,False,941.56,342.35,DEV-4203-A,,377
4204,Ramesh Kumar,64,8,False,10368.13,5260.42,DEV-4204-A,,374
4205,Kavita Deshmukh,69,5,True,2751.48,918.18,DEV-4205-A,+91 98765 78002,1470
4206,Lakshmi Johnson,81,4,True,2516.91,1053.36,DEV-4206-A,+91 98765 15392,1935
4207,Arthur Singhania,32,4,False,3200.72,1533.14,DEV-4207-A,,1877
4208,Devi Singhania,48,8,False,3787.06,1794.38,DEV-4208-A,,1705
4209,Eleanor Kumar,32,6,False,4326.07,1792.09,DEV-4209-A,,2067
4210,Arthur Gupta,26,5,False,1999.49,842.22,DEV-4210-A,,1596
4211,Aarav Verma,59,7,False,252.21,138.78,DEV-4211-A,,1839
4212,Lakshmi Gupta,25,6,False,2643.14,567.44,DEV-4212-A,,2673
4213,Rajesh Nair,29,6,False,5663.06,3109.07,DEV-4213-A,,367
4214,Kavita Joshi,51,7,False,1449.85,387.46,DEV-4214-A,,2085
4215,Rajesh Kumar,40,9,False,1283.81,354.74,DEV-4215-A,,1162
4216,Lakshmi Patel,74,2,True,2818.93,904.88,DEV-4216-A,+91 98765 25543,322
4217,Eleanor Sharma,26,5,False,1218.65,557.65,DEV-4217-A,,2266
4218,Vikram Nair,91,3,True,1436.56,616.95,DEV-4218-A,+91 98765 35774,2795
4219,Arthur Gupta,84,7,True,2538.68,986.69,DEV-4219-A,+91 98765 49677,3082
4220,Anish Rao,35,7,False,1106.65,244.61,DEV-4220-A,,2920
4221,Ramesh Joshi,53,7,False,392.7,99.64,DEV-4221-A,,3111
4222,Anish Sharma,85,4,True,511.51,121.88,DEV-4222-A,+91 98765 49252,1184
4223,Eleanor Kumar,40,7,False,1561.51,844.78,DEV-4223-A,,1684
4224,George Joshi,55,8,False,1861.33,1066.49,DEV-4224-A,,2405
4225,Aarav Deshmukh,89,4,True,8673.31,1798.73,DEV-4225-A,+91 98765 95733,2129
4226,Ramesh Joshi,22,8,False,1429.63,625.42,DEV-4226-A,,1658
4227,Lakshmi Rao,74,2,True,1564.66,584.39,DEV-4227-A,+91 98765 37508,1973
4228,Lakshmi Smith,47,6,False,1994.33,1189.74,DEV-4228-A,,2434
4229,Devi Taylor,33,7,False,584.49,242.5,DEV-4229-A,,3365
4230,Devi Nair,46,7,False,6276.51,2786.01,DEV-4230-A,,3273
4231,Rajesh Nair,66,3,True,1315.38,728.3,DEV-4231-A,+91 98765 34621,1786
4232,Martha Rao,19,8,False,1590.99,542.94,DEV-4232-A,,1826
4233,Devi Joshi,47,7,False,4347.42,1763.67,DEV-4233-A,,2317
4234,Aarav Nair,76,2,True,3722.66,769.69,DEV-4234-A,+91 98765 28212,2395
4235,Ramesh Gupta,48,5,False,9730.39,4961.91,DEV-4235-A,,3052
4236,Aarav Deshmukh,68,2,True,1927.15,1099.31,DEV-4236-A,+91 98765 96356,3447
4237,Eleanor Nair,47,9,False,574.0,269.51,DEV-4237-A,,953
4238,Martha Singhania,31,6,False,3469.96,953.11,DEV-4238-A,,2838
4239,George Kumar,44,4,False,2663.25,1414.78,DEV-4239-A,,3219
4240,Kavita Nair,62,7,False,89.48,26.46,DEV-4240-A,,2434
4241,Aarav Johnson,56,4,False,368.51,127.17,DEV-4241-A,,3246
4242,Sunita Verma,19,4,False,2260.14,453.22,DEV-4242-A,,659
4243,Arthur Johnson,37,6,False,536.31,135.55,DEV-4243-A,,2609
4244,George Singhania,50,8,False,5768.55,3008.31,DEV-4244-A,,866
4245,George Patel,47,9,False,1934.66,717.91,DEV-4245-A,,2219
4246,George Rao,64,4,False,521.39,262.82,DEV-4246-A,,1974
4247,Meena Nair,29,5,False,1052.96,361.84,DEV-4247-A,,2362
4248,Devi Williams,32,9,False,2406.82,1238.66,DEV-4248-A,,1277
4249,Rajesh Verma,41,7,False,2012.08,723.87,DEV-4249-A,,457
4250,Priya Sharma,76,4,True,3554.4,989.74,DEV-4250-A,+91 98765 89084,2031
4251,Aarav Verma,48,7,False,4490.87,2125.89,DEV-4251-A,,845
4252,Rajesh Singhania,55,6,False,3372.6,1450.86,DEV-4252-A,,1192
4253,Vikram Rao,25,9,False,3733.64,810.7,DEV-4253-A,,1222
4254,Rajesh Deshmukh,62,6,False,1509.27,555.36,DEV-4254-A,,265
4255,Eleanor Smith,30,4,False,629.59,311.87,DEV-4255-A,,75
4256,Priya Nair,71,3,True,1904.2,1089.98,DEV-4256-A,+91 98765 63852,1631
4257,Priya Patel,63,8,False,620.53,239.93,DEV-4257-A,,558
4258,Martha Deshmukh,45,7,False,3897.72,897.01,DEV-4258-A,,3073
4259,Rajesh Singhania,87,3,True,2772.49,1073.39,DEV-4259-A,+91 98765 37063,562
4260,Vikram Gupta,24,7,False,987.78,260.82,DEV-4260-A,,1800
4261,Suresh Verma,18,5,False,1508.18,398.47,DEV-4261-A,,2502
4262,Kavita Johnson,22,8,False,876.59,458.96,DEV-4262-A,,861
4263,Devi Gupta,47,6,False,1818.61,414.15,DEV-4263-A,,856
4264,Aarav Verma,34,10,False,2309.08,1020.62,DEV-4264-A,,1855
4265,Rajesh Joshi,43,7,False,1340.96,463.32,DEV-4265-A,,1665
4266,Lakshmi Smith,67,5,True,1948.16,1096.65,DEV-4266-A,+91 98765 53108,2361
4267,Suresh Deshmukh,84,4,True,21036.23,6442.8,DEV-4267-A,+91 98765 70646,2389
4268,Sunita Taylor,86,2,True,1641.79,612.52,DEV-4268-A,+91 98765 21941,1209
4269,Devi Nair,26,10,False,1989.58,666.71,DEV-4269-A,,2898
4270,Kavita Singhania,22,6,False,4182.74,2109.49,DEV-4270-A,,2540
4271,Priya Singhania,49,7,False,1478.43,499.74,DEV-4271-A,,1050
4272,Priya Johnson,26,4,False,329.03,105.37,DEV-4272-A,,3033
4273,Martha Deshmukh,54,8,False,1211.49,403.4,DEV-4273-A,,1605
4274,Priya Taylor,56,8,False,2357.32,1259.55,DEV-4274-A,,2359
4275,Meena Singhania,57,7,False,255.12,129.47,DEV-4275-A,,2891
4276,Sunita Rao,80,3,True,922.03,470.65,DEV-4276-A,+91 98765 30700,1151
4277,Kavita Williams,45,6,False,449.29,198.2,DEV-4277-A,,303
4278,Vikram Deshmukh,91,1,True,1757.7,466.03,DEV-4278-A,+91 98765 63907,3150
4279,Meena Nair,20,10,False,10549.99,2976.08,DEV-4279-A,,343
4280,Meena Smith,64,6,False,3643.39,1230.15,DEV-4280-A,,3169
4281,Arthur Singhania,91,5,True,1081.82,412.27,DEV-4281-A,+91 98765 69105,705
4282,Anish Rao,73,4,True,4520.48,2449.7,DEV-4282-A,+91 98765 76330,212
4283,Devi Sharma,86,1,True,2594.5,932.6,DEV-4283-A,+91 98765 19593,2646
4284,Devi Singhania,69,2,True,2686.05,592.26,DEV-4284-A,+91 98765 55043,3085
4285,George Joshi,63,7,False,475.21,236.99,DEV-4285-A,,826
4286,George Sharma,54,6,False,931.94,397.16,DEV-4286-A,,73
4287,Anish Patel,50,9,False,1676.83,904.65,DEV-4287-A,,2934
4288,Ramesh Nair,51,6,False,2949.51,1402.08,DEV-4288-A,,2775
4289,Devi Deshmukh,35,7,False,2122.94,1172.87,DEV-4289-A,,1919
4290,Rajesh Patel,37,7,False,10161.66,3521.23,DEV-4290-A,,2276
4291,Lakshmi Taylor,59,7,False,3255.57,1702.42,DEV-4291-A,,1822
4292,Ramesh Deshmukh,42,9,False,1691.13,618.85,DEV-4292-A,,3390
4293,Anish Joshi,52,9,False,3674.63,1591.26,DEV-4293-A,,690
4294,Priya Joshi,27,4,False,981.68,390.97,DEV-4294-A,,103
4295,Meena Verma,80,3,True,1874.66,1042.54,DEV-4295-A,+91 98765 48554,538
4296,George Verma,48,6,False,2528.74,1184.18,DEV-4296-A,,347
4297,Aarav Williams,33,7,False,1749.72,456.05,DEV-4297-A,,1149
4298,Ramesh Deshmukh,23,6,False,1497.39,713.9,DEV-4298-A,,1496
4299,Priya Rao,19,5,False,2352.89,1360.12,DEV-4299-A,,2956
4300,Sunita Williams,85,4,True,623.59,131.7,DEV-4300-A,+91 98765 79769,915
4301,Devi Taylor,85,2,True,1851.98,624.12,DEV-4301-A,+91 98765 16259,3456
4302,Meena Singhania,22,9,False,800.69,310.63,DEV-4302-A,,2857
4303,Kavita Deshmukh,42,7,False,1221.71,293.28,DEV-4303-A,,244
4304,Aarav Sharma,74,3,True,794.36,267.78,DEV-4304-A,+91 98765 59465,3172
4305,Vikram Rao,32,6,False,9864.25,3551.7,DEV-4305-A,,1564
4306,Lakshmi Rao,56,4,False,1688.17,715.15,DEV-4306-A,,404
4307,Aarav Singhania,61,7,False,1255.31,280.03,DEV-4307-A,,144
4308,Aarav Nair,30,9,False,2084.72,1153.11,DEV-4308-A,,3390
4309,Vikram Williams,22,10,False,468.64,121.3,DEV-4309-A,,2770
4310,Rajesh Rao,70,3,True,2209.86,449.47,DEV-4310-A,+91 98765 22661,3294
4311,Priya Taylor,32,8,False,3952.35,2204.45,DEV-4311-A,,714
4312,Sunita Singhania,21,9,False,8616.02,1846.15,DEV-4312-A,,2129
4313,Meena Joshi,51,5,False,2560.38,792.01,DEV-4313-A,,1369
4314,Arthur Smith,59,9,False,1667.23,561.78,DEV-4314-A,,2597
4315,Vikram Johnson,35,6,False,862.33,455.08,DEV-4315-A,,878
4316,George Singhania,65,10,False,1034.24,620.32,DEV-4316-A,,524
4317,Lakshmi Rao,65,8,False,1077.48,582.19,DEV-4317-A,,463
4318,Eleanor Nair,87,3,True,553.19,261.23,DEV-4318-A,+91 98765 32756,91
4319,George Williams,33,5,False,2956.81,985.75,DEV-4319-A,,1325
4320,Aarav Singhania,46,3,True,5829.98,2316.12,DEV-4320-A,+91 98765 37887,1909
4321,Lakshmi Patel,37,8,False,632.35,325.31,DEV-4321-A,,2725
4322,Anish Williams,28,7,False,1250.8,402.84,DEV-4322-A,,2585
4323,Eleanor Sharma,87,2,True,4723.91,1491.89,DEV-4323-A,+91 98765 18825,925
4324,Martha Gupta,51,8,False,1104.99,448.12,DEV-4324-A,,3173
4325,Suresh Patel,18,6,False,7649.77,3093.12,DEV-4325-A,,2948
4326,Priya Gupta,31,8,False,1868.65,428.63,DEV-4326-A,,418
4327,Arthur Williams,36,6,False,937.55,329.53,DEV-4327-A,,2882
4328,George Williams,75,6,True,3087.61,1262.0,DEV-4328-A,+91 98765 27423,1390
4329,Priya Williams,46,7,False,594.69,214.38,DEV-4329-A,,3149
4330,Arthur Joshi,73,2,True,2440.97,574.62,DEV-4330-A,+91 98765 97342,2004
4331,Rajesh Nair,83,4,True,1979.76,442.0,DEV-4331-A,+91 98765 12313,2522
4332,Devi Singhania,52,9,False,1995.08,476.91,DEV-4332-A,,2123
4333,Lakshmi Smith,33,9,False,1465.78,843.63,DEV-4333-A,,2436
4334,Aarav Rao,91,4,True,1239.84,690.67,DEV-4334-A,+91 98765 12780,2554
4335,Meena Gupta,30,8,False,2133.84,822.58,DEV-4335-A,,998
4336,Martha Kumar,24,4,False,997.02,429.78,DEV-4336-A,,1027
4337,Rajesh Sharma,46,5,False,14308.84,8325.55,DEV-4337-A,,593
4338,Eleanor Deshmukh,28,8,False,1193.81,363.32,DEV-4338-A,,1244
4339,Vikram Verma,73,1,True,1926.11,969.1,DEV-4339-A,+91 98765 59250,867
4340,Sunita Rao,59,8,False,1183.85,540.66,DEV-4340-A,,3000
4341,Devi Taylor,61,7,False,4762.95,1840.41,DEV-4341-A,,3623
4342,Arthur Verma,59,6,False,1143.5,510.73,DEV-4342-A,,1169
4343,Arthur Williams,33,5,False,4974.16,2491.68,DEV-4343-A,,3253
4344,Sunita Smith,42,3,True,1328.56,611.44,DEV-4344-A,+91 98765 64380,2684
4345,Kavita Kumar,41,10,False,277.2,137.72,DEV-4345-A,,127
4346,Lakshmi Joshi,64,7,False,2894.39,1734.19,DEV-4346-A,,3031
4347,Arthur Nair,40,8,False,3624.99,1727.51,DEV-4347-A,,1022
4348,Vikram Smith,39,7,False,2037.48,585.61,DEV-4348-A,,251
4349,Lakshmi Kumar,58,5,False,1641.19,578.92,DEV-4349-A,,2845
4350,Lakshmi Johnson,60,7,False,1019.08,583.41,DEV-4350-A,,3604
4351,George Smith,78,2,True,2698.9,553.18,DEV-4351-A,+91 98765 52157,781
4352,Devi Williams,29,8,False,962.91,418.33,DEV-4352-A,,54
4353,Rajesh Joshi,72,3,True,2387.53,1006.0,DEV-4353-A,+91 98765 74440,316
4354,Vikram Sharma,59,6,False,1781.18,1024.01,DEV-4354-A,,2628
4355,Ramesh Rao,55,7,False,8235.91,4397.11,DEV-4355-A,,544
4356,Rajesh Verma,20,7,False,453.08,104.5,DEV-4356-A,,2457
4357,Vikram Rao,65,5,False,1029.86,207.36,DEV-4357-A,,2108
4358,Rajesh Singhania,66,3,True,4500.05,1915.61,DEV-4358-A,+91 98765 71220,1305
4359,Priya Taylor,32,10,False,1572.01,891.76,DEV-4359-A,,839
4360,Lakshmi Singhania,42,8,False,5619.79,3207.8,DEV-4360-A,,752
4361,Lakshmi Gupta,43,8,False,1382.37,303.7,DEV-4361-A,,1198
4362,Devi Williams,26,7,False,1791.92,646.27,DEV-4362-A,,854
4363,Anish Joshi,30,9,False,4147.14,1638.17,DEV-4363-A,,3230
4364,Suresh Patel,20,8,False,2577.88,1258.34,DEV-4364-A,,1502
4365,George Singhania,76,3,True,1583.33,520.72,DEV-4365-A,+91 98765 31989,1958
4366,Devi Singhania,18,5,False,3145.69,945.9,DEV-4366-A,,2099
4367,Martha Kumar,48,6,False,3575.4,1871.49,DEV-4367-A,,668
4368,Suresh Sharma,84,1,True,793.44,413.29,DEV-4368-A,+91 98765 59993,1780
4369,Rajesh Kumar,52,8,False,6010.77,1569.75,DEV-4369-A,,1259
4370,Ramesh Smith,77,4,True,880.51,276.36,DEV-4370-A,+91 98765 33029,1083
4371,George Deshmukh,38,9,False,927.35,392.01,DEV-4371-A,,1282
4372,Devi Gupta,81,4,True,746.72,374.24,DEV-4372-A,+91 98765 59171,2332
4373,Suresh Patel,27,6,False,246.0,84.2,DEV-4373-A,,1394
4374,Ramesh Taylor,38,5,False,3119.5,1509.08,DEV-4374-A,,1952
4375,Vikram Verma,86,5,True,4629.39,1053.52,DEV-4375-A,+91 98765 34854,47
4376,Aarav Joshi,79,4,True,546.64,323.42,DEV-4376-A,+91 98765 75627,3021
4377,Eleanor Deshmukh,56,6,False,7080.53,1587.07,DEV-4377-A,,1687
4378,Martha Singhania,73,3,True,676.76,297.0,DEV-4378-A,+91 98765 58908,1603
4379,Suresh Gupta,47,6,False,342.81,111.26,DEV-4379-A,,2655
4380,Rajesh Singhania,46,8,False,378.46,111.71,DEV-4380-A,,189
4381,Meena Singhania,90,1,True,1813.82,708.89,DEV-4381-A,+91 98765 84135,695
4382,Vikram Kumar,79,1,True,2092.37,1102.66,DEV-4382-A,+91 98765 67186,1075
4383,Eleanor Smith,41,8,False,1176.47,535.78,DEV-4383-A,,2934
4384,Suresh Williams,82,5,True,3260.86,1743.19,DEV-4384-A,+91 98765 58258,2882
4385,Sunita Williams,21,8,False,5231.05,1191.65,DEV-4385-A,,1608
4386,Martha Taylor,50,7,False,1360.58,569.54,DEV-4386-A,,1040
4387,Lakshmi Deshmukh,87,3,True,690.01,196.4,DEV-4387-A,+91 98765 14522,3360
4388,Eleanor Williams,57,8,False,3907.31,2055.36,DEV-4388-A,,2924
4389,Aarav Taylor,78,3,True,1115.9,529.88,DEV-4389-A,+91 98765 97251,2673
4390,Ramesh Gupta,50,7,False,616.09,223.62,DEV-4390-A,,2509
4391,Devi Williams,43,6,False,4977.28,1048.12,DEV-4391-A,,633
4392,Anish Rao,21,5,False,5638.63,3244.69,DEV-4392-A,,2496
4393,Priya Sharma,61,8,False,2900.19,1019.87,DEV-4393-A,,508
4394,Rajesh Williams,48,6,False,888.64,454.32,DEV-4394-A,,2944
4395,George Singhania,82,3,True,7364.45,1727.73,DEV-4395-A,+91 98765 86829,359
4396,Vikram Singhania,21,6,False,304.73,135.19,DEV-4396-A,,709
4397,Martha Gupta,18,7,False,4681.42,1180.54,DEV-4397-A,,2863
4398,Kavita Smith,73,3,True,7872.46,3194.81,DEV-4398-A,+91 98765 79887,2727
4399,George Johnson,23,8,False,2215.23,525.67,DEV-4399-A,,1291
4400,Martha Kumar,35,7,False,2767.3,1277.32,DEV-4400-A,,3619
4401,Rajesh Patel,52,5,False,7378.5,2361.09,DEV-4401-A,,2635
4402,Eleanor Joshi,21,8,False,3575.74,1674.48,DEV-4402-A,,614
4403,Anish Taylor,59,7,False,5486.82,1770.79,DEV-4403-A,,888
4404,George Taylor,24,7,False,1186.42,619.19,DEV-4404-A,,1291
4405,Aarav Verma,84,3,True,3703.89,1065.85,DEV-4405-A,+91 98765 74451,36
4406,Meena Patel,73,2,True,912.08,267.51,DEV-4406-A,+91 98765 64767,2180
4407,Martha Williams,51,6,False,1252.56,477.56,DEV-4407-A,,1211
4408,Martha Verma,80,4,True,2100.77,584.75,DEV-4408-A,+91 98765 33121,1564
4409,Priya Taylor,28,5,False,12364.02,5737.76,DEV-4409-A,,580
4410,Vikram Deshmukh,73,1,True,1259.79,529.57,DEV-4410-A,+91 98765 33853,2088
4411,Meena Deshmukh,25,6,False,1057.61,379.29,DEV-4411-A,,2352
4412,Vikram Verma,25,7,False,1524.45,677.01,DEV-4412-A,,853
4413,Sunita Taylor,65,6,False,2346.04,742.36,DEV-4413-A,,778
4414,Vikram Gupta,26,8,False,3079.49,864.14,DEV-4414-A,,3600
4415,Martha Deshmukh,40,7,False,2559.83,1332.29,DEV-4415-A,,2597
4416,Meena Joshi,35,8,False,1072.45,508.72,DEV-4416-A,,2636
4417,Priya Patel,62,10,False,7111.07,3514.85,DEV-4417-A,,1230
4418,Rajesh Singhania,35,8,False,1368.15,442.66,DEV-4418-A,,540
4419,Anish Patel,53,4,False,458.65,246.31,DEV-4419-A,,1431
4420,Aarav Johnson,74,3,True,7164.8,2361.34,DEV-4420-A,+91 98765 40773,1987
4421,Suresh Williams,57,7,False,852.57,329.0,DEV-4421-A,,3145
4422,Meena Sharma,89,2,True,7013.4,1475.78,DEV-4422-A,+91 98765 18002,1119
4423,Aarav Williams,54,7,False,6600.72,2453.38,DEV-4423-A,,2415
4424,Sunita Patel,82,2,True,926.16,533.17,DEV-4424-A,+91 98765 37665,2169
4425,Aarav Singhania,74,2,True,2712.79,698.05,DEV-4425-A,+91 98765 89034,2160
4426,Anish Deshmukh,19,8,False,1011.88,299.53,DEV-4426-A,,1968
4427,Arthur Johnson,67,2,True,567.01,336.39,DEV-4427-A,+91 98765 66289,1408
4428,Eleanor Williams,33,5,False,866.5,211.3,DEV-4428-A,,1435
4429,Arthur Joshi,49,9,False,857.48,451.92,DEV-4429-A,,1011
4430,Eleanor Williams,53,7,False,1351.36,300.21,DEV-4430-A,,1662
4431,George Johnson,57,5,False,2951.78,1557.77,DEV-4431-A,,264
4432,Eleanor Joshi,83,2,True,3825.34,1662.71,DEV-4432-A,+91 98765 53287,3332
4433,Meena Sharma,84,4,True,1169.99,238.43,DEV-4433-A,+91 98765 69889,3595
4434,George Taylor,18,8,False,3370.64,1737.87,DEV-4434-A,,3451
4435,Ramesh Sharma,85,3,True,1282.06,719.86,DEV-4435-A,+91 98765 88893,533
4436,Anish Taylor,29,7,False,8730.65,2036.66,DEV-4436-A,,3107
4437,Lakshmi Nair,36,9,False,1909.33,922.24,DEV-4437-A,,1881
4438,Suresh Smith,58,4,False,1754.49,434.58,DEV-4438-A,,1722
4439,Vikram Sharma,44,4,False,506.13,110.19,DEV-4439-A,,2643
4440,Arthur Sharma,56,6,False,1949.92,1125.62,DEV-4440-A,,2625
4441,Eleanor Joshi,24,6,False,5075.32,2513.74,DEV-4441-A,,217
4442,Arthur Williams,43,7,False,1073.29,525.07,DEV-4442-A,,1849
4443,Lakshmi Johnson,43,8,False,984.83,505.92,DEV-4443-A,,2014
4444,George Taylor,84,3,True,273.98,94.59,DEV-4444-A,+91 98765 90293,3282
4445,Rajesh Nair,34,6,False,4771.48,1771.46,DEV-4445-A,,1782
4446,Suresh Williams,44,8,False,2173.77,1014.5,DEV-4446-A,,3540
4447,Meena Taylor,48,8,False,4809.07,1078.41,DEV-4447-A,,1606
4448,Kavita Johnson,24,7,False,1170.44,620.73,DEV-4448-A,,829
4449,Ramesh Joshi,38,8,False,1517.95,811.74,DEV-4449-A,,2160
4450,Sunita Verma,61,6,False,1373.73,283.57,DEV-4450-A,,2069
4451,Rajesh Gupta,24,8,False,432.28,97.52,DEV-4451-A,,3439
4452,Devi Verma,26,8,False,735.07,328.07,DEV-4452-A,,1857
4453,Meena Deshmukh,53,6,False,614.18,146.59,DEV-4453-A,,2744
4454,Lakshmi Rao,32,8,False,2180.37,996.64,DEV-4454-A,,896
4455,Priya Kumar,20,5,False,3510.0,1252.34,DEV-4455-A,,2732
4456,Rajesh Patel,59,5,False,1310.72,437.49,DEV-4456-A,,1811
4457,Aarav Verma,40,5,False,1548.62,812.11,DEV-4457-A,,1367
4458,George Kumar,28,6,False,683.13,377.18,DEV-4458-A,,1178
4459,Lakshmi Taylor,26,7,False,775.23,240.76,DEV-4459-A,,1085
4460,Suresh Williams,54,4,False,498.79,122.1,DEV-4460-A,,534
4461,Ramesh Smith,27,6,False,1436.98,318.1,DEV-4461-A,,2625
4462,Suresh Patel,57,6,False,5690.88,2685.36,DEV-4462-A,,3288
4463,Arthur Joshi,65,7,False,2467.12,1060.51,DEV-4463-A,,946
4464,Rajesh Williams,23,6,False,778.51,330.32,DEV-4464-A,,1435
4465,George Taylor,34,7,False,1418.98,453.55,DEV-4465-A,,3073
4466,George Williams,47,7,False,1404.68,598.69,DEV-4466-A,,2660
4467,Martha Kumar,83,4,True,1797.6,1000.81,DEV-4467-A,+91 98765 40587,945
4468,Anish Patel,55,7,False,2637.23,913.16,DEV-4468-A,,1221
4469,Rajesh Patel,20,9,False,3018.17,1537.48,DEV-4469-A,,395
4470,Arthur Taylor,27,5,False,1514.81,704.16,DEV-4470-A,,2455
4471,Vikram Taylor,28,7,False,2268.29,718.05,DEV-4471-A,,505
4472,Eleanor Verma,78,2,True,1755.26,698.3,DEV-4472-A,+91 98765 51074,1587
4473,Aarav Gupta,23,7,False,2171.45,657.11,DEV-4473-A,,283
4474,Vikram Joshi,54,5,False,710.7,152.11,DEV-4474-A,,1619
4475,Martha Nair,60,4,False,8583.83,4833.15,DEV-4475-A,,3189
4476,Eleanor Kumar,28,4,False,1852.59,504.26,DEV-4476-A,,2812
4477,Ramesh Smith,69,4,True,807.11,274.18,DEV-4477-A,+91 98765 96998,2494
4478,Lakshmi Patel,51,9,False,1809.31,787.39,DEV-4478-A,,1649
4479,Aarav Smith,35,9,False,861.67,479.37,DEV-4479-A,,3521
4480,Devi Nair,20,7,False,1197.68,351.05,DEV-4480-A,,622
4481,Kavita Joshi,35,6,False,1125.63,283.94,DEV-4481-A,,926
4482,Suresh Williams,85,3,True,1282.72,382.9,DEV-4482-A,+91 98765 69740,633
4483,Kavita Verma,85,4,True,3094.87,748.66,DEV-4483-A,+91 98765 97208,3508
4484,Sunita Johnson,77,1,True,1124.54,483.89,DEV-4484-A,+91 98765 51961,1295
4485,Meena Gupta,75,3,True,2188.96,1250.45,DEV-4485-A,+91 98765 85231,1989
4486,Vikram Deshmukh,33,7,False,1749.63,965.32,DEV-4486-A,,1223
4487,George Sharma,27,6,False,3585.27,1245.0,DEV-4487-A,,3348
4488,Arthur Verma,20,8,False,1390.98,292.41,DEV-4488-A,,3421
4489,Vikram Joshi,44,7,False,1394.85,375.29,DEV-4489-A,,3030
4490,Lakshmi Taylor,34,7,False,4083.01,1263.77,DEV-4490-A,,3043
4491,Sunita Joshi,56,6,False,1084.99,454.07,DEV-4491-A,,3208
4492,Priya Joshi,33,7,False,9121.17,4640.81,DEV-4492-A,,2026
4493,George Gupta,87,3,True,971.71,318.55,DEV-4493-A,+91 98765 96409,3505
4494,Priya Sharma,27,8,False,3177.64,1251.26,DEV-4494-A,,2274
4495,George Nair,52,7,False,1045.84,540.21,DEV-4495-A,,1760
4496,Suresh Nair,55,8,False,688.09,237.11,DEV-4496-A,,3133
4497,George Singhania,53,3,True,1481.42,722.27,DEV-4497-A,+91 98765 19414,2192
4498,Kavita Gupta,81,5,True,1973.3,1070.02,DEV-4498-A,+91 98765 35571,2901
4499,George Patel,48,6,False,2467.59,650.62,DEV-4499-A,,566
4500,Arthur Kumar,60,8,False,10384.0,3453.27,DEV-4500-A,,3271
4501,Sunita Joshi,90,4,True,923.87,381.37,DEV-4501-A,+91 98765 49855,1904
4502,Priya Johnson,57,8,False,1672.75,717.06,DEV-4502-A,,593
4503,Devi Taylor,86,3,True,1625.41,791.37,DEV-4503-A,+91 98765 73234,1222
4504,Ramesh Rao,68,3,True,536.36,120.39,DEV-4504-A,+91 98765 38591,3324
4505,Vikram Taylor,51,6,False,1636.18,546.57,DEV-4505-A,,2697
4506,Aarav Nair,43,7,False,1847.27,954.68,DEV-4506-A,,3003
4507,Meena Williams,91,3,True,2720.62,1301.95,DEV-4507-A,+91 98765 29346,1572
4508,Martha Williams,25,9,False,1474.74,593.04,DEV-4508-A,,3477
4509,Priya Sharma,64,6,False,3567.95,1963.37,DEV-4509-A,,423
4510,Eleanor Deshmukh,47,8,False,1390.94,510.65,DEV-4510-A,,765
4511,Sunita Patel,69,1,True,3657.24,1916.21,DEV-4511-A,+91 98765 77559,2692
4512,Arthur Johnson,55,6,False,1483.68,828.16,DEV-4512-A,,1806
4513,Ramesh Williams,20,6,False,3816.2,1739.18,DEV-4513-A,,2989
4514,George Rao,84,3,True,719.98,364.15,DEV-4514-A,+91 98765 14455,516
4515,Lakshmi Singhania,69,6,True,2634.97,1325.42,DEV-4515-A,+91 98765 74045,1269
4516,Priya Williams,77,2,True,4912.42,2941.02,DEV-4516-A,+91 98765 59200,3207
4517,Rajesh Kumar,46,7,False,1549.42,389.08,DEV-4517-A,,1929
4518,George Gupta,25,7,False,1715.13,815.38,DEV-4518-A,,2620
4519,Devi Nair,22,7,False,1563.42,670.33,DEV-4519-A,,77
4520,Meena Patel,88,2,True,981.58,226.31,DEV-4520-A,+91 98765 20831,529
4521,Suresh Williams,71,3,True,994.95,297.64,DEV-4521-A,+91 98765 97659,2117
4522,Lakshmi Sharma,33,7,False,4697.73,2576.26,DEV-4522-A,,2433
4523,Suresh Gupta,59,7,False,2025.92,887.61,DEV-4523-A,,2871
4524,Meena Kumar,63,8,False,1463.57,866.32,DEV-4524-A,,2458
4525,Priya Singhania,49,6,False,273.0,147.72,DEV-4525-A,,2013
4526,Martha Gupta,59,7,False,1122.46,232.26,DEV-4526-A,,2370
4527,Ramesh Patel,71,3,True,356.87,185.38,DEV-4527-A,+91 98765 52628,290
4528,Priya Singhania,21,7,False,740.95,216.34,DEV-4528-A,,3359
4529,Aarav Singhania,39,5,False,809.74,237.76,DEV-4529-A,,2307
4530,Suresh Patel,76,2,True,3305.06,1159.41,DEV-4530-A,+91 98765 78013,3458
4531,Meena Kumar,50,8,False,1915.36,674.64,DEV-4531-A,,3114
4532,Vikram Williams,83,5,True,1332.07,762.08,DEV-4532-A,+91 98765 25378,770
4533,Priya Sharma,83,1,True,887.58,405.05,DEV-4533-A,+91 98765 82708,1861
4534,Arthur Patel,86,3,True,821.3,227.47,DEV-4534-A,+91 98765 15130,557
4535,Vikram Williams,82,3,True,2779.81,671.61,DEV-4535-A,+91 98765 31130,389
4536,Anish Joshi,72,2,True,5366.85,2978.4,DEV-4536-A,+91 98765 14588,376
4537,Meena Smith,89,5,True,7298.09,2328.13,DEV-4537-A,+91 98765 49135,1519
4538,Priya Singhania,55,4,False,1165.92,264.52,DEV-4538-A,,2725
4539,Aarav Rao,34,7,False,593.5,261.54,DEV-4539-A,,1261
4540,Sunita Smith,57,5,False,407.8,217.64,DEV-4540-A,,3236
4541,Kavita Williams,48,7,False,2226.01,1023.59,DEV-4541-A,,2217
4542,Devi Verma,21,8,False,2514.14,1450.62,DEV-4542-A,,2393
4543,Suresh Taylor,91,4,True,477.91,181.74,DEV-4543-A,+91 98765 51017,2170
4544,Eleanor Johnson,54,7,False,1603.02,903.83,DEV-4544-A,,2234
4545,Vikram Taylor,47,6,False,1279.0,605.61,DEV-4545-A,,435
4546,Sunita Rao,38,7,False,3010.24,1379.52,DEV-4546-A,,180
4547,Vikram Verma,54,10,False,2341.23,520.89,DEV-4547-A,,1257
4548,Vikram Verma,58,8,False,3183.35,1617.28,DEV-4548-A,,2496
4549,Vikram Johnson,32,9,False,737.07,247.1,DEV-4549-A,,1500
4550,Anish Verma,89,3,True,843.77,313.22,DEV-4550-A,+91 98765 91567,1758
4551,Rajesh Smith,39,6,False,2398.45,1167.24,DEV-4551-A,,1074
4552,Anish Singhania,90,3,True,2321.74,798.34,DEV-4552-A,+91 98765 95166,698
4553,George Deshmukh,38,6,False,1841.83,1064.84,DEV-4553-A,,371
4554,Anish Williams,27,6,False,2318.12,498.98,DEV-4554-A,,1772
4555,Ramesh Smith,66,4,True,812.86,343.05,DEV-4555-A,+91 98765 36707,319
4556,Anish Williams,25,7,False,3277.02,1618.12,DEV-4556-A,,2884
4557,Vikram Taylor,50,5,False,3541.03,992.0,DEV-4557-A,,1554
4558,Priya Singhania,53,4,False,735.08,344.77,DEV-4558-A,,3395
4559,Ramesh Nair,63,7,False,1353.14,493.5,DEV-4559-A,,3256
4560,Martha Singhania,24,6,False,7100.74,3654.88,DEV-4560-A,,136
4561,Lakshmi Patel,85,2,True,2474.89,1269.32,DEV-4561-A,+91 98765 45405,540
4562,Meena Williams,87,5,True,3359.9,1125.53,DEV-4562-A,+91 98765 81875,1696
4563,Rajesh Nair,42,7,False,2039.42,920.99,DEV-4563-A,,2652
4564,Rajesh Nair,72,2,True,1161.92,479.66,DEV-4564-A,+91 98765 53714,3216
4565,Anish Verma,29,5,False,3744.31,1934.36,DEV-4565-A,,3588
4566,Lakshmi Gupta,74,1,True,1603.64,735.61,DEV-4566-A,+91 98765 11292,431
4567,George Rao,91,3,True,1963.03,406.19,DEV-4567-A,+91 98765 59628,460
4568,Meena Verma,38,8,False,1198.86,644.89,DEV-4568-A,,2186
4569,Kavita Johnson,34,5,False,994.93,560.5,DEV-4569-A,,3394
4570,Suresh Patel,50,6,False,7568.57,3424.06,DEV-4570-A,,2196
4571,Eleanor Taylor,42,9,False,575.89,251.33,DEV-4571-A,,2373
4572,Kavita Smith,36,6,False,807.9,295.76,DEV-4572-A,,1140
4573,Meena Sharma,58,6,False,1111.3,445.54,DEV-4573-A,,729
4574,Arthur Kumar,45,6,False,3457.94,1513.88,DEV-4574-A,,1625
4575,Priya Nair,81,3,True,2060.84,605.5,DEV-4575-A,+91 98765 98842,3260
4576,George Deshmukh,30,9,False,3255.8,1859.21,DEV-4576-A,,2456
4577,Ramesh Gupta,59,7,False,2096.36,712.7,DEV-4577-A,,68
4578,Ramesh Williams,53,8,False,3524.42,1757.94,DEV-4578-A,,547
4579,Ramesh Singhania,40,4,False,2397.93,494.97,DEV-4579-A,,2354
4580,Anish Sharma,54,7,False,2881.84,1709.53,DEV-4580-A,,3001
4581,Eleanor Taylor,21,4,False,4026.98,2164.07,DEV-4581-A,,3214
4582,Lakshmi Williams,41,8,False,1280.68,448.06,DEV-4582-A,,2523
4583,Martha Taylor,19,9,False,726.07,219.09,DEV-4583-A,,1905
4584,Priya Deshmukh,45,7,False,1097.94,551.73,DEV-4584-A,,1479
4585,Devi Smith,44,6,False,1591.42,446.83,DEV-4585-A,,1204
4586,Anish Singhania,27,10,False,451.25,261.53,DEV-4586-A,,2162
4587,Lakshmi Gupta,22,8,False,12605.63,5124.1,DEV-4587-A,,2633
4588,Rajesh Gupta,80,2,True,5134.92,1063.11,DEV-4588-A,+91 98765 63282,3186
4589,Arthur Joshi,34,8,False,531.79,143.07,DEV-4589-A,,399
4590,Rajesh Patel,44,3,True,676.22,398.68,DEV-4590-A,+91 98765 41462,413
4591,Priya Johnson,20,7,False,2876.29,1490.76,DEV-4591-A,,265
4592,Rajesh Taylor,45,9,False,1635.62,913.29,DEV-4592-A,,1200
4593,Suresh Kumar,33,7,False,577.93,323.7,DEV-4593-A,,3611
4594,Aarav Singhania,38,9,False,3897.66,1993.54,DEV-4594-A,,2803
4595,Ramesh Deshmukh,54,8,False,1684.39,748.77,DEV-4595-A,,2069
4596,Meena Singhania,67,5,True,699.18,211.93,DEV-4596-A,+91 98765 11821,2554
4597,Vikram Joshi,33,7,False,7781.31,3682.98,DEV-4597-A,,3085
4598,Aarav Taylor,35,5,False,9838.08,4316.79,DEV-4598-A,,1770
4599,Eleanor Rao,36,8,False,2969.07,902.5,DEV-4599-A,,3056
4600,Sunita Johnson,37,9,False,4182.75,2014.58,DEV-4600-A,,1867
4601,Priya Williams,62,5,False,516.58,155.97,DEV-4601-A,,3642
4602,Lakshmi Verma,28,6,False,2257.47,1298.31,DEV-4602-A,,337
4603,Eleanor Joshi,76,4,True,1429.11,376.18,DEV-4603-A,+91 98765 27474,2134
4604,Eleanor Sharma,19,6,False,3464.55,1626.77,DEV-4604-A,,1761
4605,Suresh Singhania,20,7,False,2373.16,1136.61,DEV-4605-A,,728
4606,Eleanor Patel,32,7,False,980.98,262.62,DEV-4606-A,,1414
4607,Lakshmi Joshi,67,2,True,691.58,295.29,DEV-4607-A,+91 98765 80663,3514
4608,Meena Gupta,36,9,False,1260.82,342.54,DEV-4608-A,,1255
4609,Suresh Gupta,23,6,False,424.18,176.91,DEV-4609-A,,1114
4610,Vikram Sharma,42,4,False,724.04,332.36,DEV-4610-A,,3052
4611,George Rao,88,3,True,1818.08,583.42,DEV-4611-A,+91 98765 49953,2663
4612,Sunita Deshmukh,19,6,False,727.57,237.58,DEV-4612-A,,2560
4613,Suresh Sharma,24,4,False,963.85,240.04,DEV-4613-A,,1487
4614,Aarav Johnson,37,6,False,3087.08,1499.03,DEV-4614-A,,1915
4615,Arthur Gupta,57,5,False,1291.3,448.86,DEV-4615-A,,1479
4616,Meena Sharma,56,5,False,1104.79,272.42,DEV-4616-A,,1462
4617,Priya Singhania,81,5,True,829.13,328.47,DEV-4617-A,+91 98765 56469,66
4618,Meena Singhania,80,2,True,16981.15,9676.55,DEV-4618-A,+91 98765 74493,839
4619,Rajesh Smith,66,4,True,2605.98,1089.5,DEV-4619-A,+91 98765 77412,659
4620,Martha Patel,53,6,False,9090.45,4291.42,DEV-4620-A,,2026
4621,Aarav Verma,25,5,False,4143.45,1095.45,DEV-4621-A,,3181
4622,Anish Rao,44,9,False,5704.22,2013.91,DEV-4622-A,,1957
4623,George Nair,57,9,False,1421.67,594.91,DEV-4623-A,,1255
4624,Eleanor Singhania,60,7,False,1820.41,403.86,DEV-4624-A,,776
4625,Anish Patel,49,5,False,1352.72,791.98,DEV-4625-A,,1826
4626,Devi Verma,87,4,True,591.52,244.59,DEV-4626-A,+91 98765 28333,1478
4627,Martha Sharma,75,4,True,3521.1,1422.13,DEV-4627-A,+91 98765 57085,3649
4628,Vikram Patel,83,3,True,3697.0,1638.49,DEV-4628-A,+91 98765 34846,1196
4629,Sunita Verma,91,2,True,695.36,189.91,DEV-4629-A,+91 98765 61713,1754
4630,Arthur Sharma,82,2,True,2276.68,1349.4,DEV-4630-A,+91 98765 31012,2758
4631,Vikram Deshmukh,67,5,True,1878.8,783.8,DEV-4631-A,+91 98765 97194,1118
4632,Meena Singhania,61,6,False,4526.28,2441.78,DEV-4632-A,,2033
4633,Suresh Kumar,28,5,False,540.81,282.36,DEV-4633-A,,2822
4634,Ramesh Nair,60,10,False,946.25,209.23,DEV-4634-A,,3106
4635,George Smith,29,9,False,5174.81,2637.36,DEV-4635-A,,3003
4636,George Verma,44,8,False,4508.62,2639.15,DEV-4636-A,,479
4637,Meena Kumar,31,10,False,4361.32,2614.43,DEV-4637-A,,116
4638,Ramesh Verma,30,4,False,2340.33,960.37,DEV-4638-A,,1439
4639,Aarav Kumar,32,7,False,1133.48,378.97,DEV-4639-A,,2833
4640,Lakshmi Sharma,29,6,False,1627.23,944.08,DEV-4640-A,,2808
4641,Arthur Singhania,55,7,False,5032.73,2825.0,DEV-4641-A,,2475
4642,Aarav Singhania,49,7,False,16235.69,8009.25,DEV-4642-A,,1996
4643,Kavita Gupta,54,6,False,1264.31,559.39,DEV-4643-A,,2020
4644,Rajesh Kumar,49,7,False,935.66,379.79,DEV-4644-A,,1786
4645,Lakshmi Johnson,76,3,True,1109.62,587.06,DEV-4645-A,+91 98765 29987,3017
4646,Priya Rao,59,8,False,1232.17,489.56,DEV-4646-A,,1181
4647,Meena Joshi,50,6,False,1342.5,443.38,DEV-4647-A,,1109
4648,Lakshmi Williams,19,7,False,1455.86,839.17,DEV-4648-A,,3391
4649,Martha Rao,80,6,True,2678.71,542.1,DEV-4649-A,+91 98765 72114,2923
4650,Meena Taylor,31,5,False,3054.75,803.67,DEV-4650-A,,3021
4651,Priya Rao,58,7,False,2763.13,937.86,DEV-4651-A,,3531
4652,Ramesh Rao,55,8,False,5585.47,2062.73,DEV-4652-A,,523
4653,Ramesh Singhania,57,7,False,1738.45,622.43,DEV-4653-A,,187
4654,Anish Rao,85,2,True,2151.11,1191.71,DEV-4654-A,+91 98765 29163,1776
4655,Aarav Johnson,35,6,False,798.03,343.86,DEV-4655-A,,847
4656,Rajesh Joshi,53,10,False,1706.94,557.51,DEV-4656-A,,238
4657,George Singhania,72,4,True,1133.38,527.62,DEV-4657-A,+91 98765 78809,1285
4658,Lakshmi Rao,63,10,False,1505.01,349.04,DEV-4658-A,,1406
4659,Martha Deshmukh,78,5,True,2711.27,624.95,DEV-4659-A,+91 98765 18041,2118
4660,Martha Williams,84,3,True,2367.51,929.24,DEV-4660-A,+91 98765 16770,1276
4661,Meena Gupta,68,3,True,346.35,196.19,DEV-4661-A,+91 98765 57654,1179
4662,Eleanor Taylor,87,3,True,2233.87,654.5,DEV-4662-A,+91 98765 64797,1041
4663,Arthur Sharma,37,4,False,1132.61,396.06,DEV-4663-A,,774
4664,Sunita Sharma,58,8,False,3653.63,1920.97,DEV-4664-A,,243
4665,Arthur Rao,20,10,False,4149.26,917.13,DEV-4665-A,,1198
4666,Suresh Gupta,34,8,False,2426.39,1375.26,DEV-4666-A,,2514
4667,Meena Singhania,50,9,False,2072.26,860.09,DEV-4667-A,,787
4668,Anish Deshmukh,51,7,False,1957.07,1103.06,DEV-4668-A,,1519
4669,Arthur Gupta,32,9,False,1938.45,473.87,DEV-4669-A,,486
4670,Meena Williams,73,4,True,1208.87,537.71,DEV-4670-A,+91 98765 11790,2827
4671,Ramesh Nair,30,10,False,1433.74,650.26,DEV-4671-A,,1506
4672,Eleanor Taylor,45,7,False,3849.3,1548.75,DEV-4672-A,,3219
4673,Eleanor Rao,22,9,False,2007.44,574.49,DEV-4673-A,,2693
4674,Anish Rao,52,8,False,964.2,410.5,DEV-4674-A,,2423
4675,George Patel,78,3,True,3354.42,1644.19,DEV-4675-A,+91 98765 23941,564
4676,Meena Sharma,53,9,False,682.8,384.63,DEV-4676-A,,2432
4677,Vikram Rao,44,6,False,515.71,192.96,DEV-4677-A,,2916
4678,Devi Patel,22,1,True,741.66,322.9,DEV-4678-A,+91 98765 19814,2268
4679,Arthur Gupta,41,8,False,2259.39,1315.39,DEV-4679-A,,3001
4680,Suresh Kumar,55,6,False,4926.14,1275.2,DEV-4680-A,,857
4681,Ramesh Sharma,27,7,False,3767.17,1808.18,DEV-4681-A,,553
4682,Vikram Singhania,76,3,True,2188.02,1284.15,DEV-4682-A,+91 98765 82154,2944
4683,Anish Kumar,46,7,False,1224.62,581.31,DEV-4683-A,,3525
4684,Eleanor Nair,83,4,True,424.82,87.04,DEV-4684-A,+91 98765 68783,2609
4685,Meena Singhania,39,7,False,1012.4,533.51,DEV-4685-A,,307
4686,Suresh Singhania,31,5,False,2011.24,499.34,DEV-4686-A,,2175
4687,Aarav Verma,51,7,False,983.15,208.95,DEV-4687-A,,2484
4688,Anish Taylor,24,10,False,4729.49,1000.74,DEV-4688-A,,558
4689,Kavita Sharma,55,8,False,3340.85,843.48,DEV-4689-A,,2349
4690,Sunita Kumar,56,7,False,1924.48,1043.34,DEV-4690-A,,2871
4691,Vikram Taylor,83,3,True,2323.18,1156.91,DEV-4691-A,+91 98765 62100,2057
4692,Rajesh Verma,58,9,False,2899.39,1348.21,DEV-4692-A,,1823
4693,George Smith,39,8,False,1473.46,304.78,DEV-4693-A,,3222
4694,George Singhania,64,7,False,1905.43,1138.62,DEV-4694-A,,2517
4695,Anish Rao,63,6,False,446.56,145.06,DEV-4695-A,,783
4696,Aarav Verma,35,4,False,742.03,336.39,DEV-4696-A,,2372
4697,Vikram Johnson,74,2,True,1042.55,486.62,DEV-4697-A,+91 98765 11161,3631
4698,Devi Smith,61,7,False,4627.81,2075.67,DEV-4698-A,,2928
4699,Anish Gupta,23,5,False,1350.92,407.56,DEV-4699-A,,3521
4700,Lakshmi Gupta,50,8,False,3321.47,1449.49,DEV-4700-A,,2931
4701,Anish Smith,52,8,False,1717.69,728.43,DEV-4701-A,,517
4702,Priya Rao,34,8,False,611.06,250.0,DEV-4702-A,,216
4703,Lakshmi Gupta,18,8,False,3586.72,1666.86,DEV-4703-A,,190
4704,Ramesh Gupta,22,8,False,1563.33,852.07,DEV-4704-A,,574
4705,Anish Joshi,36,7,False,693.9,237.54,DEV-4705-A,,3268
4706,Sunita Williams,62,7,False,2338.84,525.98,DEV-4706-A,,1049
4707,Vikram Smith,82,4,True,2070.81,579.54,DEV-4707-A,+91 98765 25228,35
4708,Eleanor Williams,20,3,True,1030.7,342.81,DEV-4708-A,+91 98765 89319,1541
4709,Arthur Patel,88,4,True,4093.67,1085.41,DEV-4709-A,+91 98765 81994,1111
4710,Ramesh Singhania,67,2,True,6668.51,3800.48,DEV-4710-A,+91 98765 90148,1237
4711,Arthur Sharma,28,7,False,1675.18,868.05,DEV-4711-A,,2593
4712,Aarav Joshi,58,6,False,1215.74,262.67,DEV-4712-A,,1486
4713,Lakshmi Taylor,28,5,False,1426.39,433.04,DEV-4713-A,,1175
4714,Priya Gupta,80,5,True,1984.18,425.18,DEV-4714-A,+91 98765 12049,2231
4715,Meena Taylor,41,5,False,1681.99,417.26,DEV-4715-A,,3084
4716,George Williams,80,3,True,1645.08,383.74,DEV-4716-A,+91 98765 43730,3593
4717,Vikram Joshi,59,5,False,1660.76,466.4,DEV-4717-A,,1841
4718,Lakshmi Nair,81,3,True,3365.44,1704.5,DEV-4718-A,+91 98765 45231,865
4719,George Verma,68,4,True,2690.99,1275.97,DEV-4719-A,+91 98765 68465,979
4720,Martha Nair,52,8,False,919.53,358.04,DEV-4720-A,,637
4721,Suresh Patel,37,8,False,3893.88,2238.73,DEV-4721-A,,2061
4722,Priya Deshmukh,28,5,False,3240.68,1819.43,DEV-4722-A,,787
4723,Priya Rao,24,9,False,2942.43,1006.21,DEV-4723-A,,2363
4724,Suresh Taylor,87,2,True,3389.5,688.12,DEV-4724-A,+91 98765 33646,2682
4725,Kavita Sharma,37,8,False,1391.71,816.72,DEV-4725-A,,1300
4726,Priya Verma,22,10,False,540.32,128.14,DEV-4726-A,,3378
4727,George Williams,42,8,False,380.25,176.62,DEV-4727-A,,2519
4728,Vikram Patel,64,7,False,1410.56,664.96,DEV-4728-A,,617
4729,Rajesh Singhania,81,4,True,1639.32,895.58,DEV-4729-A,+91 98765 42145,1893
4730,George Patel,46,8,False,1573.08,764.62,DEV-4730-A,,2996
4731,Ramesh Taylor,85,4,True,4991.84,1229.7,DEV-4731-A,+91 98765 11545,2501
4732,Meena Singhania,36,7,False,1177.04,580.99,DEV-4732-A,,1602
4733,Aarav Patel,36,7,False,405.67,84.67,DEV-4733-A,,3415
4734,Aarav Kumar,72,4,True,1273.44,663.53,DEV-4734-A,+91 98765 94473,209
4735,Ramesh Rao,61,7,False,354.82,134.1,DEV-4735-A,,3184
4736,Rajesh Gupta,39,7,False,4722.59,2517.56,DEV-4736-A,,614
4737,Aarav Kumar,24,7,False,14673.8,6005.43,DEV-4737-A,,68
4738,Meena Smith,31,6,False,2181.37,936.53,DEV-4738-A,,3045
4739,Arthur Joshi,54,7,False,3601.88,917.85,DEV-4739-A,,2927
4740,Rajesh Rao,55,7,False,1207.02,282.22,DEV-4740-A,,600
4741,Suresh Kumar,48,7,False,2308.89,533.27,DEV-4741-A,,2335
4742,Devi Joshi,32,8,False,2316.67,493.84,DEV-4742-A,,698
4743,Kavita Nair,74,5,True,10443.78,6090.03,DEV-4743-A,+91 98765 72771,662
4744,Lakshmi Sharma,68,3,True,3928.66,1656.9,DEV-4744-A,+91 98765 81241,2864
4745,Anish Williams,57,8,False,420.95,124.04,DEV-4745-A,,2256
4746,Meena Sharma,27,9,False,1007.79,570.89,DEV-4746-A,,3408
4747,Sunita Patel,47,6,False,2260.34,1269.83,DEV-4747-A,,2260
4748,Kavita Patel,54,8,False,2986.43,903.67,DEV-4748-A,,2125
4749,Martha Verma,52,7,False,1889.83,605.18,DEV-4749-A,,34
4750,Lakshmi Sharma,79,3,True,1917.33,560.88,DEV-4750-A,+91 98765 39710,1779
4751,George Verma,39,8,False,4048.94,1380.73,DEV-4751-A,,1477
4752,Kavita Rao,22,8,False,3794.72,2144.17,DEV-4752-A,,3630
4753,George Williams,67,4,True,3193.35,1444.27,DEV-4753-A,+91 98765 24733,2044
4754,Priya Patel,45,7,False,3241.74,1164.89,DEV-4754-A,,949
4755,Meena Gupta,23,8,False,426.87,132.44,DEV-4755-A,,1493
4756,Rajesh Johnson,32,5,False,1968.18,1023.78,DEV-4756-A,,1396
4757,Meena Nair,49,5,False,2181.57,719.55,DEV-4757-A,,377
4758,Sunita Johnson,44,8,False,3091.71,894.09,DEV-4758-A,,648
4759,Priya Singhania,57,7,False,2915.77,1398.29,DEV-4759-A,,2202
4760,Arthur Johnson,73,4,True,4246.73,2477.63,DEV-4760-A,+91 98765 33771,2812
4761,Martha Verma,56,8,False,2470.31,1156.0,DEV-4761-A,,2763
4762,Kavita Johnson,67,2,True,636.0,164.67,DEV-4762-A,+91 98765 47618,1456
4763,Meena Gupta,50,7,False,1797.37,798.9,DEV-4763-A,,2074
4764,Eleanor Gupta,72,4,True,1222.1,545.1,DEV-4764-A,+91 98765 20009,3261
4765,Aarav Joshi,64,8,False,426.13,193.3,DEV-4765-A,,638
4766,Ramesh Nair,56,7,False,1854.55,1091.9,DEV-4766-A,,635
4767,George Deshmukh,76,2,True,490.1,144.75,DEV-4767-A,+91 98765 72709,3366
4768,Rajesh Patel,18,6,False,6819.46,2216.53,DEV-4768-A,,2396
4769,Martha Taylor,70,2,True,9977.28,3213.74,DEV-4769-A,+91 98765 46500,622
4770,Rajesh Nair,32,6,False,610.08,364.04,DEV-4770-A,,552
4771,Priya Kumar,18,6,False,1190.53,579.61,DEV-4771-A,,1607
4772,Eleanor Nair,40,5,False,1613.98,584.26,DEV-4772-A,,2054
4773,Martha Deshmukh,24,6,False,1921.22,991.74,DEV-4773-A,,2870
4774,Martha Johnson,54,6,False,6596.28,2325.83,DEV-4774-A,,3280
4775,Arthur Verma,24,10,False,18441.4,7141.26,DEV-4775-A,,3315
4776,Lakshmi Singhania,68,4,True,3121.63,803.96,DEV-4776-A,+91 98765 64874,2280
4777,Suresh Smith,58,7,False,1206.31,425.51,DEV-4777-A,,2216
4778,Suresh Smith,26,7,False,4028.33,1377.25,DEV-4778-A,,2226
4779,Lakshmi Singhania,19,8,False,1913.52,839.18,DEV-4779-A,,372
4780,Martha Smith,89,3,True,762.64,396.0,DEV-4780-A,+91 98765 85743,3210
4781,Lakshmi Taylor,51,7,False,927.97,412.66,DEV-4781-A,,387
4782,Lakshmi Nair,67,4,True,3269.58,1521.59,DEV-4782-A,+91 98765 10375,862
4783,Aarav Nair,31,9,False,1231.32,715.85,DEV-4783-A,,2317
4784,Suresh Verma,23,4,False,2422.26,702.84,DEV-4784-A,,481
4785,Sunita Nair,50,8,False,2763.45,1619.95,DEV-4785-A,,1508
4786,Ramesh Gupta,29,5,False,8196.36,2737.02,DEV-4786-A,,1915
4787,Ramesh Joshi,54,8,False,3401.12,1209.52,DEV-4787-A,,3525
4788,Martha Rao,69,4,True,1496.19,405.3,DEV-4788-A,+91 98765 37621,3420
4789,Lakshmi Sharma,36,4,False,2785.94,1029.95,DEV-4789-A,,3089
4790,Ramesh Patel,49,7,False,4565.47,1575.01,DEV-4790-A,,2879
4791,Ramesh Singhania,34,8,False,233.43,116.35,DEV-4791-A,,3032
4792,Aarav Taylor,25,6,False,640.08,220.29,DEV-4792-A,,1769
4793,Eleanor Sharma,43,6,False,4210.47,1687.38,DEV-4793-A,,2902
4794,Meena Williams,58,8,False,851.79,356.77,DEV-4794-A,,2412
4795,Rajesh Deshmukh,46,6,False,3213.02,1777.67,DEV-4795-A,,3460
4796,Priya Sharma,54,8,False,2257.88,1189.98,DEV-4796-A,,631
4797,Eleanor Verma,56,6,False,6276.02,2629.35,DEV-4797-A,,353
4798,Lakshmi Patel,22,8,False,491.14,215.21,DEV-4798-A,,81
4799,Martha Verma,71,7,True,9552.46,4681.89,DEV-4799-A,+91 98765 33910,1954
4800,Ramesh Taylor,50,8,False,2175.22,784.34,DEV-4800-A,,2190
4801,Kavita Deshmukh,42,7,False,1216.47,634.62,DEV-4801-A,,1715
4802,Arthur Deshmukh,53,8,False,1035.84,318.92,DEV-4802-A,,3230
4803,Aarav Gupta,67,2,True,2453.6,1379.05,DEV-4803-A,+91 98765 24583,668
4804,Sunita Williams,30,6,False,1081.95,222.45,DEV-4804-A,,161
4805,Priya Smith,67,4,True,3059.81,926.14,DEV-4805-A,+91 98765 31017,74
4806,George Joshi,46,6,False,8549.79,4094.75,DEV-4806-A,,1765
4807,Devi Smith,58,7,False,1365.34,666.66,DEV-4807-A,,2943
4808,Anish Johnson,60,6,False,1021.92,365.1,DEV-4808-A,,2085
4809,Kavita Taylor,36,8,False,1122.14,510.9,DEV-4809-A,,961
4810,Martha Verma,54,7,False,1784.66,493.41,DEV-4810-A,,1143
4811,Rajesh Smith,73,2,True,1103.23,363.87,DEV-4811-A,+91 98765 59487,542
4812,Vikram Singhania,18,5,False,3713.87,1953.77,DEV-4812-A,,2565
4813,Sunita Rao,41,8,False,1775.39,527.06,DEV-4813-A,,1636
4814,Priya Joshi,66,2,True,3199.91,1281.24,DEV-4814-A,+91 98765 83307,2508
4815,Rajesh Joshi,40,8,False,5160.07,2014.46,DEV-4815-A,,2866
4816,Devi Deshmukh,71,4,True,950.05,518.87,DEV-4816-A,+91 98765 51050,2703
4817,George Joshi,80,2,True,5399.86,3200.62,DEV-4817-A,+91 98765 59868,705
4818,Sunita Kumar,42,5,False,2535.27,1501.34,DEV-4818-A,,1551
4819,Martha Rao,64,8,False,3224.13,1511.18,DEV-4819-A,,1135
4820,Meena Patel,36,6,False,1770.24,687.98,DEV-4820-A,,348
4821,Eleanor Johnson,33,5,False,1262.58,368.7,DEV-4821-A,,3219
4822,Arthur Sharma,22,7,False,3504.42,1257.02,DEV-4822-A,,1011
4823,Kavita Verma,52,8,False,2132.44,578.91,DEV-4823-A,,2248
4824,Meena Patel,37,7,False,2174.34,454.49,DEV-4824-A,,897
4825,Aarav Kumar,27,8,False,1544.06,923.9,DEV-4825-A,,1296
4826,Vikram Smith,56,3,True,1216.53,538.28,DEV-4826-A,+91 98765 36440,2644
4827,Sunita Rao,46,7,False,3271.15,1561.94,DEV-4827-A,,1132
4828,Rajesh Johnson,82,3,True,1170.21,284.28,DEV-4828-A,+91 98765 84029,213
4829,Suresh Sharma,27,4,False,2025.87,748.09,DEV-4829-A,,226
4830,Arthur Patel,90,3,True,688.75,164.99,DEV-4830-A,+91 98765 50449,64
4831,Eleanor Kumar,38,8,False,1868.31,666.04,DEV-4831-A,,1186
4832,George Smith,22,5,False,1390.56,406.04,DEV-4832-A,,828
4833,Arthur Kumar,57,7,False,992.33,440.38,DEV-4833-A,,1630
4834,Eleanor Verma,45,9,False,1120.52,370.06,DEV-4834-A,,2908
4835,Meena Nair,48,5,False,733.32,153.07,DEV-4835-A,,1698
4836,Meena Smith,41,7,False,3111.58,803.31,DEV-4836-A,,3337
4837,Ramesh Sharma,56,7,False,3005.75,779.91,DEV-4837-A,,2435
4838,George Deshmukh,79,2,True,412.76,169.42,DEV-4838-A,+91 98765 86855,3588
4839,Sunita Gupta,78,1,True,9473.01,4185.97,DEV-4839-A,+91 98765 31131,650
4840,Devi Patel,48,8,False,1537.41,354.67,DEV-4840-A,,2593
4841,Rajesh Taylor,57,7,False,9031.71,4314.38,DEV-4841-A,,978
4842,Vikram Kumar,29,6,False,1580.56,660.81,DEV-4842-A,,2821
4843,Ramesh Kumar,61,8,False,1913.48,748.89,DEV-4843-A,,2973
4844,Priya Smith,54,5,False,6966.09,3729.6,DEV-4844-A,,2144
4845,Arthur Deshmukh,29,10,False,2537.28,1424.91,DEV-4845-A,,3246
4846,Ramesh Nair,81,6,True,2016.17,721.17,DEV-4846-A,+91 98765 48121,1505
4847,Martha Sharma,48,7,False,302.13,154.58,DEV-4847-A,,2949
4848,George Rao,54,7,False,2105.03,1022.15,DEV-4848-A,,885
4849,Rajesh Verma,73,4,True,1780.51,745.08,DEV-4849-A,+91 98765 84304,2601
4850,Suresh Patel,44,7,False,895.23,441.86,DEV-4850-A,,3326
4851,Aarav Verma,84,2,True,646.47,169.11,DEV-4851-A,+91 98765 50572,2271
4852,Rajesh Deshmukh,63,7,False,2437.57,1089.18,DEV-4852-A,,415
4853,Devi Nair,53,7,False,1286.54,567.13,DEV-4853-A,,725
4854,Kavita Verma,61,7,False,2184.6,1119.31,DEV-4854-A,,309
4855,Anish Johnson,85,3,True,2058.57,501.37,DEV-4855-A,+91 98765 57622,1477
4856,Rajesh Patel,47,7,False,7374.77,2563.17,DEV-4856-A,,763
4857,Devi Gupta,24,6,False,4563.59,1397.05,DEV-4857-A,,1968
4858,Anish Kumar,60,4,False,3613.97,1650.12,DEV-4858-A,,3620
4859,Devi Williams,35,6,False,3152.65,830.83,DEV-4859-A,,605
4860,Meena Johnson,72,2,True,2865.9,706.44,DEV-4860-A,+91 98765 73997,192
4861,Eleanor Joshi,77,2,True,4390.44,2034.0,DEV-4861-A,+91 98765 47568,1672
4862,Martha Joshi,26,6,False,1816.33,647.78,DEV-4862-A,,2568
4863,Ramesh Deshmukh,22,3,True,943.56,356.43,DEV-4863-A,+91 98765 58068,2129
4864,Arthur Nair,20,9,False,1034.65,359.61,DEV-4864-A,,371
4865,Martha Smith,65,5,False,400.47,170.42,DEV-4865-A,,1873
4866,Anish Williams,87,4,True,2008.81,1197.03,DEV-4866-A,+91 98765 15593,2572
4867,Sunita Taylor,49,10,False,1237.5,522.54,DEV-4867-A,,3268
4868,Lakshmi Taylor,58,8,False,2817.55,1123.5,DEV-4868-A,,3393
4869,Aarav Verma,47,6,False,9797.81,3753.66,DEV-4869-A,,3524
4870,Meena Gupta,19,7,False,635.73,336.34,DEV-4870-A,,1569
4871,Priya Johnson,36,4,False,2319.44,561.12,DEV-4871-A,,1665
4872,Rajesh Rao,88,2,True,5115.01,3058.47,DEV-4872-A,+91 98765 60885,3610
4873,Devi Williams,37,8,False,536.03,286.27,DEV-4873-A,,412
4874,Eleanor Deshmukh,30,7,False,2030.62,1152.53,DEV-4874-A,,1948
4875,Devi Patel,23,7,False,3617.2,1371.77,DEV-4875-A,,381
4876,Priya Taylor,89,3,True,760.31,312.99,DEV-4876-A,+91 98765 24201,1655
4877,Martha Rao,51,7,False,1878.37,910.05,DEV-4877-A,,1674
4878,Arthur Patel,65,7,False,828.04,353.86,DEV-4878-A,,1329
4879,Arthur Johnson,62,7,False,1014.08,316.7,DEV-4879-A,,2021
4880,Vikram Taylor,50,8,False,3975.03,984.06,DEV-4880-A,,3066
4881,Suresh Patel,56,8,False,3394.41,1729.8,DEV-4881-A,,1170
4882,Devi Sharma,36,8,False,1452.13,499.44,DEV-4882-A,,2262
4883,Ramesh Deshmukh,22,6,False,2226.55,1154.77,DEV-4883-A,,626
4884,Vikram Nair,59,7,False,2472.67,605.42,DEV-4884-A,,2357
4885,Sunita Johnson,42,6,False,5667.24,3337.7,DEV-4885-A,,3201
4886,George Sharma,67,4,True,2504.68,1038.29,DEV-4886-A,+91 98765 57381,3264
4887,Martha Deshmukh,36,5,False,660.7,218.47,DEV-4887-A,,904
4888,Sunita Rao,33,8,False,2167.38,699.7,DEV-4888-A,,3585
4889,Aarav Kumar,30,8,False,3159.74,1808.43,DEV-4889-A,,2830
4890,Martha Gupta,28,7,False,721.99,321.84,DEV-4890-A,,1062
4891,Priya Patel,49,5,False,2440.47,956.29,DEV-4891-A,,610
4892,Rajesh Gupta,60,10,False,1043.0,396.84,DEV-4892-A,,1689
4893,Rajesh Gupta,39,6,False,475.26,99.44,DEV-4893-A,,3608
4894,Devi Joshi,61,6,False,3994.99,872.56,DEV-4894-A,,1749
4895,Vikram Williams,90,2,True,1338.36,465.62,DEV-4895-A,+91 98765 44006,783
4896,Sunita Patel,68,4,True,461.3,168.94,DEV-4896-A,+91 98765 66168,1430
4897,Kavita Verma,25,9,False,871.28,387.55,DEV-4897-A,,843
4898,Eleanor Singhania,25,8,False,789.6,414.83,DEV-4898-A,,2002
4899,Suresh Smith,40,5,False,2376.02,771.14,DEV-4899-A,,2851
4900,Priya Taylor,19,6,False,5552.84,2923.29,DEV-4900-A,,1819
4901,Eleanor Taylor,65,6,False,3496.83,958.28,DEV-4901-A,,2366
4902,George Joshi,89,4,True,2739.67,562.33,DEV-4902-A,+91 98765 11301,2327
4903,Vikram Patel,40,7,False,2059.22,879.16,DEV-4903-A,,2990
4904,Ramesh Nair,45,6,False,1383.15,626.03,DEV-4904-A,,2750
4905,Arthur Sharma,33,8,False,1427.37,552.18,DEV-4905-A,,646
4906,Devi Verma,43,8,False,2210.86,464.31,DEV-4906-A,,2075
4907,Arthur Patel,46,5,False,3909.23,1989.65,DEV-4907-A,,3274
4908,Martha Gupta,89,1,True,1535.48,741.33,DEV-4908-A,+91 98765 78248,2988
4909,Aarav Deshmukh,36,8,False,1358.64,360.03,DEV-4909-A,,3439
4910,Ramesh Williams,22,8,False,548.18,136.63,DEV-4910-A,,1870
4911,Meena Sharma,48,9,False,2439.22,712.13,DEV-4911-A,,925
4912,Vikram Singhania,75,4,True,739.83,275.42,DEV-4912-A,+91 98765 81576,3201
4913,Priya Johnson,25,6,False,3189.71,863.29,DEV-4913-A,,1576
4914,Vikram Nair,41,5,False,3158.7,863.79,DEV-4914-A,,889
4915,Vikram Williams,18,3,True,805.26,236.38,DEV-4915-A,+91 98765 85607,88
4916,Eleanor Joshi,21,9,False,1372.66,667.27,DEV-4916-A,,1520
4917,Aarav Gupta,79,3,True,479.56,163.8,DEV-4917-A,+91 98765 50234,2086
4918,Meena Taylor,40,8,False,3089.19,1843.82,DEV-4918-A,,2074
4919,Devi Singhania,57,6,False,1697.62,1016.24,DEV-4919-A,,1710
4920,Eleanor Nair,53,6,False,6703.9,2809.51,DEV-4920-A,,3422
4921,Martha Smith,86,2,True,928.11,242.07,DEV-4921-A,+91 98765 54017,494
4922,Priya Deshmukh,73,3,True,395.66,143.43,DEV-4922-A,+91 98765 66149,1558
4923,Priya Smith,20,8,False,864.49,372.97,DEV-4923-A,,2466
4924,Priya Smith,33,7,False,455.95,167.65,DEV-4924-A,,1815
4925,George Gupta,36,7,False,5494.09,2537.94,DEV-4925-A,,3491
4926,Martha Williams,30,4,False,2413.34,990.83,DEV-4926-A,,1190
4927,Meena Patel,71,2,True,4846.58,2315.26,DEV-4927-A,+91 98765 23606,397
4928,Aarav Johnson,86,2,True,2418.77,1141.38,DEV-4928-A,+91 98765 63907,454
4929,Suresh Taylor,24,7,False,4303.97,1523.85,DEV-4929-A,,3109
4930,Meena Williams,21,8,False,1496.93,311.95,DEV-4930-A,,1849
4931,Sunita Williams,48,7,False,3092.6,1148.19,DEV-4931-A,,1217
4932,Martha Rao,55,5,False,1614.56,334.9,DEV-4932-A,,942
4933,Devi Smith,57,6,False,674.6,353.15,DEV-4933-A,,1590
4934,Meena Rao,35,7,False,3104.01,1438.74,DEV-4934-A,,3537
4935,Suresh Patel,41,6,False,2644.3,580.6,DEV-4935-A,,1466
4936,Devi Singhania,43,8,False,2923.12,1189.31,DEV-4936-A,,3390
4937,George Sharma,54,8,False,4518.36,1746.24,DEV-4937-A,,1564
4938,Lakshmi Smith,88,3,True,3582.61,1249.33,DEV-4938-A,+91 98765 47172,1126
4939,Anish Gupta,57,4,False,5317.19,1715.7,DEV-4939-A,,3464
4940,Martha Williams,44,4,False,7642.49,2334.24,DEV-4940-A,,1019
4941,Aarav Singhania,70,2,True,1889.17,656.16,DEV-4941-A,+91 98765 14282,93
4942,Aarav Verma,81,2,True,4482.95,2578.92,DEV-4942-A,+91 98765 59074,3473
4943,Arthur Nair,22,7,False,1551.07,532.93,DEV-4943-A,,728
4944,Martha Rao,52,8,False,2511.74,905.46,DEV-4944-A,,2306
4945,George Rao,45,6,False,2093.05,1032.99,DEV-4945-A,,2554
4946,George Joshi,52,7,False,590.48,161.32,DEV-4946-A,,241
4947,Martha Verma,46,7,False,5581.03,1448.16,DEV-4947-A,,2636
4948,George Taylor,66,4,True,970.46,380.17,DEV-4948-A,+91 98765 32769,1681
4949,Arthur Smith,47,8,False,3353.87,714.93,DEV-4949-A,,678
4950,Martha Rao,37,10,False,2375.45,1065.97,DEV-4950-A,,437
4951,Ramesh Smith,70,4,True,4365.01,2307.41,DEV-4951-A,+91 98765 25515,2616
4952,George Joshi,59,6,False,259.49,126.29,DEV-4952-A,,3151
4953,Anish Joshi,80,2,True,658.55,376.89,DEV-4953-A,+91 98765 82470,681
4954,Arthur Rao,55,8,False,799.74,476.89,DEV-4954-A,,411
4955,Rajesh Sharma,75,2,True,3088.96,1700.34,DEV-4955-A,+91 98765 67333,77
4956,Ramesh Sharma,51,7,False,3266.98,734.48,DEV-4956-A,,2561
4957,Rajesh Johnson,48,8,False,817.26,476.33,DEV-4957-A,,1596
4958,Aarav Taylor,63,7,False,3994.36,2031.76,DEV-4958-A,,3037
4959,Ramesh Deshmukh,77,3,True,7982.94,3595.09,DEV-4959-A,+91 98765 93160,2616
4960,Eleanor Verma,64,8,False,1116.77,647.87,DEV-4960-A,,1011
4961,Lakshmi Gupta,48,9,False,3690.95,1715.92,DEV-4961-A,,823
4962,Lakshmi Taylor,53,7,False,4066.56,912.7,DEV-4962-A,,3224
4963,George Kumar,77,4,True,2579.25,658.79,DEV-4963-A,+91 98765 44141,2730
4964,Sunita Gupta,19,8,False,2613.06,1263.37,DEV-4964-A,,369
4965,Ramesh Williams,26,8,False,2339.16,865.99,DEV-4965-A,,124
4966,Meena Patel,44,6,False,1653.18,920.51,DEV-4966-A,,1910
4967,Meena Patel,80,2,True,3031.25,1415.63,DEV-4967-A,+91 98765 28590,1186
4968,Anish Verma,59,8,False,4304.12,1515.82,DEV-4968-A,,410
4969,Rajesh Deshmukh,21,5,False,4748.19,1838.07,DEV-4969-A,,3489
4970,Eleanor Joshi,62,4,False,841.91,249.13,DEV-4970-A,,881
4971,George Patel,42,5,False,2129.61,726.46,DEV-4971-A,,2041
4972,Aarav Singhania,53,6,False,1863.37,1081.38,DEV-4972-A,,331
4973,Suresh Williams,35,5,False,2184.07,473.27,DEV-4973-A,,342
4974,Vikram Williams,42,6,False,2250.09,732.02,DEV-4974-A,,1749
4975,George Nair,44,7,False,671.01,157.07,DEV-4975-A,,2625
4976,Devi Kumar,21,5,False,2005.44,477.59,DEV-4976-A,,689
4977,Priya Gupta,45,7,False,2538.04,1335.63,DEV-4977-A,,71
4978,Priya Williams,80,1,True,5087.74,1387.21,DEV-4978-A,+91 98765 84356,2615
4979,Sunita Patel,63,7,False,2085.23,1020.66,DEV-4979-A,,1434
4980,Eleanor Deshmukh,49,4,False,555.04,223.04,DEV-4980-A,,2544
4981,Aarav Verma,41,8,False,2414.58,1335.63,DEV-4981-A,,2167
4982,Anish Patel,32,7,False,3270.12,1058.61,DEV-4982-A,,819
4983,Aarav Smith,67,3,True,1635.11,571.38,DEV-4983-A,+91 98765 13019,2151
4984,Ramesh Rao,66,4,True,559.56,259.66,DEV-4984-A,+91 98765 57826,500
4985,Vikram Sharma,67,3,True,3764.38,1003.48,DEV-4985-A,+91 98765 52931,597
4986,Lakshmi Patel,38,10,False,1172.69,240.69,DEV-4986-A,,3010
4987,Ramesh Gupta,38,8,False,4389.95,2162.91,DEV-4987-A,,1150
4988,Suresh Rao,74,4,True,4213.14,1583.57,DEV-4988-A,+91 98765 22054,1457
4989,Kavita Deshmukh,90,1,True,2332.05,739.55,DEV-4989-A,+91 98765 74985,1816
4990,George Rao,63,7,False,2540.96,891.66,DEV-4990-A,,1054
4991,Priya Rao,60,8,False,1358.0,330.04,DEV-4991-A,,2844
4992,Anish Singhania,20,6,False,867.48,212.68,DEV-4992-A,,451
4993,Kavita Verma,22,6,False,2695.35,1524.41,DEV-4993-A,,3282
4994,Vikram Taylor,41,5,False,3157.7,935.09,DEV-4994-A,,2028
4995,Martha Deshmukh,55,9,False,2373.03,1193.93,DEV-4995-A,,1765
4996,Anish Joshi,61,8,False,1634.54,733.96,DEV-4996-A,,1335
4997,Meena Johnson,91,4,True,424.95,207.63,DEV-4997-A,+91 98765 60206,1788
4998,Vikram Johnson,53,6,False,3760.71,1028.8,DEV-4998-A,,1475
4999,Eleanor Williams,21,10,False,3138.08,1037.01,DEV-4999-A,,3386
5000,Rajesh Deshmukh,57,6,False,5674.79,2658.83,DEV-5000-A,,715
5001,Sunita Smith,76,3,True,2270.37,895.69,DEV-5001-A,+91 98765 43169,2433
5002,Martha Gupta,67,4,True,3097.6,902.23,DEV-5002-A,+91 98765 89152,3416
5003,Eleanor Singhania,30,9,False,2852.94,934.78,DEV-5003-A,,152
5004,Meena Verma,24,6,False,4243.74,1131.15,DEV-5004-A,,3343
5005,Arthur Singhania,27,8,False,471.75,161.98,DEV-5005-A,,3269
5006,Priya Nair,19,7,False,1164.88,540.37,DEV-5006-A,,1034
5007,Rajesh Rao,24,5,False,2056.88,585.48,DEV-5007-A,,2720
5008,Eleanor Nair,29,7,False,1214.31,467.95,DEV-5008-A,,624
5009,Arthur Patel,76,4,True,982.85,316.78,DEV-5009-A,+91 98765 11262,1334
5010,Aarav Taylor,44,6,False,1501.04,864.26,DEV-5010-A,,1377
5011,Vikram Deshmukh,53,8,False,4485.09,1819.61,DEV-5011-A,,2354
5012,Arthur Rao,23,5,False,2518.42,921.12,DEV-5012-A,,2330
5013,Rajesh Singhania,58,8,False,4183.54,1960.46,DEV-5013-A,,1191
5014,Vikram Smith,27,6,False,1641.01,800.47,DEV-5014-A,,920
5015,Meena Smith,87,3,True,1510.35,589.38,DEV-5015-A,+91 98765 46444,2963
5016,Rajesh Johnson,78,2,True,1910.65,1126.73,DEV-5016-A,+91 98765 94707,1757
5017,Martha Nair,76,1,True,940.57,361.58,DEV-5017-A,+91 98765 51958,841
5018,Vikram Sharma,76,2,True,2076.37,1210.61,DEV-5018-A,+91 98765 74740,2072
5019,Sunita Gupta,27,8,False,5234.32,1439.5,DEV-5019-A,,1755
5020,Meena Patel,29,7,False,4118.85,1902.21,DEV-5020-A,,1884
5021,Priya Johnson,50,7,False,7411.5,2334.27,DEV-5021-A,,1368
5022,George Rao,41,7,False,4498.55,1283.79,DEV-5022-A,,2390
5023,Aarav Gupta,86,2,True,1104.08,526.62,DEV-5023-A,+91 98765 12337,2666
5024,Aarav Deshmukh,71,2,True,915.34,295.52,DEV-5024-A,+91 98765 47272,566
5025,George Sharma,56,9,False,3144.67,1259.04,DEV-5025-A,,2215
5026,Sunita Nair,41,4,False,689.47,402.65,DEV-5026-A,,2671
5027,Aarav Patel,70,2,True,655.74,273.84,DEV-5027-A,+91 98765 71589,419
5028,Martha Taylor,57,9,False,1616.1,819.43,DEV-5028-A,,1262
5029,Anish Nair,50,8,False,2950.69,1509.08,DEV-5029-A,,3117
5030,Eleanor Singhania,88,2,True,869.01,482.81,DEV-5030-A,+91 98765 20455,2309
5031,Arthur Deshmukh,71,2,True,2408.51,967.16,DEV-5031-A,+91 98765 90258,222
5032,George Gupta,28,5,False,5231.18,1266.34,DEV-5032-A,,2882
5033,Devi Deshmukh,38,5,False,669.42,358.77,DEV-5033-A,,3506
5034,Meena Joshi,59,8,False,5526.3,3196.85,DEV-5034-A,,1561
5035,Meena Sharma,31,10,False,3890.69,1787.89,DEV-5035-A,,947
5036,Sunita Joshi,21,4,False,3011.11,1520.05,DEV-5036-A,,72
5037,Ramesh Patel,51,6,False,2730.97,1591.24,DEV-5037-A,,1352
5038,Martha Rao,32,5,False,1655.69,730.68,DEV-5038-A,,727
5039,Rajesh Rao,42,9,False,1238.74,252.49,DEV-5039-A,,2995
5040,Eleanor Joshi,73,3,True,1864.57,812.54,DEV-5040-A,+91 98765 80458,50
5041,Sunita Gupta,21,6,False,3961.08,1771.45,DEV-5041-A,,3648
5042,Sunita Patel,49,7,False,1978.74,1053.49,DEV-5042-A,,226
5043,Kavita Patel,65,7,False,2711.08,634.57,DEV-5043-A,,1110
5044,Arthur Taylor,56,5,False,3163.39,1131.37,DEV-5044-A,,2539
5045,George Gupta,56,5,False,569.42,144.2,DEV-5045-A,,2891
5046,Priya Verma,86,4,True,3593.5,732.69,DEV-5046-A,+91 98765 86474,1917
5047,Meena Verma,41,6,False,10557.89,5397.13,DEV-5047-A,,1337
5048,Ramesh Kumar,45,8,False,840.1,216.13,DEV-5048-A,,2422
5049,Martha Williams,39,5,False,1476.49,561.04,DEV-5049-A,,1860
5050,Meena Smith,28,10,False,3156.91,710.22,DEV-5050-A,,2191
5051,Lakshmi Johnson,80,2,True,1084.66,503.87,DEV-5051-A,+91 98765 72642,2738
5052,Suresh Gupta,48,5,False,1805.49,943.0,DEV-5052-A,,1348
5053,Suresh Rao,57,7,False,837.03,438.74,DEV-5053-A,,406
5054,Anish Kumar,54,7,False,923.77,274.43,DEV-5054-A,,1243
5055,Rajesh Nair,51,7,False,4639.77,1732.2,DEV-5055-A,,2317
5056,Lakshmi Williams,83,5,True,8332.34,2539.4,DEV-5056-A,+91 98765 94821,3041
5057,Vikram Taylor,57,4,False,5468.68,3260.85,DEV-5057-A,,349
5058,Rajesh Deshmukh,81,3,True,6690.5,2574.66,DEV-5058-A,+91 98765 17899,900
5059,Aarav Williams,29,9,False,1008.45,384.72,DEV-5059-A,,915
5060,Devi Joshi,81,3,True,701.41,321.8,DEV-5060-A,+91 98765 60470,799
5061,Suresh Patel,51,8,False,959.7,335.0,DEV-5061-A,,1424
5062,Vikram Joshi,67,5,True,651.99,331.17,DEV-5062-A,+91 98765 87401,3149
5063,Arthur Kumar,53,6,False,1932.42,704.01,DEV-5063-A,,1307
5064,Devi Williams,53,8,False,1685.23,948.13,DEV-5064-A,,660
5065,Meena Verma,75,5,True,932.62,333.99,DEV-5065-A,+91 98765 38676,1519
5066,George Deshmukh,33,6,False,1532.74,509.96,DEV-5066-A,,3584
5067,Vikram Kumar,47,7,False,2176.42,1220.93,DEV-5067-A,,1669
5068,Vikram Patel,32,7,False,598.49,280.69,DEV-5068-A,,1168
5069,Martha Verma,20,7,False,547.72,182.06,DEV-5069-A,,2840
5070,Kavita Joshi,65,5,False,1868.06,1041.98,DEV-5070-A,,2394
5071,Meena Verma,36,8,False,3217.8,1883.26,DEV-5071-A,,1918
5072,Meena Taylor,50,5,False,4339.39,2045.03,DEV-5072-A,,481
5073,Lakshmi Sharma,47,9,False,1544.06,339.8,DEV-5073-A,,1917
5074,Priya Gupta,81,3,True,4662.23,1846.62,DEV-5074-A,+91 98765 13746,1980
5075,Devi Nair,41,10,False,3554.19,2039.15,DEV-5075-A,,1117
5076,Meena Smith,71,2,True,2325.24,812.66,DEV-5076-A,+91 98765 21018,1481
5077,Martha Rao,26,8,False,2718.57,1367.48,DEV-5077-A,,646
5078,George Smith,60,5,False,1843.12,611.69,DEV-5078-A,,1794
5079,Arthur Sharma,26,6,False,2696.0,1296.36,DEV-5079-A,,1837
5080,Anish Nair,63,5,False,1638.21,533.93,DEV-5080-A,,430
5081,Sunita Williams,38,6,False,2379.48,1265.0,DEV-5081-A,,1596
5082,Martha Rao,70,4,True,917.56,428.87,DEV-5082-A,+91 98765 48535,805
5083,George Verma,68,3,True,1339.52,394.61,DEV-5083-A,+91 98765 87863,1160
5084,Suresh Smith,41,8,False,3489.97,1989.91,DEV-5084-A,,1805
5085,Meena Williams,21,6,False,674.87,282.58,DEV-5085-A,,234
5086,Lakshmi Patel,24,5,False,4457.07,2019.44,DEV-5086-A,,929
5087,Meena Sharma,76,4,True,1895.06,536.48,DEV-5087-A,+91 98765 14677,2386
5088,Anish Rao,57,9,False,1224.29,541.58,DEV-5088-A,,299
5089,Meena Gupta,49,7,False,3266.65,940.77,DEV-5089-A,,957
5090,George Singhania,57,6,False,9216.13,3637.09,DEV-5090-A,,1639
5091,Meena Rao,88,2,True,2335.69,665.33,DEV-5091-A,+91 98765 45162,2058
5092,Vikram Verma,89,3,True,2167.26,696.87,DEV-5092-A,+91 98765 36683,1453
5093,Kavita Taylor,68,2,True,4164.94,1750.63,DEV-5093-A,+91 98765 88159,1209
5094,Aarav Patel,58,9,False,1702.97,907.93,DEV-5094-A,,788
5095,Suresh Taylor,78,3,True,5591.69,1971.49,DEV-5095-A,+91 98765 50019,3522
5096,Lakshmi Verma,76,1,True,1718.39,692.4,DEV-5096-A,+91 98765 51302,2821
5097,Rajesh Verma,27,5,False,4940.46,1503.2,DEV-5097-A,,797
5098,Arthur Deshmukh,88,4,True,3065.93,1378.1,DEV-5098-A,+91 98765 28590,82
5099,Suresh Singhania,77,4,True,5697.36,3329.82,DEV-5099-A,+91 98765 53785,115
5100,Priya Gupta,30,7,False,2933.91,1206.89,DEV-5100-A,,3639
5101,Rajesh Verma,25,10,False,3469.83,2078.71,DEV-5101-A,,2812
5102,Aarav Johnson,89,3,True,2234.19,1332.71,DEV-5102-A,+91 98765 56156,1970
5103,Aarav Deshmukh,47,6,False,2686.24,1080.76,DEV-5103-A,,3606
5104,Lakshmi Deshmukh,88,3,True,2374.67,1232.75,DEV-5104-A,+91 98765 24337,215
5105,Aarav Johnson,29,8,False,5836.54,1381.05,DEV-5105-A,,2815
5106,Kavita Joshi,25,7,False,1159.21,297.55,DEV-5106-A,,965
5107,Priya Kumar,48,8,False,348.01,167.95,DEV-5107-A,,630
5108,Meena Patel,63,3,True,5015.18,1801.08,DEV-5108-A,+91 98765 49924,3322
5109,Arthur Deshmukh,79,2,True,925.0,460.03,DEV-5109-A,+91 98765 74312,3039
5110,Eleanor Smith,41,6,False,3730.35,1793.47,DEV-5110-A,,1084
5111,Suresh Gupta,20,5,False,722.23,380.38,DEV-5111-A,,1522
5112,Devi Sharma,88,5,True,1596.27,766.01,DEV-5112-A,+91 98765 56219,1263
5113,Arthur Smith,89,3,True,7670.11,1584.45,DEV-5113-A,+91 98765 97023,3540
5114,Suresh Patel,34,7,False,1560.25,626.32,DEV-5114-A,,1135
5115,Aarav Verma,78,3,True,4013.64,2292.87,DEV-5115-A,+91 98765 63781,3537
5116,Lakshmi Williams,50,7,False,3963.61,1232.25,DEV-5116-A,,610
5117,Eleanor Deshmukh,84,3,True,255.84,84.82,DEV-5117-A,+91 98765 14050,1030
5118,Martha Nair,61,5,False,1273.58,640.53,DEV-5118-A,,875
5119,Rajesh Rao,21,4,False,2628.3,666.19,DEV-5119-A,,1577
5120,Meena Gupta,71,2,True,1038.24,321.89,DEV-5120-A,+91 98765 92167,2810
5121,Devi Smith,55,6,False,531.9,177.01,DEV-5121-A,,746
5122,Anish Williams,81,4,True,4912.95,1646.9,DEV-5122-A,+91 98765 55723,1386
5123,George Johnson,64,7,False,4434.26,2278.25,DEV-5123-A,,1739
5124,Anish Gupta,69,1,True,3117.91,1553.69,DEV-5124-A,+91 98765 34978,198
5125,Arthur Joshi,31,8,False,2898.46,1532.87,DEV-5125-A,,2538
5126,Meena Singhania,48,8,False,2338.38,1076.44,DEV-5126-A,,3287
5127,Devi Johnson,27,10,False,594.58,303.77,DEV-5127-A,,3276
5128,Eleanor Gupta,67,5,True,3231.15,1796.65,DEV-5128-A,+91 98765 24442,64
5129,Suresh Williams,80,3,True,2535.36,1349.58,DEV-5129-A,+91 98765 29284,1940
5130,Ramesh Smith,45,5,False,1223.78,645.29,DEV-5130-A,,1216
5131,Priya Gupta,90,4,True,4613.51,2693.73,DEV-5131-A,+91 98765 73809,1210
5132,Rajesh Kumar,34,7,False,966.93,226.44,DEV-5132-A,,1237
5133,Aarav Deshmukh,34,7,False,1276.47,309.49,DEV-5133-A,,197
5134,Vikram Gupta,87,2,True,458.17,256.32,DEV-5134-A,+91 98765 87735,535
5135,Sunita Deshmukh,62,9,False,3598.67,1912.8,DEV-5135-A,,1282
5136,Aarav Singhania,80,4,True,2291.15,948.9,DEV-5136-A,+91 98765 56170,2734
5137,Aarav Sharma,35,7,False,4121.2,2317.99,DEV-5137-A,,1059
5138,Ramesh Nair,20,8,False,1629.62,488.66,DEV-5138-A,,3629
5139,Kavita Kumar,86,5,True,3564.45,1952.77,DEV-5139-A,+91 98765 75797,2755
5140,Ramesh Patel,71,3,True,1832.07,868.9,DEV-5140-A,+91 98765 45477,614
5141,Vikram Singhania,89,1,True,869.51,446.14,DEV-5141-A,+91 98765 86706,360
5142,Kavita Rao,28,5,False,1191.62,514.48,DEV-5142-A,,161
5143,Suresh Nair,21,8,False,1078.53,296.16,DEV-5143-A,,1048
5144,George Singhania,33,6,False,1735.56,587.87,DEV-5144-A,,1664
5145,Meena Gupta,64,10,False,673.81,224.29,DEV-5145-A,,1267
5146,Kavita Verma,77,2,True,5184.89,2559.9,DEV-5146-A,+91 98765 83912,1815
5147,Arthur Kumar,86,3,True,1135.5,437.54,DEV-5147-A,+91 98765 85781,600
5148,Vikram Gupta,50,4,False,2474.65,1155.42,DEV-5148-A,,585
5149,Martha Smith,59,6,False,2109.61,824.41,DEV-5149-A,,847
5150,Kavita Gupta,41,8,False,1782.91,699.28,DEV-5150-A,,380
5151,Kavita Johnson,18,9,False,1486.59,761.17,DEV-5151-A,,2603
5152,Devi Smith,51,7,False,488.23,207.73,DEV-5152-A,,781
5153,George Kumar,91,5,True,4074.39,1615.83,DEV-5153-A,+91 98765 67264,423
5154,Ramesh Smith,40,7,False,5404.14,3231.01,DEV-5154-A,,1840
5155,Arthur Smith,47,7,False,1245.29,272.29,DEV-5155-A,,2836
5156,Eleanor Deshmukh,34,9,False,959.28,381.5,DEV-5156-A,,1480
5157,Martha Deshmukh,19,5,False,7422.92,4221.67,DEV-5157-A,,1752
5158,Martha Deshmukh,50,6,False,3195.14,1611.59,DEV-5158-A,,143
5159,Aarav Kumar,66,5,True,1156.8,275.39,DEV-5159-A,+91 98765 65170,392
5160,Ramesh Johnson,44,7,False,3075.72,1827.48,DEV-5160-A,,1268
5161,Lakshmi Johnson,21,8,False,6718.38,2688.8,DEV-5161-A,,2127
5162,Eleanor Verma,89,2,True,3615.76,2027.24,DEV-5162-A,+91 98765 91381,2255
5163,Kavita Sharma,45,6,False,4724.73,2553.11,DEV-5163-A,,3123
5164,George Verma,59,8,False,862.41,238.49,DEV-5164-A,,1680
5165,Aarav Deshmukh,44,7,False,561.1,220.3,DEV-5165-A,,3337
5166,Devi Joshi,50,8,False,747.75,360.2,DEV-5166-A,,252
5167,Rajesh Sharma,41,7,False,3558.41,1726.6,DEV-5167-A,,1136
5168,Meena Nair,35,7,False,1986.44,694.54,DEV-5168-A,,2464
5169,Meena Joshi,61,8,False,2461.01,630.28,DEV-5169-A,,1220
5170,Suresh Taylor,45,7,False,939.47,193.57,DEV-5170-A,,1387
5171,Sunita Patel,82,4,True,1945.76,435.78,DEV-5171-A,+91 98765 86626,2792
5172,Sunita Taylor,32,6,False,572.45,298.33,DEV-5172-A,,869
5173,Ramesh Smith,42,7,False,1565.32,591.57,DEV-5173-A,,3062
5174,Suresh Verma,66,2,True,2498.06,642.39,DEV-5174-A,+91 98765 39300,2797
5175,Ramesh Gupta,69,2,True,5754.03,1329.0,DEV-5175-A,+91 98765 92344,1303
5176,Aarav Kumar,18,6,False,565.95,140.68,DEV-5176-A,,2016
5177,Vikram Patel,24,7,False,3698.47,2122.12,DEV-5177-A,,305
5178,Aarav Verma,40,5,False,2988.74,1336.97,DEV-5178-A,,2503
5179,Meena Smith,26,8,False,1956.6,652.59,DEV-5179-A,,426
5180,Lakshmi Rao,39,9,False,977.98,416.94,DEV-5180-A,,454
5181,Suresh Sharma,85,2,True,1180.62,477.16,DEV-5181-A,+91 98765 76296,1847
5182,George Sharma,50,7,False,1327.29,482.16,DEV-5182-A,,528
5183,Kavita Singhania,44,6,False,1266.48,255.51,DEV-5183-A,,2011
5184,Priya Joshi,89,3,True,3140.4,1878.02,DEV-5184-A,+91 98765 40792,3477
5185,Anish Joshi,62,7,False,3182.32,1709.78,DEV-5185-A,,2539
5186,Devi Joshi,82,2,True,1708.49,470.37,DEV-5186-A,+91 98765 96266,2557
5187,Meena Singhania,22,6,False,656.3,162.29,DEV-5187-A,,629
5188,Aarav Verma,28,4,False,1058.58,409.74,DEV-5188-A,,610
5189,Lakshmi Verma,45,8,False,2088.35,507.77,DEV-5189-A,,2125
5190,Vikram Deshmukh,24,7,False,4649.06,2355.04,DEV-5190-A,,1997
5191,Kavita Gupta,31,6,False,2257.39,1259.89,DEV-5191-A,,2764
5192,Meena Johnson,73,3,True,2334.28,674.5,DEV-5192-A,+91 98765 74613,1534
5193,Anish Singhania,55,8,False,672.68,298.15,DEV-5193-A,,1610
5194,Meena Deshmukh,24,8,False,2156.03,570.15,DEV-5194-A,,1737
5195,Martha Verma,56,6,False,350.62,110.38,DEV-5195-A,,144
5196,Kavita Deshmukh,40,7,False,11907.26,4209.05,DEV-5196-A,,522
5197,George Sharma,52,5,False,639.66,246.64,DEV-5197-A,,2407
5198,Kavita Sharma,35,7,False,642.66,345.18,DEV-5198-A,,2672
5199,Devi Sharma,27,8,False,2048.54,774.58,DEV-5199-A,,1482
5200,Ramesh Deshmukh,90,2,True,956.8,435.55,DEV-5200-A,+91 98765 70076,1164
5201,Aarav Verma,42,5,False,3872.56,1731.68,DEV-5201-A,,1495
5202,Vikram Nair,35,8,False,4544.12,1924.89,DEV-5202-A,,2922
5203,George Smith,26,6,False,889.55,494.65,DEV-5203-A,,287
5204,Priya Williams,29,7,False,3467.24,1685.87,DEV-5204-A,,650
5205,Eleanor Williams,25,6,False,784.78,218.98,DEV-5205-A,,2975
5206,Arthur Deshmukh,26,8,False,664.33,253.87,DEV-5206-A,,2959
5207,Ramesh Gupta,53,7,False,1439.34,739.3,DEV-5207-A,,3245
5208,Kavita Singhania,19,6,False,1571.67,812.31,DEV-5208-A,,309
5209,Suresh Singhania,67,3,True,2357.67,901.85,DEV-5209-A,+91 98765 71833,2511
5210,Priya Johnson,29,8,False,291.08,64.43,DEV-5210-A,,2932
5211,Anish Verma,65,9,False,2066.67,638.01,DEV-5211-A,,2888
5212,Arthur Johnson,83,4,True,2835.1,1217.67,DEV-5212-A,+91 98765 86116,1455
5213,George Patel,30,9,False,3972.03,2360.0,DEV-5213-A,,214
5214,Aarav Joshi,52,8,False,726.99,430.2,DEV-5214-A,,3031
5215,Priya Rao,29,8,False,373.63,100.16,DEV-5215-A,,425
5216,Meena Deshmukh,19,8,False,1329.02,288.91,DEV-5216-A,,2812
5217,Suresh Nair,45,7,False,2217.88,1286.71,DEV-5217-A,,3142
5218,Lakshmi Kumar,20,8,False,5113.3,1533.01,DEV-5218-A,,3341
5219,Lakshmi Patel,50,9,False,556.92,146.75,DEV-5219-A,,3637
5220,Priya Taylor,31,7,False,658.0,261.8,DEV-5220-A,,1603
5221,Martha Patel,29,6,False,5307.49,1457.15,DEV-5221-A,,283
5222,Anish Patel,39,10,False,2633.18,1034.2,DEV-5222-A,,183
5223,Rajesh Deshmukh,51,7,False,2666.41,552.09,DEV-5223-A,,3156
5224,Eleanor Johnson,52,9,False,2625.74,952.82,DEV-5224-A,,2615
5225,Aarav Verma,38,5,False,1641.02,562.59,DEV-5225-A,,1345
5226,Meena Taylor,78,3,True,826.15,494.69,DEV-5226-A,+91 98765 68918,1576
5227,Ramesh Williams,29,8,False,4847.01,2457.9,DEV-5227-A,,2380
5228,Vikram Rao,49,6,False,591.35,224.66,DEV-5228-A,,1064
5229,Suresh Deshmukh,84,2,True,1922.41,698.11,DEV-5229-A,+91 98765 98978,1201
5230,Lakshmi Rao,44,7,False,2559.3,1162.59,DEV-5230-A,,3069
5231,Priya Singhania,65,8,False,4995.77,1473.14,DEV-5231-A,,3363
5232,Vikram Patel,80,4,True,3642.71,2180.61,DEV-5232-A,+91 98765 86298,129
5233,Meena Rao,73,3,True,692.39,299.27,DEV-5233-A,+91 98765 14356,3347
5234,Ramesh Sharma,39,8,False,2966.92,1448.9,DEV-5234-A,,1502
5235,Martha Johnson,91,4,True,880.76,370.41,DEV-5235-A,+91 98765 81641,3570
5236,Rajesh Nair,38,9,False,2395.84,1001.79,DEV-5236-A,,789
5237,Suresh Rao,32,5,False,526.4,310.14,DEV-5237-A,,3439
5238,Vikram Johnson,18,7,False,2059.05,1205.62,DEV-5238-A,,3419
5239,Suresh Smith,43,6,False,1936.32,609.09,DEV-5239-A,,1472
5240,Eleanor Johnson,23,7,False,4220.51,2367.04,DEV-5240-A,,2318
5241,Ramesh Kumar,63,7,False,2670.69,1216.46,DEV-5241-A,,305
5242,Devi Singhania,55,9,False,1730.1,792.06,DEV-5242-A,,2591
5243,George Joshi,73,2,True,2836.28,1304.87,DEV-5243-A,+91 98765 19288,2361
5244,Rajesh Verma,30,10,False,3491.52,2091.05,DEV-5244-A,,3234
5245,Kavita Patel,19,9,False,1336.01,718.27,DEV-5245-A,,513
5246,Suresh Rao,67,3,True,3124.31,735.03,DEV-5246-A,+91 98765 16747,2493
5247,Arthur Sharma,21,8,False,3152.19,1511.31,DEV-5247-A,,947
5248,Kavita Joshi,39,8,False,1644.99,370.98,DEV-5248-A,,1059
5249,George Taylor,71,3,True,1752.75,871.17,DEV-5249-A,+91 98765 56911,308
5250,Priya Gupta,39,8,False,4122.7,1706.45,DEV-5250-A,,336
5251,Lakshmi Joshi,71,1,True,2990.2,1476.1,DEV-5251-A,+91 98765 77863,2533
5252,Kavita Singhania,56,9,False,2012.61,1113.16,DEV-5252-A,,2563
5253,Sunita Smith,46,3,True,2193.21,832.93,DEV-5253-A,+91 98765 24532,2417
5254,Suresh Gupta,82,3,True,2289.01,1016.6,DEV-5254-A,+91 98765 95620,152
5255,Sunita Nair,91,5,True,2593.68,1316.62,DEV-5255-A,+91 98765 65234,1098
5256,Vikram Nair,40,9,False,947.79,379.11,DEV-5256-A,,3162
5257,Sunita Verma,54,8,False,3235.6,998.53,DEV-5257-A,,866
5258,Arthur Kumar,27,7,False,405.03,136.44,DEV-5258-A,,2747
5259,Sunita Rao,54,7,False,1056.41,366.78,DEV-5259-A,,2051
5260,Rajesh Kumar,52,5,False,1121.69,629.99,DEV-5260-A,,2339
5261,Sunita Nair,29,8,False,2158.74,896.89,DEV-5261-A,,319
5262,Martha Johnson,80,3,True,767.19,293.69,DEV-5262-A,+91 98765 90272,360
5263,Suresh Verma,18,4,False,886.98,415.04,DEV-5263-A,,1138
5264,Sunita Patel,86,3,True,1112.15,419.98,DEV-5264-A,+91 98765 14666,2064
5265,Lakshmi Williams,47,7,False,5950.06,1254.66,DEV-5265-A,,1464
5266,Martha Deshmukh,65,7,False,4093.35,1770.14,DEV-5266-A,,1272
5267,Lakshmi Sharma,28,6,False,998.42,371.71,DEV-5267-A,,256
5268,Aarav Kumar,85,1,True,1955.54,599.25,DEV-5268-A,+91 98765 35712,2218
5269,George Williams,42,6,False,9290.19,3316.39,DEV-5269-A,,2830
5270,Aarav Smith,54,7,False,1648.49,345.8,DEV-5270-A,,2004
5271,Sunita Singhania,34,7,False,1063.04,541.27,DEV-5271-A,,3166
5272,George Taylor,66,4,True,2354.51,736.55,DEV-5272-A,+91 98765 26415,1790
5273,Martha Smith,81,1,True,501.6,181.65,DEV-5273-A,+91 98765 28057,503
5274,Devi Patel,24,5,False,732.24,168.32,DEV-5274-A,,2551
5275,Eleanor Nair,27,6,False,3609.38,900.46,DEV-5275-A,,823
5276,Arthur Singhania,59,7,False,624.58,184.79,DEV-5276-A,,267
5277,Lakshmi Rao,85,2,True,480.23,142.59,DEV-5277-A,+91 98765 22057,2440
5278,Aarav Rao,82,3,True,3445.24,1593.81,DEV-5278-A,+91 98765 64141,3091
5279,Sunita Kumar,28,10,False,824.11,291.87,DEV-5279-A,,91
5280,Lakshmi Joshi,41,8,False,7310.26,2249.47,DEV-5280-A,,262
5281,Rajesh Sharma,91,5,True,3554.34,1681.07,DEV-5281-A,+91 98765 26608,1826
5282,Priya Gupta,77,4,True,2305.39,1093.07,DEV-5282-A,+91 98765 15730,1316
5283,Eleanor Johnson,44,9,False,971.08,482.14,DEV-5283-A,,2713
5284,Lakshmi Gupta,57,8,False,1534.12,645.48,DEV-5284-A,,561
5285,George Deshmukh,72,2,True,720.44,396.12,DEV-5285-A,+91 98765 96190,531
5286,Rajesh Patel,21,3,True,8764.81,4386.72,DEV-5286-A,+91 98765 42794,2256
5287,Vikram Deshmukh,36,6,False,2066.41,572.84,DEV-5287-A,,2918
5288,Eleanor Joshi,91,4,True,670.95,246.94,DEV-5288-A,+91 98765 38873,1846
5289,Kavita Nair,81,4,True,5788.42,1182.55,DEV-5289-A,+91 98765 82273,1228
5290,Lakshmi Smith,81,4,True,1675.95,667.39,DEV-5290-A,+91 98765 45066,1336
5291,Meena Sharma,64,7,False,1586.2,531.69,DEV-5291-A,,1449
5292,Martha Taylor,40,6,False,803.53,447.4,DEV-5292-A,,2577
5293,Suresh Gupta,41,6,False,2155.91,940.92,DEV-5293-A,,351
5294,Vikram Verma,49,9,False,1483.14,411.15,DEV-5294-A,,3476
5295,Lakshmi Gupta,54,7,False,1118.45,324.74,DEV-5295-A,,3068
5296,Vikram Patel,66,5,True,1715.84,696.83,DEV-5296-A,+91 98765 58809,2999
5297,Ramesh Sharma,23,8,False,2741.67,1539.21,DEV-5297-A,,992
5298,Devi Williams,54,8,False,3488.36,915.0,DEV-5298-A,,3160
5299,Devi Patel,28,7,False,1217.74,474.19,DEV-5299-A,,117
5300,Suresh Joshi,91,5,True,1207.31,576.32,DEV-5300-A,+91 98765 14424,1137
5301,Anish Johnson,31,7,False,1044.11,501.3,DEV-5301-A,,1603
5302,Kavita Joshi,91,4,True,1446.36,510.24,DEV-5302-A,+91 98765 21074,274
5303,Anish Joshi,63,6,False,2002.45,463.28,DEV-5303-A,,2527
5304,George Deshmukh,19,9,False,1021.67,274.93,DEV-5304-A,,107
5305,George Singhania,57,8,False,1073.35,557.45,DEV-5305-A,,1848
5306,Sunita Rao,71,1,True,2137.65,1119.65,DEV-5306-A,+91 98765 36965,1583
5307,Priya Williams,30,6,False,1135.53,533.34,DEV-5307-A,,1795
5308,Sunita Williams,63,6,False,7609.07,1826.7,DEV-5308-A,,1279
5309,Sunita Smith,83,1,True,2146.65,934.93,DEV-5309-A,+91 98765 55587,136
5310,Arthur Joshi,30,7,False,801.02,233.01,DEV-5310-A,,1105
5311,Vikram Kumar,33,7,False,3943.33,1551.26,DEV-5311-A,,142
5312,Arthur Taylor,63,7,False,4670.27,1207.11,DEV-5312-A,,3426
5313,Martha Joshi,37,10,False,1565.85,465.12,DEV-5313-A,,1781
5314,Sunita Kumar,52,6,False,8182.16,4461.0,DEV-5314-A,,477
5315,George Taylor,80,4,True,1767.03,406.83,DEV-5315-A,+91 98765 98862,1207
5316,Devi Singhania,18,9,False,484.89,219.02,DEV-5316-A,,2375
5317,Anish Verma,48,7,False,1727.6,934.39,DEV-5317-A,,1591
5318,Devi Taylor,79,4,True,4909.49,2155.62,DEV-5318-A,+91 98765 41224,570
5319,Aarav Gupta,31,10,False,1080.88,448.46,DEV-5319-A,,3305
5320,Anish Patel,19,8,False,577.01,328.49,DEV-5320-A,,1053
5321,Kavita Nair,24,2,True,2148.22,782.13,DEV-5321-A,+91 98765 84852,1646
5322,Sunita Johnson,76,2,True,1581.97,358.06,DEV-5322-A,+91 98765 45949,1511
5323,Anish Williams,20,9,False,1062.47,299.07,DEV-5323-A,,1056
5324,Aarav Patel,59,5,False,3554.73,1564.87,DEV-5324-A,,1287
5325,Arthur Joshi,63,4,False,1292.13,578.44,DEV-5325-A,,1113
5326,Priya Deshmukh,89,1,True,640.5,247.05,DEV-5326-A,+91 98765 70650,100
5327,Devi Sharma,22,4,False,2922.46,726.43,DEV-5327-A,,1940
5328,Sunita Nair,48,7,False,571.34,177.79,DEV-5328-A,,1996
5329,Vikram Singhania,49,5,False,1257.35,603.73,DEV-5329-A,,269
5330,Rajesh Gupta,26,7,False,9704.22,3756.66,DEV-5330-A,,2529
5331,Arthur Patel,50,4,False,694.44,277.69,DEV-5331-A,,1834
5332,Priya Gupta,52,9,False,4047.15,1420.76,DEV-5332-A,,3167
5333,Anish Gupta,44,8,False,306.02,116.7,DEV-5333-A,,3589
5334,Suresh Verma,81,4,True,2304.81,1114.73,DEV-5334-A,+91 98765 39808,2611
5335,Priya Verma,89,3,True,1965.67,517.5,DEV-5335-A,+91 98765 90995,2716
5336,Sunita Rao,21,7,False,1875.95,688.55,DEV-5336-A,,498
5337,Sunita Verma,31,10,False,2324.58,757.98,DEV-5337-A,,2833
5338,Devi Johnson,65,5,False,690.38,240.68,DEV-5338-A,,1329
5339,Sunita Smith,43,7,False,1360.14,470.79,DEV-5339-A,,2968
5340,Lakshmi Sharma,81,1,True,2578.32,1050.43,DEV-5340-A,+91 98765 43954,1084
5341,Aarav Williams,38,6,False,2177.66,976.57,DEV-5341-A,,3490
5342,Eleanor Smith,35,7,False,1372.84,592.21,DEV-5342-A,,2972
5343,Sunita Johnson,45,6,False,2231.33,902.29,DEV-5343-A,,991
5344,Eleanor Patel,50,7,False,1105.72,578.66,DEV-5344-A,,347
5345,Devi Patel,69,3,True,1395.75,470.39,DEV-5345-A,+91 98765 76982,347
5346,Lakshmi Rao,87,3,True,964.56,423.3,DEV-5346-A,+91 98765 52701,2366
5347,Eleanor Joshi,34,8,False,5101.61,1057.28,DEV-5347-A,,3399
5348,Martha Patel,57,5,False,1751.77,1048.08,DEV-5348-A,,2659
5349,Martha Gupta,82,3,True,421.66,137.71,DEV-5349-A,+91 98765 28753,131
5350,Arthur Johnson,71,3,True,2916.72,1523.21,DEV-5350-A,+91 98765 57223,1402
5351,Martha Williams,50,8,False,1605.73,648.97,DEV-5351-A,,1564
5352,Suresh Gupta,48,5,False,3574.18,1179.18,DEV-5352-A,,2577
5353,Aarav Verma,85,4,True,2743.07,846.09,DEV-5353-A,+91 98765 58274,212
5354,Kavita Verma,53,7,False,668.97,237.57,DEV-5354-A,,2451
5355,Aarav Patel,28,9,False,2421.91,1316.59,DEV-5355-A,,2524
5356,Vikram Kumar,64,6,False,512.28,151.85,DEV-5356-A,,1312
5357,Eleanor Rao,22,4,False,2175.16,1127.64,DEV-5357-A,,1581
5358,Sunita Williams,18,8,False,3752.58,2151.82,DEV-5358-A,,3004
5359,Ramesh Singhania,31,6,False,5347.56,2236.94,DEV-5359-A,,3153
5360,Rajesh Patel,60,9,False,3635.58,846.92,DEV-5360-A,,949
5361,Martha Smith,40,5,False,1266.72,340.81,DEV-5361-A,,3032
5362,Meena Joshi,26,7,False,288.6,64.99,DEV-5362-A,,3628
5363,Sunita Johnson,87,4,True,3699.93,995.81,DEV-5363-A,+91 98765 71909,2730
5364,Devi Nair,57,8,False,1841.04,918.81,DEV-5364-A,,1132
5365,Vikram Joshi,55,7,False,2090.63,430.85,DEV-5365-A,,2386
5366,Kavita Rao,63,6,False,3779.48,1706.26,DEV-5366-A,,1376
5367,Lakshmi Kumar,84,2,True,1046.66,253.95,DEV-5367-A,+91 98765 57443,975
5368,Devi Nair,26,4,False,1036.82,500.39,DEV-5368-A,,3094
5369,Meena Taylor,80,3,True,5927.98,1428.51,DEV-5369-A,+91 98765 41594,1852
5370,Martha Nair,65,6,False,1502.11,806.61,DEV-5370-A,,356
5371,Eleanor Smith,39,8,False,1400.05,785.22,DEV-5371-A,,2101
5372,Rajesh Nair,39,9,False,413.76,204.14,DEV-5372-A,,2706
5373,Suresh Johnson,22,8,False,1979.09,603.3,DEV-5373-A,,973
5374,Devi Kumar,83,2,True,3385.84,1676.14,DEV-5374-A,+91 98765 64899,971
5375,Ramesh Smith,73,4,True,830.99,436.14,DEV-5375-A,+91 98765 42105,3210
5376,Martha Williams,41,8,False,1891.14,1000.75,DEV-5376-A,,2425
5377,Ramesh Johnson,46,4,False,2287.6,606.73,DEV-5377-A,,1096
5378,Kavita Nair,49,9,False,210.09,122.09,DEV-5378-A,,1315
5379,Meena Patel,57,6,False,2257.04,1351.05,DEV-5379-A,,1703
5380,Martha Smith,71,3,True,3985.59,1597.63,DEV-5380-A,+91 98765 29450,2389
5381,Suresh Williams,51,8,False,828.71,465.06,DEV-5381-A,,3640
5382,Vikram Verma,28,7,False,1341.56,414.92,DEV-5382-A,,3619
5383,Devi Sharma,58,5,False,4647.18,2444.69,DEV-5383-A,,713
5384,Meena Singhania,53,8,False,2718.47,1488.17,DEV-5384-A,,1108
5385,Suresh Taylor,19,7,False,1548.59,583.56,DEV-5385-A,,443
5386,Ramesh Joshi,81,4,True,1655.93,547.9,DEV-5386-A,+91 98765 14466,3445
5387,Martha Sharma,39,7,False,3761.57,1940.62,DEV-5387-A,,2856
5388,Priya Patel,33,7,False,2936.48,1479.19,DEV-5388-A,,572
5389,George Singhania,23,8,False,1783.37,982.31,DEV-5389-A,,1481
5390,Ramesh Singhania,21,6,False,422.34,113.57,DEV-5390-A,,2884
5391,Lakshmi Taylor,67,2,True,767.63,357.19,DEV-5391-A,+91 98765 48455,517
5392,Arthur Joshi,49,8,False,1079.97,315.5,DEV-5392-A,,1408
5393,Meena Taylor,44,5,False,644.44,360.78,DEV-5393-A,,215
5394,Rajesh Taylor,68,3,True,2430.55,721.11,DEV-5394-A,+91 98765 56525,1868
5395,Martha Williams,39,5,False,692.88,325.09,DEV-5395-A,,1872
5396,Martha Gupta,52,5,False,1375.32,287.24,DEV-5396-A,,3133
5397,Suresh Taylor,32,7,False,1446.34,354.35,DEV-5397-A,,581
5398,Priya Taylor,66,2,True,1562.63,820.52,DEV-5398-A,+91 98765 87274,3389
5399,Rajesh Verma,55,8,False,1477.75,322.3,DEV-5399-A,,61
5400,Eleanor Williams,31,8,False,4024.2,1270.47,DEV-5400-A,,2689
5401,Devi Singhania,22,6,False,3486.74,970.31,DEV-5401-A,,1342
5402,Devi Verma,51,8,False,5953.34,2203.81,DEV-5402-A,,2113
5403,Anish Kumar,68,2,True,8252.69,3542.91,DEV-5403-A,+91 98765 22700,981
5404,Kavita Deshmukh,68,1,True,1113.14,507.44,DEV-5404-A,+91 98765 54710,227
5405,Martha Gupta,44,5,False,7653.5,1999.08,DEV-5405-A,,1352
5406,George Nair,48,8,False,2991.69,1188.69,DEV-5406-A,,3131
5407,Priya Verma,28,9,False,1302.55,475.62,DEV-5407-A,,201
5408,Vikram Singhania,64,5,False,1874.64,971.93,DEV-5408-A,,2156
5409,Anish Johnson,23,5,False,1998.02,453.2,DEV-5409-A,,3632
5410,Arthur Patel,50,10,False,1802.3,897.37,DEV-5410-A,,1452
5411,Kavita Verma,67,5,True,687.09,295.98,DEV-5411-A,+91 98765 25538,1209
5412,Anish Deshmukh,45,8,False,2000.29,554.4,DEV-5412-A,,1827
5413,Lakshmi Verma,83,3,True,1410.19,444.57,DEV-5413-A,+91 98765 47811,1092
5414,Meena Rao,58,8,False,4125.96,1581.75,DEV-5414-A,,2759
5415,Anish Verma,85,3,True,5057.13,2431.21,DEV-5415-A,+91 98765 22579,877
5416,Priya Sharma,54,4,False,3734.51,1437.17,DEV-5416-A,,2481
5417,Sunita Smith,23,9,False,810.88,471.35,DEV-5417-A,,2233
5418,Vikram Sharma,88,6,True,4378.79,1201.05,DEV-5418-A,+91 98765 74011,3439
5419,Aarav Nair,64,7,False,1357.36,634.36,DEV-5419-A,,862
5420,Kavita Johnson,38,6,False,1571.15,361.23,DEV-5420-A,,1776
5421,Devi Smith,34,8,False,1098.68,361.11,DEV-5421-A,,546
5422,Devi Gupta,74,3,True,635.7,302.09,DEV-5422-A,+91 98765 24367,2963
5423,Meena Deshmukh,60,8,False,2072.13,603.84,DEV-5423-A,,1800
5424,Suresh Gupta,49,5,False,3295.78,909.95,DEV-5424-A,,385
5425,Ramesh Gupta,47,5,False,3004.69,962.33,DEV-5425-A,,3026
5426,Meena Nair,57,7,False,2465.9,1265.41,DEV-5426-A,,3321
5427,Rajesh Taylor,41,6,False,457.84,239.38,DEV-5427-A,,3279
5428,Lakshmi Taylor,47,6,False,782.5,197.52,DEV-5428-A,,334
5429,Arthur Verma,80,4,True,2223.24,1309.34,DEV-5429-A,+91 98765 76461,1403
5430,Anish Deshmukh,50,6,False,1118.77,323.51,DEV-5430-A,,2613
5431,Rajesh Taylor,65,9,False,4834.32,2253.3,DEV-5431-A,,2847
5432,Arthur Sharma,42,7,False,5474.36,1325.81,DEV-5432-A,,1805
5433,Meena Taylor,73,3,True,254.76,65.88,DEV-5433-A,+91 98765 78327,1330
5434,Vikram Joshi,79,4,True,1026.92,481.01,DEV-5434-A,+91 98765 83160,2737
5435,Sunita Williams,56,6,False,1086.49,237.88,DEV-5435-A,,2599
5436,Aarav Rao,33,9,False,1243.85,431.07,DEV-5436-A,,590
5437,George Joshi,69,5,True,1415.74,836.01,DEV-5437-A,+91 98765 38863,2788
5438,Vikram Gupta,33,7,False,3967.16,2090.37,DEV-5438-A,,1955
5439,Ramesh Deshmukh,60,5,False,1305.37,297.64,DEV-5439-A,,3363
5440,Priya Taylor,52,8,False,1200.15,609.19,DEV-5440-A,,2064
5441,Kavita Verma,36,5,False,814.54,421.24,DEV-5441-A,,843
5442,Rajesh Smith,86,4,True,5297.85,1573.82,DEV-5442-A,+91 98765 38074,43
5443,Martha Patel,51,8,False,1125.43,399.29,DEV-5443-A,,2039
5444,Vikram Taylor,76,4,True,1294.34,431.44,DEV-5444-A,+91 98765 33345,188
5445,Martha Taylor,46,6,False,2083.52,1206.95,DEV-5445-A,,1107
5446,George Williams,55,9,False,1849.99,1010.66,DEV-5446-A,,2421
5447,Lakshmi Williams,51,7,False,863.91,295.13,DEV-5447-A,,1458
5448,Suresh Smith,47,6,False,467.66,247.42,DEV-5448-A,,2720
5449,Priya Gupta,56,6,False,877.51,293.4,DEV-5449-A,,3473
5450,Lakshmi Gupta,77,3,True,3276.42,952.58,DEV-5450-A,+91 98765 97552,2016
5451,Suresh Kumar,32,6,False,521.73,278.52,DEV-5451-A,,2610
5452,George Johnson,71,3,True,5365.48,3029.46,DEV-5452-A,+91 98765 56809,2255
5453,Suresh Gupta,39,8,False,954.04,396.63,DEV-5453-A,,425
5454,Lakshmi Patel,78,4,True,638.58,137.97,DEV-5454-A,+91 98765 47653,1748
5455,Devi Nair,57,6,False,5583.65,1597.84,DEV-5455-A,,1043
5456,Martha Patel,52,6,False,3832.38,1153.5,DEV-5456-A,,751
5457,Devi Nair,36,7,False,2631.86,530.17,DEV-5457-A,,2735
5458,Meena Nair,72,2,True,2471.49,1467.97,DEV-5458-A,+91 98765 62178,2916
5459,Ramesh Kumar,57,3,True,1831.21,1024.51,DEV-5459-A,+91 98765 73404,3471
5460,Suresh Johnson,33,6,False,1343.78,676.79,DEV-5460-A,,1717
5461,Lakshmi Sharma,56,5,False,2725.8,1255.14,DEV-5461-A,,1221
5462,Anish Smith,70,4,True,1170.5,397.4,DEV-5462-A,+91 98765 38194,3515
5463,Martha Sharma,69,3,True,1209.65,711.05,DEV-5463-A,+91 98765 83696,3191
5464,Arthur Gupta,90,2,True,456.19,102.73,DEV-5464-A,+91 98765 98472,1330
5465,Martha Singhania,80,1,True,4635.16,1136.12,DEV-5465-A,+91 98765 67927,1771
5466,George Gupta,87,1,True,2209.13,751.29,DEV-5466-A,+91 98765 17160,1129
5467,Suresh Taylor,35,8,False,2058.28,1116.98,DEV-5467-A,,926
5468,Arthur Williams,47,7,False,4836.67,1455.46,DEV-5468-A,,3382
5469,Sunita Gupta,90,2,True,697.96,415.9,DEV-5469-A,+91 98765 68672,1708
5470,Lakshmi Johnson,26,7,False,1812.79,634.52,DEV-5470-A,,3616
5471,Priya Smith,25,9,False,1318.81,495.19,DEV-5471-A,,874
5472,Meena Johnson,45,10,False,5770.19,3130.43,DEV-5472-A,,2531
5473,Arthur Verma,37,7,False,4996.06,1599.8,DEV-5473-A,,2507
5474,Aarav Taylor,37,9,False,547.52,160.05,DEV-5474-A,,116
5475,George Patel,84,4,True,2022.12,441.96,DEV-5475-A,+91 98765 53684,1474
5476,Rajesh Williams,40,6,False,1583.07,580.57,DEV-5476-A,,231
5477,Vikram Nair,77,5,True,3244.78,1102.06,DEV-5477-A,+91 98765 80185,842
5478,Priya Joshi,86,2,True,6941.48,2572.41,DEV-5478-A,+91 98765 80215,1650
5479,Lakshmi Gupta,84,5,True,2990.6,1096.99,DEV-5479-A,+91 98765 31155,1561
5480,Arthur Singhania,32,8,False,6039.36,2418.99,DEV-5480-A,,913
5481,Lakshmi Sharma,58,8,False,1108.47,642.1,DEV-5481-A,,177
5482,Aarav Kumar,82,2,True,469.35,245.64,DEV-5482-A,+91 98765 79016,449
5483,George Kumar,56,8,False,1938.58,803.37,DEV-5483-A,,2016
5484,Sunita Verma,51,6,False,260.12,139.98,DEV-5484-A,,1189
5485,Kavita Sharma,57,5,False,3519.94,1878.11,DEV-5485-A,,972
5486,Lakshmi Sharma,28,6,False,825.15,386.34,DEV-5486-A,,1145
5487,Meena Joshi,32,6,False,2243.52,580.8,DEV-5487-A,,3241
5488,George Williams,50,7,False,2185.51,1027.9,DEV-5488-A,,1671
5489,Ramesh Joshi,58,5,False,2401.53,1002.63,DEV-5489-A,,3063
5490,Anish Joshi,42,9,False,213.28,53.61,DEV-5490-A,,377
5491,Rajesh Patel,41,6,False,1173.86,653.27,DEV-5491-A,,2096
5492,Martha Sharma,49,7,False,820.61,202.15,DEV-5492-A,,90
5493,Ramesh Patel,30,7,False,1094.02,571.79,DEV-5493-A,,3044
5494,George Rao,55,5,False,2593.0,875.29,DEV-5494-A,,3435
5495,Kavita Kumar,77,5,True,1722.51,563.61,DEV-5495-A,+91 98765 52431,1771
5496,Aarav Gupta,39,8,False,3147.26,918.55,DEV-5496-A,,1152
5497,Devi Rao,89,5,True,3092.0,1806.82,DEV-5497-A,+91 98765 23065,1112
5498,Suresh Singhania,44,7,False,1385.67,437.7,DEV-5498-A,,1222
5499,Martha Patel,45,6,False,1779.84,701.96,DEV-5499-A,,940
5500,Martha Smith,45,8,False,5295.34,1451.38,DEV-5500-A,,1170
5501,Suresh Gupta,31,6,False,1156.66,535.4,DEV-5501-A,,2908
5502,Lakshmi Singhania,91,4,True,6656.62,2422.82,DEV-5502-A,+91 98765 12256,2065
5503,George Nair,38,4,False,1767.1,897.77,DEV-5503-A,,3154
5504,Meena Deshmukh,26,8,False,2812.44,703.0,DEV-5504-A,,947
5505,Aarav Singhania,89,1,True,1771.25,766.6,DEV-5505-A,+91 98765 40423,1861
5506,Eleanor Deshmukh,45,6,False,605.97,282.11,DEV-5506-A,,2336
5507,Meena Williams,22,8,False,5116.61,1151.59,DEV-5507-A,,1302
5508,Arthur Verma,88,3,True,1384.28,706.74,DEV-5508-A,+91 98765 92564,372
5509,Meena Smith,72,3,True,3455.42,1357.4,DEV-5509-A,+91 98765 32184,880
5510,Suresh Johnson,20,4,False,5496.65,2798.47,DEV-5510-A,,1053
5511,Rajesh Verma,44,6,False,2302.57,582.97,DEV-5511-A,,1681
5512,Suresh Smith,27,7,False,1117.0,578.14,DEV-5512-A,,2991
5513,Lakshmi Sharma,57,10,False,3275.34,1100.05,DEV-5513-A,,3173
5514,Suresh Gupta,41,9,False,814.17,215.48,DEV-5514-A,,1716
5515,Kavita Taylor,18,8,False,2012.54,893.09,DEV-5515-A,,1413
5516,Ramesh Sharma,72,3,True,9405.0,4583.59,DEV-5516-A,+91 98765 52132,2852
5517,Martha Joshi,75,2,True,722.48,209.15,DEV-5517-A,+91 98765 10730,1128
5518,Vikram Kumar,47,7,False,3431.53,1200.3,DEV-5518-A,,2333
5519,Suresh Smith,79,7,True,5007.4,2725.63,DEV-5519-A,+91 98765 75511,1312
5520,Lakshmi Nair,49,6,False,2215.28,601.34,DEV-5520-A,,1919
5521,Suresh Smith,44,8,False,1799.53,1058.59,DEV-5521-A,,2302
5522,Rajesh Patel,78,3,True,1769.22,841.68,DEV-5522-A,+91 98765 65797,2894
5523,Rajesh Singhania,43,7,False,1460.34,669.17,DEV-5523-A,,551
5524,Aarav Verma,41,8,False,1810.23,819.37,DEV-5524-A,,2159
5525,Meena Verma,43,6,False,1056.58,624.79,DEV-5525-A,,838
5526,Devi Joshi,46,7,False,120.33,66.62,DEV-5526-A,,495
5527,Sunita Singhania,57,6,False,6300.87,1333.48,DEV-5527-A,,2058
5528,Priya Williams,85,4,True,2630.74,1158.1,DEV-5528-A,+91 98765 78758,2025
5529,Ramesh Taylor,26,8,False,1693.35,576.51,DEV-5529-A,,3610
5530,Martha Singhania,79,3,True,1060.93,361.12,DEV-5530-A,+91 98765 11213,1245
5531,Meena Singhania,21,7,False,1502.93,804.26,DEV-5531-A,,1235
5532,Anish Smith,22,8,False,6015.88,2755.23,DEV-5532-A,,1350
5533,Eleanor Johnson,42,8,False,884.96,464.11,DEV-5533-A,,2693
5534,Priya Verma,26,5,False,1686.83,450.79,DEV-5534-A,,1218
5535,Vikram Kumar,67,1,True,2119.46,686.71,DEV-5535-A,+91 98765 90478,2956
5536,Eleanor Smith,88,6,True,1021.9,358.39,DEV-5536-A,+91 98765 89235,1059
5537,Suresh Deshmukh,23,9,False,482.06,151.78,DEV-5537-A,,892
5538,Arthur Taylor,78,3,True,805.83,201.43,DEV-5538-A,+91 98765 27739,702
5539,Suresh Sharma,44,6,False,251.54,105.01,DEV-5539-A,,1331
5540,Martha Verma,35,9,False,23953.35,7820.08,DEV-5540-A,,645
5541,Suresh Patel,76,1,True,2784.47,1612.03,DEV-5541-A,+91 98765 10734,1307
5542,Vikram Rao,77,1,True,947.91,441.09,DEV-5542-A,+91 98765 22300,2232
5543,Devi Nair,90,4,True,2287.84,758.74,DEV-5543-A,+91 98765 22414,280
5544,Devi Johnson,44,7,False,2365.06,1401.45,DEV-5544-A,,670
5545,Rajesh Nair,71,5,True,246.24,137.95,DEV-5545-A,+91 98765 93406,2320
5546,Lakshmi Nair,53,6,False,504.05,204.91,DEV-5546-A,,2605
5547,Aarav Rao,24,6,False,2305.63,834.56,DEV-5547-A,,1154
5548,Kavita Joshi,74,4,True,1648.26,555.06,DEV-5548-A,+91 98765 65858,2423
5549,Kavita Nair,88,3,True,2782.19,814.61,DEV-5549-A,+91 98765 91854,3171
5550,George Gupta,90,4,True,1812.74,728.74,DEV-5550-A,+91 98765 83546,2246
5551,Vikram Patel,48,4,False,1112.64,460.06,DEV-5551-A,,2457
5552,Ramesh Patel,47,8,False,1393.19,612.37,DEV-5552-A,,3022
5553,Vikram Gupta,70,3,True,2480.25,1470.9,DEV-5553-A,+91 98765 33373,1106
5554,Meena Verma,38,6,False,670.65,260.43,DEV-5554-A,,3294
5555,George Nair,82,1,True,2713.25,1348.63,DEV-5555-A,+91 98765 85452,3192
5556,Anish Kumar,50,7,False,702.86,396.81,DEV-5556-A,,3049
5557,Suresh Rao,77,1,True,4971.3,1167.22,DEV-5557-A,+91 98765 32033,40
5558,Lakshmi Rao,48,6,False,5108.57,1502.83,DEV-5558-A,,404
5559,Ramesh Verma,85,4,True,4349.18,1107.79,DEV-5559-A,+91 98765 31603,1977
5560,Aarav Nair,27,7,False,925.84,227.97,DEV-5560-A,,348
5561,Sunita Verma,77,5,True,1322.34,760.16,DEV-5561-A,+91 98765 77070,3336
5562,Devi Singhania,82,4,True,4304.31,1090.23,DEV-5562-A,+91 98765 97142,1962
5563,Arthur Gupta,50,6,False,3108.04,1704.81,DEV-5563-A,,2079
5564,Meena Rao,21,8,False,5118.06,1668.9,DEV-5564-A,,2324
5565,George Singhania,66,5,True,795.57,350.88,DEV-5565-A,+91 98765 60532,2922
5566,Suresh Nair,51,7,False,435.71,118.22,DEV-5566-A,,1306
5567,Arthur Smith,83,3,True,10299.7,5416.41,DEV-5567-A,+91 98765 20249,3647
5568,Vikram Verma,47,6,False,1360.3,647.33,DEV-5568-A,,2625
5569,Anish Taylor,48,7,False,400.07,113.56,DEV-5569-A,,615
5570,Martha Smith,85,6,True,2168.9,696.31,DEV-5570-A,+91 98765 67887,2037
5571,Anish Williams,88,4,True,499.95,298.65,DEV-5571-A,+91 98765 25760,2315
5572,Martha Williams,81,3,True,1835.88,882.23,DEV-5572-A,+91 98765 55636,759
5573,Aarav Joshi,31,4,False,829.94,280.19,DEV-5573-A,,1527
5574,Devi Kumar,70,2,True,1943.02,1070.56,DEV-5574-A,+91 98765 97823,1447
5575,Martha Rao,37,7,False,541.69,156.94,DEV-5575-A,,2557
5576,Vikram Singhania,34,6,False,1977.49,1162.34,DEV-5576-A,,1562
5577,Priya Taylor,84,3,True,271.96,105.1,DEV-5577-A,+91 98765 11398,832
5578,Devi Nair,81,2,True,3873.28,1466.95,DEV-5578-A,+91 98765 78944,828
5579,Aarav Johnson,45,10,False,2032.55,864.54,DEV-5579-A,,1301
5580,Arthur Patel,22,7,False,1860.54,613.97,DEV-5580-A,,1540
5581,Anish Smith,85,3,True,1593.33,478.08,DEV-5581-A,+91 98765 11703,2515
5582,Anish Sharma,38,9,False,3034.88,1215.64,DEV-5582-A,,2681
5583,Anish Williams,81,3,True,1567.61,564.88,DEV-5583-A,+91 98765 72748,1661
5584,Sunita Taylor,76,2,True,2743.59,1556.22,DEV-5584-A,+91 98765 43166,1153
5585,Sunita Johnson,33,8,False,1137.63,275.7,DEV-5585-A,,3402
5586,Aarav Joshi,32,9,False,1828.87,473.67,DEV-5586-A,,2971
5587,Suresh Johnson,53,8,False,2546.53,1462.28,DEV-5587-A,,2619
5588,Devi Deshmukh,72,2,True,8420.25,2061.65,DEV-5588-A,+91 98765 32776,1969
5589,Meena Sharma,65,7,False,1346.34,600.28,DEV-5589-A,,1543
5590,Aarav Johnson,63,8,False,7140.06,2065.93,DEV-5590-A,,2951
5591,Ramesh Taylor,86,2,True,3363.43,1106.33,DEV-5591-A,+91 98765 33187,3597
5592,Ramesh Patel,84,3,True,3784.02,814.79,DEV-5592-A,+91 98765 64994,3446
5593,Meena Sharma,21,8,False,579.52,251.32,DEV-5593-A,,1846
5594,Sunita Nair,58,7,False,960.06,251.48,DEV-5594-A,,429
5595,Anish Joshi,22,9,False,2689.53,1347.59,DEV-5595-A,,825
5596,Aarav Nair,75,4,True,3585.84,1106.99,DEV-5596-A,+91 98765 98079,3504
5597,Arthur Taylor,91,2,True,1125.56,355.19,DEV-5597-A,+91 98765 32179,2433
5598,Eleanor Smith,89,3,True,11291.41,6642.15,DEV-5598-A,+91 98765 11857,2751
5599,George Singhania,64,7,False,2417.52,806.27,DEV-5599-A,,3461
5600,Sunita Patel,78,4,True,1828.38,611.99,DEV-5600-A,+91 98765 35289,3409
5601,Ramesh Taylor,66,6,True,1408.11,565.71,DEV-5601-A,+91 98765 44948,373
5602,Priya Deshmukh,88,2,True,3521.37,1985.6,DEV-5602-A,+91 98765 15833,1158
5603,Vikram Taylor,36,6,False,1468.72,822.46,DEV-5603-A,,2100
5604,Martha Verma,36,7,False,1569.83,819.78,DEV-5604-A,,2632
5605,Aarav Gupta,27,7,False,2004.48,463.85,DEV-5605-A,,1151
5606,Eleanor Patel,76,5,True,2811.71,1116.65,DEV-5606-A,+91 98765 54754,1939
5607,Rajesh Johnson,64,7,False,1206.72,314.21,DEV-5607-A,,1926
5608,Rajesh Patel,75,2,True,395.35,146.87,DEV-5608-A,+91 98765 21870,777
5609,Rajesh Verma,71,5,True,1674.05,384.03,DEV-5609-A,+91 98765 51615,2451
5610,Aarav Kumar,30,8,False,1918.77,441.13,DEV-5610-A,,723
5611,Aarav Rao,20,8,False,806.55,290.03,DEV-5611-A,,2643
5612,Eleanor Deshmukh,76,4,True,561.98,266.42,DEV-5612-A,+91 98765 20652,3623
5613,Lakshmi Gupta,26,7,False,2605.79,1264.51,DEV-5613-A,,3459
5614,Vikram Taylor,51,8,False,1279.03,674.43,DEV-5614-A,,3125
5615,Ramesh Gupta,43,5,False,2828.09,1346.0,DEV-5615-A,,248
5616,George Taylor,37,6,False,2754.49,567.21,DEV-5616-A,,1205
5617,Priya Gupta,35,7,False,596.24,167.83,DEV-5617-A,,605
5618,Arthur Singhania,70,4,True,811.11,349.9,DEV-5618-A,+91 98765 39617,3451
5619,Vikram Gupta,90,2,True,5452.34,2733.32,DEV-5619-A,+91 98765 36112,755
5620,Kavita Gupta,88,3,True,1290.36,370.59,DEV-5620-A,+91 98765 67619,1113
5621,Rajesh Deshmukh,54,10,False,758.58,318.9,DEV-5621-A,,1484
5622,Eleanor Nair,88,4,True,2084.61,683.6,DEV-5622-A,+91 98765 94125,2172
5623,Devi Joshi,46,4,False,1494.56,525.96,DEV-5623-A,,2614
5624,Priya Sharma,56,10,False,4313.7,1469.79,DEV-5624-A,,3449
5625,George Verma,38,6,False,2297.16,691.93,DEV-5625-A,,2233
5626,Vikram Taylor,20,7,False,1677.56,348.62,DEV-5626-A,,1807
5627,Eleanor Williams,33,6,False,2085.06,781.26,DEV-5627-A,,3351
5628,Kavita Rao,84,2,True,3998.55,2278.86,DEV-5628-A,+91 98765 54850,2895
5629,Anish Patel,39,7,False,4307.16,2009.51,DEV-5629-A,,2132
5630,Vikram Gupta,61,6,False,1153.21,447.25,DEV-5630-A,,923
5631,Devi Gupta,83,3,True,1036.98,471.98,DEV-5631-A,+91 98765 14121,502
5632,Priya Deshmukh,63,7,False,1078.89,467.74,DEV-5632-A,,602
5633,Devi Johnson,22,8,False,906.93,370.62,DEV-5633-A,,1352
5634,Eleanor Johnson,28,8,False,1918.05,395.57,DEV-5634-A,,1577
5635,Sunita Nair,59,7,False,732.16,381.41,DEV-5635-A,,2902
5636,Meena Williams,36,5,False,7466.48,2193.15,DEV-5636-A,,1499
5637,Aarav Verma,51,8,False,2591.98,1396.06,DEV-5637-A,,1756
5638,Suresh Nair,39,6,False,2997.67,1484.96,DEV-5638-A,,1409
5639,Meena Verma,87,3,True,1441.05,661.6,DEV-5639-A,+91 98765 56924,1284
5640,Priya Deshmukh,64,5,False,2450.98,510.32,DEV-5640-A,,2269
5641,Priya Kumar,72,5,True,5405.15,2566.12,DEV-5641-A,+91 98765 12850,1828
5642,Devi Johnson,43,8,False,781.44,446.51,DEV-5642-A,,2389
5643,Martha Taylor,63,5,False,3180.76,1317.0,DEV-5643-A,,1665
5644,Suresh Joshi,54,7,False,1443.61,367.46,DEV-5644-A,,1027
5645,Anish Taylor,58,6,False,376.37,107.74,DEV-5645-A,,1558
5646,Arthur Deshmukh,79,4,True,1989.85,855.31,DEV-5646-A,+91 98765 98939,1673
5647,Kavita Sharma,26,6,False,6797.75,2194.88,DEV-5647-A,,3623
5648,Lakshmi Kumar,27,5,False,749.81,198.22,DEV-5648-A,,2106
5649,Meena Singhania,50,7,False,2550.43,877.82,DEV-5649-A,,1774
5650,Anish Johnson,48,9,False,2237.84,617.93,DEV-5650-A,,1671
5651,Aarav Verma,80,4,True,3829.14,898.78,DEV-5651-A,+91 98765 77135,711
5652,Kavita Johnson,19,9,False,2241.67,972.38,DEV-5652-A,,2887
5653,Vikram Johnson,31,7,False,1165.7,569.69,DEV-5653-A,,3109
5654,Ramesh Verma,29,7,False,1323.33,573.12,DEV-5654-A,,2747
5655,Arthur Kumar,65,8,False,4792.2,1170.98,DEV-5655-A,,250
5656,Rajesh Gupta,62,6,False,3247.22,1624.63,DEV-5656-A,,3277
5657,Ramesh Kumar,78,2,True,3465.75,2015.45,DEV-5657-A,+91 98765 55364,1908
5658,George Verma,47,6,False,8715.23,2072.43,DEV-5658-A,,1916
5659,Aarav Williams,68,4,True,3591.94,1008.99,DEV-5659-A,+91 98765 29331,850
5660,Priya Gupta,63,9,False,1372.12,488.69,DEV-5660-A,,1289
5661,Rajesh Verma,18,7,False,308.89,179.03,DEV-5661-A,,997
5662,Vikram Singhania,86,2,True,1241.06,329.32,DEV-5662-A,+91 98765 21818,2996
5663,Lakshmi Verma,72,1,True,2197.5,520.68,DEV-5663-A,+91 98765 99746,2304
5664,Eleanor Sharma,41,7,False,435.37,257.61,DEV-5664-A,,1985
5665,Priya Nair,26,8,False,1562.06,860.3,DEV-5665-A,,439
5666,Suresh Smith,43,6,False,2223.69,1078.53,DEV-5666-A,,2843
5667,George Taylor,89,3,True,23688.8,6512.7,DEV-5667-A,+91 98765 37851,1964
5668,George Joshi,58,10,False,4164.68,876.39,DEV-5668-A,,1928
5669,Lakshmi Kumar,53,5,False,2551.48,722.92,DEV-5669-A,,422
5670,George Verma,35,8,False,6222.48,3349.59,DEV-5670-A,,1333
5671,Ramesh Singhania,37,7,False,2409.23,862.52,DEV-5671-A,,3197
5672,Arthur Gupta,24,5,False,679.88,187.54,DEV-5672-A,,3387
5673,Martha Johnson,74,2,True,687.04,251.28,DEV-5673-A,+91 98765 61622,2217
5674,Rajesh Nair,46,7,False,220.98,116.19,DEV-5674-A,,2030
5675,Aarav Rao,75,3,True,1918.52,997.38,DEV-5675-A,+91 98765 89760,759
5676,Lakshmi Nair,25,7,False,5121.53,2816.78,DEV-5676-A,,1513
5677,Arthur Smith,91,5,True,6013.46,3017.38,DEV-5677-A,+91 98765 10208,2530
5678,George Patel,32,8,False,1075.82,363.59,DEV-5678-A,,2674
5679,Lakshmi Verma,26,5,False,595.01,348.73,DEV-5679-A,,2077
5680,Vikram Sharma,64,8,False,1856.01,1041.7,DEV-5680-A,,895
5681,Kavita Singhania,51,7,False,3513.24,1026.46,DEV-5681-A,,410
5682,Arthur Singhania,33,7,False,9868.0,4574.61,DEV-5682-A,,2708
5683,Priya Singhania,63,5,False,2030.59,919.88,DEV-5683-A,,647
5684,Kavita Gupta,53,4,False,3244.67,1479.37,DEV-5684-A,,1614
5685,Suresh Sharma,76,1,True,2214.11,1046.34,DEV-5685-A,+91 98765 44212,1757
5686,Priya Verma,86,2,True,946.64,245.75,DEV-5686-A,+91 98765 62194,2824
5687,Meena Deshmukh,67,2,True,1616.93,889.28,DEV-5687-A,+91 98765 20831,1448
5688,Meena Williams,54,5,False,641.69,202.84,DEV-5688-A,,3562
5689,George Kumar,47,8,False,366.92,186.91,DEV-5689-A,,3335
5690,Aarav Verma,62,7,False,409.18,219.34,DEV-5690-A,,1336
5691,Ramesh Johnson,22,7,False,955.86,435.53,DEV-5691-A,,2106
5692,George Williams,31,8,False,5057.13,2879.1,DEV-5692-A,,1892
5693,Aarav Deshmukh,28,7,False,2074.66,884.05,DEV-5693-A,,2708
5694,George Singhania,53,9,False,1366.53,275.7,DEV-5694-A,,3189
5695,Sunita Gupta,51,8,False,938.49,203.87,DEV-5695-A,,1770
5696,Anish Taylor,76,3,True,2347.49,612.76,DEV-5696-A,+91 98765 93115,504
5697,Devi Smith,58,7,False,7446.04,3665.21,DEV-5697-A,,1557
5698,Suresh Taylor,24,4,False,2213.47,1303.84,DEV-5698-A,,1402
5699,Eleanor Patel,78,3,True,1984.61,672.26,DEV-5699-A,+91 98765 33440,1766
5700,George Joshi,82,4,True,892.03,441.17,DEV-5700-A,+91 98765 98436,357
5701,Ramesh Sharma,19,9,False,2143.35,601.22,DEV-5701-A,,1410
5702,Anish Rao,49,5,False,2393.88,1224.28,DEV-5702-A,,2139
5703,Devi Singhania,37,7,False,578.24,210.55,DEV-5703-A,,228
5704,Devi Gupta,84,3,True,4169.99,1433.25,DEV-5704-A,+91 98765 15222,527
5705,Suresh Deshmukh,39,7,False,464.51,242.47,DEV-5705-A,,1533
5706,Sunita Johnson,38,7,False,602.12,137.05,DEV-5706-A,,2841
5707,Eleanor Gupta,64,6,False,31106.33,9959.57,DEV-5707-A,,1773
5708,Arthur Williams,83,4,True,1432.55,704.1,DEV-5708-A,+91 98765 48816,3170
5709,Aarav Smith,24,8,False,3791.8,807.35,DEV-5709-A,,1124
5710,Priya Gupta,26,9,False,4675.09,2331.28,DEV-5710-A,,1491
5711,Martha Sharma,66,4,True,3190.27,1371.93,DEV-5711-A,+91 98765 68559,1359
5712,Kavita Williams,34,9,False,951.22,352.77,DEV-5712-A,,175
5713,Meena Nair,19,7,False,1159.7,679.52,DEV-5713-A,,3027
5714,Sunita Smith,53,4,False,1919.5,580.99,DEV-5714-A,,3055
5715,George Rao,19,6,False,461.51,128.84,DEV-5715-A,,747
5716,Rajesh Smith,23,8,False,2319.33,1332.94,DEV-5716-A,,417
5717,Ramesh Taylor,57,7,False,1001.93,512.73,DEV-5717-A,,622
5718,Suresh Singhania,66,2,True,3657.05,2084.18,DEV-5718-A,+91 98765 46004,1444
5719,Devi Taylor,29,7,False,2952.06,744.11,DEV-5719-A,,2558
5720,Lakshmi Joshi,76,4,True,1385.05,660.1,DEV-5720-A,+91 98765 78623,2360
5721,Devi Sharma,61,6,False,1581.64,841.48,DEV-5721-A,,343
5722,Arthur Nair,29,9,False,476.25,187.12,DEV-5722-A,,186
5723,Ramesh Johnson,30,7,False,851.47,197.54,DEV-5723-A,,2994
5724,Meena Singhania,56,6,False,4992.56,1317.02,DEV-5724-A,,2129
5725,Rajesh Nair,29,7,False,4332.21,934.12,DEV-5725-A,,2638
5726,Kavita Singhania,48,8,False,3464.03,1370.07,DEV-5726-A,,1671
5727,Aarav Verma,79,4,True,3402.66,1793.73,DEV-5727-A,+91 98765 43666,2985
5728,Rajesh Joshi,53,8,False,8154.23,2790.14,DEV-5728-A,,1805
5729,Meena Kumar,54,6,False,495.58,154.77,DEV-5729-A,,814
5730,Anish Gupta,25,8,False,1271.91,448.26,DEV-5730-A,,2551
5731,Lakshmi Taylor,68,3,True,670.64,164.94,DEV-5731-A,+91 98765 16400,1562
5732,Suresh Rao,26,9,False,6391.15,1823.71,DEV-5732-A,,3145
5733,Martha Gupta,48,7,False,2177.05,452.14,DEV-5733-A,,3089
5734,Priya Gupta,60,6,False,11857.09,4410.8,DEV-5734-A,,2084
5735,Sunita Johnson,55,5,False,2609.67,1109.19,DEV-5735-A,,1662
5736,Priya Williams,26,7,False,1751.71,804.72,DEV-5736-A,,1197
5737,Anish Sharma,55,8,False,685.63,152.62,DEV-5737-A,,1697
5738,Vikram Sharma,57,10,False,3148.02,1757.19,DEV-5738-A,,3233
5739,Martha Williams,78,3,True,3040.22,699.72,DEV-5739-A,+91 98765 27008,1155
5740,Anish Deshmukh,21,7,False,4922.86,2588.65,DEV-5740-A,,2483
5741,Arthur Patel,38,9,False,942.79,533.74,DEV-5741-A,,936
5742,Lakshmi Sharma,23,8,False,2523.1,823.07,DEV-5742-A,,2934
5743,Arthur Rao,40,6,False,1734.27,481.43,DEV-5743-A,,291
5744,Kavita Taylor,77,5,True,4109.02,1129.95,DEV-5744-A,+91 98765 89864,3417
5745,Devi Johnson,76,3,True,4364.43,2466.0,DEV-5745-A,+91 98765 65150,2630
5746,Arthur Smith,77,4,True,3741.94,906.14,DEV-5746-A,+91 98765 60992,1978
5747,Aarav Nair,35,5,False,2759.59,1100.67,DEV-5747-A,,1425
5748,Arthur Nair,32,6,False,2160.23,1011.54,DEV-5748-A,,3399
5749,Devi Verma,59,8,False,981.02,230.37,DEV-5749-A,,1922
5750,Suresh Rao,49,6,False,2659.61,895.41,DEV-5750-A,,2210
5751,Priya Williams,28,5,False,3061.43,1053.24,DEV-5751-A,,1627
5752,Anish Singhania,48,9,False,4067.17,1715.07,DEV-5752-A,,162
5753,Rajesh Williams,40,9,False,1557.49,349.42,DEV-5753-A,,2022
5754,Eleanor Patel,65,8,False,4132.09,847.8,DEV-5754-A,,880
5755,Eleanor Gupta,29,5,False,1027.69,601.26,DEV-5755-A,,1225
5756,Arthur Deshmukh,60,8,False,1549.96,769.15,DEV-5756-A,,2792
5757,Devi Sharma,36,5,False,1219.48,717.58,DEV-5757-A,,668
5758,Priya Johnson,51,7,False,3302.58,1797.72,DEV-5758-A,,1470
5759,Martha Singhania,21,9,False,1098.54,550.26,DEV-5759-A,,3163
5760,Aarav Kumar,82,3,True,393.48,214.84,DEV-5760-A,+91 98765 47209,2309
5761,Suresh Rao,71,4,True,1382.94,302.56,DEV-5761-A,+91 98765 59189,2231
5762,Ramesh Singhania,72,2,True,869.87,345.59,DEV-5762-A,+91 98765 89576,3510
5763,Meena Patel,47,10,False,4997.8,1662.32,DEV-5763-A,,1650
5764,Vikram Rao,29,6,False,5534.88,2226.88,DEV-5764-A,,483
5765,Kavita Verma,59,7,False,2741.65,598.18,DEV-5765-A,,3572
5766,Priya Kumar,77,3,True,2265.58,1331.79,DEV-5766-A,+91 98765 62575,2283
5767,Martha Nair,53,4,False,1232.03,570.46,DEV-5767-A,,3107
5768,Vikram Singhania,32,6,False,517.02,217.58,DEV-5768-A,,2484
5769,Anish Nair,36,6,False,1618.82,492.53,DEV-5769-A,,3185
5770,Eleanor Williams,21,9,False,2440.96,679.28,DEV-5770-A,,462
5771,Arthur Smith,41,8,False,1630.62,581.82,DEV-5771-A,,2223
5772,George Rao,52,9,False,459.32,271.58,DEV-5772-A,,3548
5773,George Deshmukh,91,2,True,5497.17,2186.63,DEV-5773-A,+91 98765 70806,1202
5774,Devi Verma,41,7,False,1766.92,721.25,DEV-5774-A,,3607
5775,Priya Singhania,90,1,True,1954.41,408.15,DEV-5775-A,+91 98765 47802,43
5776,Arthur Kumar,40,10,False,5270.82,2190.54,DEV-5776-A,,1930
5777,Priya Williams,65,10,False,911.6,226.66,DEV-5777-A,,432
5778,George Johnson,35,6,False,1868.78,1066.68,DEV-5778-A,,2705
5779,Martha Singhania,64,10,False,533.95,198.58,DEV-5779-A,,1710
5780,Vikram Williams,48,6,False,1267.33,364.98,DEV-5780-A,,148
5781,Lakshmi Verma,18,6,False,726.94,154.57,DEV-5781-A,,2527
5782,Rajesh Johnson,57,6,False,2040.28,893.65,DEV-5782-A,,2367
5783,Martha Sharma,91,2,True,4560.66,1028.25,DEV-5783-A,+91 98765 52601,2527
5784,Lakshmi Verma,37,7,False,363.35,168.75,DEV-5784-A,,2361
5785,Suresh Williams,69,2,True,731.78,236.62,DEV-5785-A,+91 98765 21923,1546
5786,Aarav Taylor,41,4,False,570.25,225.5,DEV-5786-A,,2493
5787,George Smith,44,7,False,5038.49,1603.48,DEV-5787-A,,2124
5788,Vikram Joshi,71,3,True,4369.81,2041.24,DEV-5788-A,+91 98765 31152,1905
5789,Eleanor Taylor,21,6,False,1865.7,394.92,DEV-5789-A,,3612
5790,Lakshmi Verma,57,9,False,905.56,505.69,DEV-5790-A,,1964
5791,Vikram Nair,27,7,False,7531.13,1843.98,DEV-5791-A,,573
5792,Kavita Patel,60,8,False,12652.65,7219.46,DEV-5792-A,,156
5793,Vikram Johnson,51,7,False,2253.77,555.2,DEV-5793-A,,1918
5794,Devi Rao,48,8,False,679.66,324.37,DEV-5794-A,,2830
5795,Devi Rao,48,7,False,863.86,200.92,DEV-5795-A,,3293
5796,Priya Deshmukh,62,7,False,705.4,301.22,DEV-5796-A,,2078
5797,Meena Kumar,84,2,True,2410.96,903.0,DEV-5797-A,+91 98765 89168,3461
5798,Arthur Joshi,60,8,False,2525.89,687.55,DEV-5798-A,,682
5799,Lakshmi Deshmukh,87,3,True,3715.27,1835.34,DEV-5799-A,+91 98765 19154,58
5800,Sunita Williams,22,7,False,911.79,260.93,DEV-5800-A,,2802
5801,Martha Joshi,79,5,True,1204.37,555.39,DEV-5801-A,+91 98765 78126,1955
5802,George Patel,38,6,False,684.96,355.26,DEV-5802-A,,3237
5803,Martha Gupta,55,8,False,1144.36,253.94,DEV-5803-A,,3648
5804,Meena Taylor,64,9,False,1274.3,727.61,DEV-5804-A,,3210
5805,Aarav Deshmukh,69,2,True,1549.47,809.66,DEV-5805-A,+91 98765 73020,3420
5806,Sunita Gupta,47,7,False,1335.88,423.13,DEV-5806-A,,3354
5807,George Joshi,21,7,False,3796.91,1186.1,DEV-5807-A,,3398
5808,Sunita Nair,66,4,True,3298.02,936.54,DEV-5808-A,+91 98765 62354,2965
5809,Devi Singhania,49,7,False,1362.19,734.2,DEV-5809-A,,3255
5810,Meena Patel,24,8,False,3032.92,1027.45,DEV-5810-A,,627
5811,Anish Kumar,63,10,False,3700.52,1723.94,DEV-5811-A,,3410
5812,Meena Taylor,54,7,False,4133.66,2327.68,DEV-5812-A,,722
5813,Eleanor Singhania,55,9,False,4218.11,2506.37,DEV-5813-A,,2719
5814,Arthur Verma,22,5,False,1298.48,587.13,DEV-5814-A,,1025
5815,Suresh Rao,74,3,True,2713.84,1396.24,DEV-5815-A,+91 98765 44669,427
5816,Arthur Williams,84,2,True,3392.03,1503.15,DEV-5816-A,+91 98765 19708,1906
5817,Suresh Kumar,89,3,True,2175.14,649.13,DEV-5817-A,+91 98765 42077,3130
5818,Anish Nair,87,3,True,1395.34,513.79,DEV-5818-A,+91 98765 48704,2852
5819,Devi Nair,56,5,False,3378.59,1919.87,DEV-5819-A,,3255
5820,Devi Taylor,84,2,True,364.01,175.09,DEV-5820-A,+91 98765 43806,2357
5821,Anish Johnson,61,5,False,429.98,145.86,DEV-5821-A,,176
5822,Ramesh Verma,33,10,False,1282.03,636.9,DEV-5822-A,,2167
5823,Kavita Sharma,71,5,True,1095.77,222.01,DEV-5823-A,+91 98765 38969,3635
5824,Eleanor Johnson,48,8,False,4782.44,1863.36,DEV-5824-A,,1515
5825,Kavita Gupta,59,7,False,3616.91,1880.48,DEV-5825-A,,2962
5826,Priya Johnson,90,4,True,7130.03,1532.92,DEV-5826-A,+91 98765 93085,1278
5827,Suresh Taylor,42,9,False,2304.09,864.59,DEV-5827-A,,1831
5828,Kavita Verma,88,4,True,905.0,332.69,DEV-5828-A,+91 98765 26849,630
5829,Kavita Joshi,49,6,False,3809.54,909.43,DEV-5829-A,,1603
5830,Anish Williams,51,9,False,2019.91,1186.35,DEV-5830-A,,963
5831,Aarav Joshi,21,10,False,3588.0,2132.42,DEV-5831-A,,896
5832,Kavita Verma,86,3,True,7847.92,2076.63,DEV-5832-A,+91 98765 86576,79
5833,Anish Nair,42,9,False,2932.54,1331.84,DEV-5833-A,,2983
5834,George Deshmukh,65,9,False,1200.85,309.21,DEV-5834-A,,2563
5835,Priya Nair,28,7,False,516.13,292.33,DEV-5835-A,,2667
5836,Ramesh Johnson,55,6,False,870.5,494.6,DEV-5836-A,,3522
5837,Arthur Smith,45,5,False,11710.28,4114.7,DEV-5837-A,,1563
5838,George Joshi,32,9,False,3920.7,1215.24,DEV-5838-A,,2017
5839,Priya Joshi,72,2,True,911.29,495.87,DEV-5839-A,+91 98765 78843,2004
5840,Priya Deshmukh,30,6,False,446.5,169.02,DEV-5840-A,,1585
5841,Aarav Williams,78,4,True,1411.89,630.8,DEV-5841-A,+91 98765 18487,1432
5842,Lakshmi Gupta,52,5,False,970.35,436.29,DEV-5842-A,,875
5843,Lakshmi Verma,46,7,False,3677.48,1488.34,DEV-5843-A,,1169
5844,Meena Williams,44,6,False,5491.12,1689.82,DEV-5844-A,,836
5845,Eleanor Deshmukh,79,5,True,6886.39,3059.82,DEV-5845-A,+91 98765 70204,2362
5846,Aarav Joshi,66,3,True,2176.91,1063.92,DEV-5846-A,+91 98765 78697,965
5847,Vikram Nair,23,6,False,1578.54,645.44,DEV-5847-A,,2750
5848,Sunita Singhania,60,6,False,749.79,428.95,DEV-5848-A,,2595
5849,Meena Nair,46,7,False,1731.65,909.04,DEV-5849-A,,2108
5850,Rajesh Gupta,77,4,True,3247.18,755.33,DEV-5850-A,+91 98765 82520,2220
5851,Rajesh Kumar,33,7,False,2830.52,1016.56,DEV-5851-A,,259
5852,Devi Johnson,77,3,True,943.16,330.37,DEV-5852-A,+91 98765 78543,1045
5853,Lakshmi Gupta,40,5,False,1061.44,285.7,DEV-5853-A,,3295
5854,Priya Taylor,59,7,False,3534.31,1128.12,DEV-5854-A,,2695
5855,Lakshmi Rao,28,5,False,843.86,371.8,DEV-5855-A,,2854
5856,Devi Verma,71,6,True,1002.65,487.91,DEV-5856-A,+91 98765 15273,2525
5857,Anish Smith,88,5,True,1009.23,432.93,DEV-5857-A,+91 98765 46369,404
5858,Vikram Taylor,49,6,False,6433.89,1611.33,DEV-5858-A,,3432
5859,Rajesh Verma,49,5,False,1966.77,1129.41,DEV-5859-A,,2170
5860,Kavita Sharma,32,5,False,1427.33,591.37,DEV-5860-A,,880
5861,Lakshmi Rao,37,5,False,1723.19,381.7,DEV-5861-A,,2428
5862,Suresh Deshmukh,71,1,True,4820.84,1055.75,DEV-5862-A,+91 98765 22880,2229
5863,Sunita Nair,79,1,True,1441.79,716.14,DEV-5863-A,+91 98765 93087,329
5864,Vikram Deshmukh,80,2,True,449.53,167.79,DEV-5864-A,+91 98765 25257,1840
5865,Rajesh Deshmukh,84,2,True,3478.09,953.0,DEV-5865-A,+91 98765 35873,439
5866,Vikram Johnson,32,6,False,984.8,456.36,DEV-5866-A,,2025
5867,Kavita Johnson,25,9,False,591.47,187.11,DEV-5867-A,,69
5868,Martha Joshi,22,8,False,3986.46,900.18,DEV-5868-A,,486
5869,Devi Kumar,43,8,False,486.83,199.17,DEV-5869-A,,2662
5870,Vikram Johnson,49,6,False,1298.57,645.33,DEV-5870-A,,3330
5871,Devi Sharma,81,4,True,3828.02,2215.83,DEV-5871-A,+91 98765 42997,3120
5872,Martha Johnson,34,5,False,4991.16,2533.33,DEV-5872-A,,1138
5873,Suresh Williams,79,4,True,303.13,74.86,DEV-5873-A,+91 98765 33138,1376
5874,Suresh Smith,44,5,False,1223.78,682.61,DEV-5874-A,,1192
5875,Kavita Gupta,27,8,False,2275.04,1284.91,DEV-5875-A,,3582
5876,Lakshmi Nair,73,4,True,1265.13,392.98,DEV-5876-A,+91 98765 46082,2806
5877,Kavita Williams,84,4,True,3154.32,738.15,DEV-5877-A,+91 98765 67677,486
5878,Priya Deshmukh,55,7,False,2195.05,464.15,DEV-5878-A,,56
5879,Arthur Smith,86,3,True,1235.6,589.82,DEV-5879-A,+91 98765 71670,2060
5880,Priya Verma,24,6,False,1478.2,746.59,DEV-5880-A,,298
5881,Martha Williams,78,2,True,2295.76,473.13,DEV-5881-A,+91 98765 49929,417
5882,Devi Nair,64,10,False,3104.09,1630.5,DEV-5882-A,,2642
5883,Priya Rao,46,10,False,3607.19,2068.23,DEV-5883-A,,3219
5884,Meena Kumar,85,1,True,2961.5,1773.48,DEV-5884-A,+91 98765 40382,903
5885,Kavita Smith,62,9,False,346.84,127.06,DEV-5885-A,,1280
5886,Arthur Kumar,81,5,True,1707.99,915.6,DEV-5886-A,+91 98765 79520,1962
5887,Meena Williams,75,4,True,2585.52,917.58,DEV-5887-A,+91 98765 49329,2526
5888,Vikram Johnson,25,7,False,4838.14,1214.13,DEV-5888-A,,2782
5889,Ramesh Nair,25,8,False,1068.41,517.48,DEV-5889-A,,670
5890,Vikram Kumar,31,6,False,3302.9,1708.24,DEV-5890-A,,1652
5891,Priya Joshi,49,6,False,5715.92,1936.88,DEV-5891-A,,676
5892,Priya Nair,77,2,True,8451.93,3813.7,DEV-5892-A,+91 98765 77694,1970
5893,Martha Kumar,25,8,False,1822.57,536.03,DEV-5893-A,,3005
5894,Anish Rao,66,5,True,934.85,263.59,DEV-5894-A,+91 98765 44452,1963
5895,Kavita Nair,48,9,False,8188.52,3488.48,DEV-5895-A,,623
5896,Kavita Nair,57,6,False,1810.53,1013.97,DEV-5896-A,,3006
5897,Eleanor Joshi,76,3,True,685.04,348.15,DEV-5897-A,+91 98765 51333,1872
5898,Kavita Singhania,90,3,True,3740.63,1338.43,DEV-5898-A,+91 98765 83831,1641
5899,Martha Sharma,47,5,False,3479.26,727.79,DEV-5899-A,,3152
5900,George Sharma,27,4,False,1239.43,626.91,DEV-5900-A,,1704
5901,Eleanor Williams,24,7,False,2490.34,604.65,DEV-5901-A,,3328
5902,Ramesh Deshmukh,46,8,False,440.99,225.68,DEV-5902-A,,3171
5903,Anish Sharma,84,4,True,4515.51,1744.76,DEV-5903-A,+91 98765 36504,884
5904,Anish Gupta,57,6,False,1886.85,1071.66,DEV-5904-A,,3440
5905,Eleanor Sharma,49,8,False,1364.43,763.53,DEV-5905-A,,1348
5906,Martha Kumar,47,5,False,1499.73,880.89,DEV-5906-A,,1596
5907,Arthur Smith,31,8,False,770.21,228.86,DEV-5907-A,,2323
5908,Vikram Kumar,86,1,True,5751.76,1526.2,DEV-5908-A,+91 98765 38177,2559
5909,Devi Joshi,49,8,False,1530.51,311.77,DEV-5909-A,,1152
5910,Meena Patel,89,2,True,2430.33,531.52,DEV-5910-A,+91 98765 41868,687
5911,Arthur Taylor,52,6,False,795.59,237.13,DEV-5911-A,,1994
5912,Suresh Sharma,60,6,False,1960.44,804.98,DEV-5912-A,,3229
5913,George Taylor,72,4,True,1962.09,508.68,DEV-5913-A,+91 98765 73837,1053
5914,Anish Johnson,91,4,True,8518.97,3459.65,DEV-5914-A,+91 98765 86823,1566
5915,Sunita Patel,19,7,False,2762.38,653.72,DEV-5915-A,,259
5916,Arthur Gupta,19,7,False,1170.29,521.49,DEV-5916-A,,2233
5917,Eleanor Deshmukh,50,7,False,392.05,159.38,DEV-5917-A,,1194
5918,Meena Deshmukh,19,7,False,1711.71,958.66,DEV-5918-A,,580
5919,Rajesh Nair,66,3,True,3868.03,1474.69,DEV-5919-A,+91 98765 64234,3406
5920,Ramesh Joshi,32,8,False,2219.26,652.74,DEV-5920-A,,646
5921,Kavita Johnson,29,6,False,3949.46,1453.33,DEV-5921-A,,849
5922,Rajesh Deshmukh,42,8,False,2792.07,1216.2,DEV-5922-A,,1034
5923,Arthur Johnson,35,7,False,2731.29,1606.52,DEV-5923-A,,2268
5924,Anish Smith,55,8,False,2637.35,883.33,DEV-5924-A,,2205
5925,Kavita Taylor,88,3,True,2173.58,998.2,DEV-5925-A,+91 98765 12864,605
5926,Rajesh Joshi,54,8,False,2445.31,1078.91,DEV-5926-A,,3249
5927,Arthur Joshi,75,2,True,1005.6,374.35,DEV-5927-A,+91 98765 57347,3194
5928,Devi Taylor,62,8,False,819.78,293.18,DEV-5928-A,,909
5929,Priya Nair,73,3,True,1506.29,692.79,DEV-5929-A,+91 98765 71384,962
5930,Devi Nair,86,4,True,3054.02,1715.86,DEV-5930-A,+91 98765 53648,845
5931,Anish Gupta,62,8,False,1315.58,656.52,DEV-5931-A,,2502
5932,Aarav Verma,45,8,False,2498.68,1474.87,DEV-5932-A,,518
5933,Martha Singhania,87,2,True,432.42,105.43,DEV-5933-A,+91 98765 61944,3331
5934,Suresh Kumar,33,7,False,3577.02,1603.3,DEV-5934-A,,226
5935,Sunita Smith,61,6,False,2780.93,895.25,DEV-5935-A,,1559
5936,Aarav Johnson,46,7,False,4957.12,2734.88,DEV-5936-A,,1820
5937,Sunita Smith,40,6,False,3136.3,1596.15,DEV-5937-A,,3606
5938,Arthur Kumar,47,7,False,1171.56,422.83,DEV-5938-A,,2236
5939,Suresh Gupta,69,3,True,1146.3,557.57,DEV-5939-A,+91 98765 85342,1397
5940,Rajesh Taylor,60,6,False,2799.15,1217.19,DEV-5940-A,,339
5941,Rajesh Smith,86,5,True,6090.11,3012.02,DEV-5941-A,+91 98765 24723,2208
5942,Priya Kumar,39,8,False,2197.79,449.14,DEV-5942-A,,2133
5943,Rajesh Johnson,80,3,True,552.34,298.78,DEV-5943-A,+91 98765 71400,2528
5944,Vikram Kumar,75,5,True,1054.38,375.56,DEV-5944-A,+91 98765 19579,3172
5945,Martha Joshi,40,9,False,1263.66,506.19,DEV-5945-A,,1164
5946,Devi Deshmukh,74,2,True,8964.74,3430.37,DEV-5946-A,+91 98765 29949,2694
5947,Arthur Patel,75,4,True,1995.1,967.87,DEV-5947-A,+91 98765 33812,2683
5948,Arthur Deshmukh,53,5,False,1357.08,805.7,DEV-5948-A,,2191
5949,Martha Sharma,53,5,False,3765.15,1237.68,DEV-5949-A,,1674
5950,Kavita Sharma,39,7,False,8237.09,3353.1,DEV-5950-A,,2584
5951,George Sharma,56,7,False,2048.88,1046.46,DEV-5951-A,,64
5952,Lakshmi Nair,54,5,False,4701.19,1710.08,DEV-5952-A,,1779
5953,Ramesh Gupta,32,7,False,2512.21,1503.38,DEV-5953-A,,3534
5954,Lakshmi Johnson,49,7,False,535.61,115.61,DEV-5954-A,,2792
5955,Arthur Smith,83,4,True,3460.07,1536.03,DEV-5955-A,+91 98765 69998,2707
5956,Vikram Kumar,55,8,False,5592.66,3301.64,DEV-5956-A,,3394
5957,Eleanor Taylor,76,3,True,566.61,274.49,DEV-5957-A,+91 98765 85609,655
5958,Vikram Kumar,71,3,True,1720.16,505.89,DEV-5958-A,+91 98765 29435,874
5959,Kavita Verma,80,4,True,864.58,264.93,DEV-5959-A,+91 98765 23224,137
5960,Sunita Kumar,41,10,False,1916.9,634.34,DEV-5960-A,,551
5961,Eleanor Patel,63,7,False,2810.73,1011.05,DEV-5961-A,,1371
5962,Arthur Rao,68,3,True,959.52,237.4,DEV-5962-A,+91 98765 96267,885
5963,Vikram Gupta,47,5,False,2223.73,468.43,DEV-5963-A,,698
5964,Martha Gupta,66,4,True,726.88,271.78,DEV-5964-A,+91 98765 40537,919
5965,Eleanor Sharma,21,10,False,187.53,101.62,DEV-5965-A,,592
5966,Devi Patel,67,2,True,1367.33,523.36,DEV-5966-A,+91 98765 59166,134
5967,Devi Joshi,90,5,True,1962.78,928.74,DEV-5967-A,+91 98765 37339,1588
5968,Sunita Deshmukh,78,4,True,970.77,536.39,DEV-5968-A,+91 98765 67481,1665
5969,Vikram Rao,29,7,False,1715.65,878.95,DEV-5969-A,,3187
5970,George Johnson,36,4,False,5311.15,2103.14,DEV-5970-A,,3366
5971,Meena Patel,40,8,False,698.75,357.35,DEV-5971-A,,747
5972,Meena Verma,80,3,True,1367.91,413.0,DEV-5972-A,+91 98765 37477,522
5973,Suresh Taylor,45,7,False,3766.9,1050.31,DEV-5973-A,,2507
5974,Eleanor Taylor,28,9,False,1586.37,950.05,DEV-5974-A,,1327
5975,Martha Rao,72,3,True,2775.47,1549.2,DEV-5975-A,+91 98765 37568,401
5976,Eleanor Deshmukh,22,7,False,3118.18,1773.14,DEV-5976-A,,1075
5977,Meena Deshmukh,22,8,False,3725.13,2230.48,DEV-5977-A,,96
5978,Aarav Singhania,70,4,True,341.66,118.43,DEV-5978-A,+91 98765 65052,1669
5979,Meena Nair,30,6,False,1016.29,426.36,DEV-5979-A,,1506
5980,Kavita Joshi,83,3,True,1509.52,455.91,DEV-5980-A,+91 98765 18559,1808
5981,Kavita Rao,24,9,False,440.81,190.11,DEV-5981-A,,2902
5982,Rajesh Williams,53,9,False,818.97,434.54,DEV-5982-A,,2666
5983,George Deshmukh,40,7,False,1206.15,307.5,DEV-5983-A,,94
5984,Anish Taylor,48,7,False,688.85,198.67,DEV-5984-A,,2681
5985,Arthur Sharma,68,3,True,1267.05,339.31,DEV-5985-A,+91 98765 28446,3501
5986,Lakshmi Verma,18,8,False,3490.73,836.3,DEV-5986-A,,2342
5987,Aarav Verma,61,6,False,11943.23,4391.56,DEV-5987-A,,2154
5988,Ramesh Verma,81,2,True,571.83,189.65,DEV-5988-A,+91 98765 71579,3152
5989,Sunita Sharma,71,4,True,3505.09,2078.94,DEV-5989-A,+91 98765 88145,3316
5990,Vikram Joshi,18,9,False,3317.85,1881.65,DEV-5990-A,,3060
5991,Kavita Nair,81,3,True,1831.2,374.34,DEV-5991-A,+91 98765 90944,1729
5992,Priya Singhania,53,5,False,322.46,116.14,DEV-5992-A,,736
5993,Priya Smith,84,4,True,1334.58,748.89,DEV-5993-A,+91 98765 29841,3069
5994,Priya Nair,50,9,False,1403.97,678.38,DEV-5994-A,,3630
5995,Meena Kumar,39,7,False,1226.36,309.55,DEV-5995-A,,695
5996,Aarav Deshmukh,37,8,False,619.81,360.6,DEV-5996-A,,865
5997,Kavita Singhania,63,6,False,6436.28,2123.44,DEV-5997-A,,2591
5998,Eleanor Joshi,77,3,True,3697.57,752.92,DEV-5998-A,+91 98765 44757,2577
5999,Arthur Sharma,73,3,True,5548.39,2630.4,DEV-5999-A,+91 98765 13385,1388
6000,Aarav Deshmukh,84,3,True,22451.6,7100.65,DEV-6000-A,+91 98765 14485,3040
6001,Ramesh Singhania,37,7,False,5562.21,1476.27,DEV-6001-A,,220
6002,George Kumar,24,3,True,394.21,181.88,DEV-6002-A,+91 98765 88447,2989
6003,Priya Verma,48,7,False,713.42,401.45,DEV-6003-A,,440
6004,Aarav Nair,28,8,False,6833.17,3412.72,DEV-6004-A,,942
6005,Rajesh Singhania,27,7,False,2857.81,1539.87,DEV-6005-A,,301
6006,Meena Deshmukh,33,8,False,3201.71,1149.33,DEV-6006-A,,1932
6007,Martha Joshi,42,6,False,2239.46,1106.85,DEV-6007-A,,2228
6008,Devi Verma,20,8,False,778.0,186.2,DEV-6008-A,,3539
6009,Aarav Gupta,89,3,True,3852.91,2032.88,DEV-6009-A,+91 98765 72422,1953
6010,Anish Verma,81,4,True,1251.55,347.83,DEV-6010-A,+91 98765 52320,2718
6011,Eleanor Johnson,44,10,False,2641.82,560.22,DEV-6011-A,,2767
6012,Meena Deshmukh,36,5,False,4823.8,2460.19,DEV-6012-A,,2048
6013,Vikram Verma,60,6,False,1293.08,583.98,DEV-6013-A,,928
6014,Ramesh Kumar,47,6,False,842.04,270.48,DEV-6014-A,,614
6015,Lakshmi Williams,24,9,False,2256.28,970.62,DEV-6015-A,,366
6016,Meena Taylor,76,3,True,785.24,348.46,DEV-6016-A,+91 98765 62931,1186
6017,Meena Rao,62,9,False,3790.04,1745.59,DEV-6017-A,,956
6018,Anish Verma,24,9,False,3848.62,2299.13,DEV-6018-A,,3020
6019,Kavita Nair,63,7,False,8777.87,4802.98,DEV-6019-A,,2940
6020,Devi Williams,91,4,True,5206.14,1205.65,DEV-6020-A,+91 98765 87435,2159
6021,Anish Kumar,67,4,True,3251.31,812.25,DEV-6021-A,+91 98765 27263,1373
6022,Martha Nair,60,9,False,958.37,283.82,DEV-6022-A,,2738
6023,Ramesh Johnson,63,6,False,2283.97,1059.11,DEV-6023-A,,3046
6024,Sunita Taylor,85,2,True,4405.32,2467.78,DEV-6024-A,+91 98765 60466,2618
6025,Sunita Kumar,72,3,True,1014.17,339.67,DEV-6025-A,+91 98765 35938,776
6026,Aarav Verma,72,5,True,934.5,412.09,DEV-6026-A,+91 98765 93182,169
6027,Lakshmi Verma,89,3,True,3119.84,1526.95,DEV-6027-A,+91 98765 62004,1351
6028,Aarav Johnson,76,2,True,708.36,264.77,DEV-6028-A,+91 98765 73016,2011
6029,Eleanor Rao,28,10,False,1738.3,693.49,DEV-6029-A,,2605
6030,George Deshmukh,61,7,False,2912.06,1609.08,DEV-6030-A,,909
6031,Devi Johnson,26,7,False,2168.59,787.64,DEV-6031-A,,1106
6032,Devi Patel,38,4,False,3229.85,1469.34,DEV-6032-A,,3081
6033,Anish Williams,41,8,False,3895.31,1114.52,DEV-6033-A,,3177
6034,Arthur Nair,39,6,False,4235.88,1755.01,DEV-6034-A,,793
6035,Anish Nair,59,5,False,830.88,324.13,DEV-6035-A,,3335
6036,Suresh Kumar,31,7,False,1620.86,521.25,DEV-6036-A,,2278
6037,Devi Williams,38,7,False,2663.85,1371.76,DEV-6037-A,,425
6038,Arthur Kumar,20,5,False,2641.16,955.88,DEV-6038-A,,2156
6039,Anish Patel,52,9,False,3170.88,1874.49,DEV-6039-A,,3232
6040,Eleanor Singhania,74,4,True,798.95,403.72,DEV-6040-A,+91 98765 94186,134
6041,Ramesh Patel,67,2,True,3374.15,753.84,DEV-6041-A,+91 98765 39769,1903
6042,Meena Patel,43,7,False,2068.58,969.62,DEV-6042-A,,2284
6043,Kavita Verma,18,7,False,959.65,224.02,DEV-6043-A,,3607
6044,Eleanor Gupta,77,3,True,2829.41,840.31,DEV-6044-A,+91 98765 69318,1816
6045,Rajesh Joshi,51,6,False,920.33,374.02,DEV-6045-A,,2097
6046,Priya Singhania,67,3,True,1156.35,659.87,DEV-6046-A,+91 98765 76965,828
6047,Ramesh Joshi,45,4,False,2173.58,1122.24,DEV-6047-A,,2817
6048,Lakshmi Kumar,28,8,False,1036.48,387.08,DEV-6048-A,,98
6049,Vikram Taylor,31,9,False,3528.14,882.14,DEV-6049-A,,3079
6050,Eleanor Smith,35,6,False,640.28,323.58,DEV-6050-A,,2491
6051,Ramesh Johnson,65,6,False,1211.31,374.03,DEV-6051-A,,3552
6052,Sunita Kumar,27,6,False,1596.93,798.48,DEV-6052-A,,2213
6053,Eleanor Smith,72,2,True,2041.52,1135.15,DEV-6053-A,+91 98765 40202,2871
6054,Priya Nair,88,4,True,852.5,457.6,DEV-6054-A,+91 98765 30807,440
6055,Priya Williams,52,7,False,359.85,145.71,DEV-6055-A,,2628
6056,Lakshmi Joshi,43,7,False,2101.04,623.0,DEV-6056-A,,3106
6057,Ramesh Smith,55,6,False,2536.27,870.88,DEV-6057-A,,2527
6058,Martha Joshi,83,1,True,2373.14,591.18,DEV-6058-A,+91 98765 36502,1170
6059,Sunita Singhania,51,4,False,2855.5,1291.16,DEV-6059-A,,1244
6060,George Smith,22,7,False,722.31,162.32,DEV-6060-A,,1755
6061,Suresh Deshmukh,81,4,True,908.84,323.98,DEV-6061-A,+91 98765 52194,587
6062,Kavita Sharma,43,7,False,6472.27,3173.11,DEV-6062-A,,336
6063,Anish Taylor,50,9,False,2732.65,1210.35,DEV-6063-A,,2306
6064,Kavita Rao,57,9,False,400.43,93.9,DEV-6064-A,,3034
6065,Rajesh Sharma,41,9,False,1414.03,573.19,DEV-6065-A,,3123
6066,Martha Verma,67,3,True,1335.53,748.6,DEV-6066-A,+91 98765 28847,1999
6067,Priya Kumar,32,7,False,1246.51,600.53,DEV-6067-A,,3335
6068,Lakshmi Singhania,47,10,False,1240.61,374.36,DEV-6068-A,,3250
6069,Priya Williams,69,3,True,757.47,350.26,DEV-6069-A,+91 98765 64920,1631
6070,Vikram Rao,76,4,True,3679.77,1264.51,DEV-6070-A,+91 98765 55928,318
6071,Lakshmi Gupta,25,8,False,1371.34,744.55,DEV-6071-A,,605
6072,George Patel,87,3,True,953.58,438.14,DEV-6072-A,+91 98765 86798,2783
6073,Ramesh Rao,65,9,False,3063.45,1053.18,DEV-6073-A,,1846
6074,Ramesh Williams,29,6,False,1471.71,483.6,DEV-6074-A,,1158
6075,Arthur Sharma,58,6,False,1318.71,365.58,DEV-6075-A,,2638
6076,Meena Smith,89,1,True,2129.85,1142.24,DEV-6076-A,+91 98765 50784,2177
6077,Meena Kumar,43,7,False,2610.13,932.57,DEV-6077-A,,2604
6078,Suresh Rao,50,5,False,2457.33,887.94,DEV-6078-A,,2735
6079,Devi Gupta,89,5,True,2718.89,1033.03,DEV-6079-A,+91 98765 26366,2246
6080,Devi Verma,52,10,False,1112.4,601.35,DEV-6080-A,,318
6081,Arthur Gupta,50,4,False,1476.36,399.86,DEV-6081-A,,197
6082,George Joshi,86,4,True,1103.63,536.52,DEV-6082-A,+91 98765 43482,492
6083,Devi Singhania,72,3,True,2919.36,1632.45,DEV-6083-A,+91 98765 86674,719
6084,Suresh Kumar,28,9,False,2927.78,903.68,DEV-6084-A,,1222
6085,Lakshmi Smith,68,4,True,2674.43,869.6,DEV-6085-A,+91 98765 23506,392
6086,Eleanor Rao,62,9,False,894.86,344.69,DEV-6086-A,,3590
6087,Suresh Joshi,56,5,False,1433.1,388.67,DEV-6087-A,,2903
6088,Martha Singhania,23,9,False,2401.95,500.41,DEV-6088-A,,262
6089,Meena Joshi,22,10,False,1421.69,374.02,DEV-6089-A,,3183
6090,Anish Joshi,35,6,False,591.24,171.46,DEV-6090-A,,2995
6091,Anish Gupta,40,8,False,5908.55,1373.58,DEV-6091-A,,2652
6092,Arthur Singhania,59,8,False,1752.14,553.19,DEV-6092-A,,2761
6093,Anish Nair,66,2,True,3232.23,1814.22,DEV-6093-A,+91 98765 20891,82
6094,Meena Taylor,49,6,False,2557.85,775.34,DEV-6094-A,,3331
6095,Suresh Rao,55,7,False,360.34,125.98,DEV-6095-A,,2429
6096,Suresh Rao,59,7,False,1800.97,828.22,DEV-6096-A,,2451
6097,Martha Williams,45,6,False,1457.04,419.84,DEV-6097-A,,1118
6098,Meena Kumar,32,7,False,3173.04,688.0,DEV-6098-A,,3414
6099,Suresh Smith,26,7,False,985.53,270.67,DEV-6099-A,,2514
6100,George Johnson,50,9,False,1206.2,395.87,DEV-6100-A,,2155
6101,George Sharma,47,6,False,6945.56,3592.84,DEV-6101-A,,2494
6102,Meena Johnson,61,7,False,222.27,130.45,DEV-6102-A,,3463
6103,Meena Johnson,61,8,False,1755.67,577.69,DEV-6103-A,,418
6104,Meena Kumar,89,2,True,1670.1,921.58,DEV-6104-A,+91 98765 41275,1507
6105,Martha Joshi,34,7,False,818.84,222.93,DEV-6105-A,,1642
6106,Sunita Nair,68,3,True,1247.46,347.5,DEV-6106-A,+91 98765 94815,3258
6107,Devi Joshi,53,7,False,4291.33,958.24,DEV-6107-A,,1917
6108,Sunita Singhania,54,6,False,2290.67,524.76,DEV-6108-A,,3360
6109,Martha Williams,30,8,False,6021.85,2506.52,DEV-6109-A,,135
6110,Vikram Johnson,34,7,False,1714.01,507.78,DEV-6110-A,,770
6111,Aarav Williams,83,2,True,2144.84,829.89,DEV-6111-A,+91 98765 53117,434
6112,Kavita Singhania,87,4,True,1495.3,452.44,DEV-6112-A,+91 98765 13719,3016
6113,Devi Joshi,54,10,False,1507.09,303.21,DEV-6113-A,,1068
6114,Eleanor Joshi,34,6,False,1461.76,455.89,DEV-6114-A,,2827
6115,Eleanor Nair,38,7,False,1980.87,733.72,DEV-6115-A,,1048
6116,Anish Deshmukh,90,3,True,690.59,316.86,DEV-6116-A,+91 98765 16265,1359
6117,Devi Taylor,21,6,False,2284.12,584.99,DEV-6117-A,,2630
6118,Anish Kumar,28,7,False,2665.41,1231.88,DEV-6118-A,,3280
6119,Priya Rao,53,8,False,553.16,201.38,DEV-6119-A,,2317
6120,Arthur Taylor,27,6,False,2471.05,682.67,DEV-6120-A,,1673
6121,Eleanor Kumar,75,4,True,5786.95,2125.44,DEV-6121-A,+91 98765 32551,3489
6122,Suresh Joshi,43,9,False,3625.92,1465.18,DEV-6122-A,,394
6123,Arthur Nair,89,3,True,2777.43,1467.17,DEV-6123-A,+91 98765 90793,2234
6124,Lakshmi Nair,53,6,False,1834.26,787.98,DEV-6124-A,,3424
6125,Kavita Patel,82,4,True,3062.23,808.34,DEV-6125-A,+91 98765 21853,2649
6126,George Nair,41,6,False,759.75,328.07,DEV-6126-A,,2576
6127,Suresh Williams,41,4,False,8015.79,2522.14,DEV-6127-A,,792
6128,George Rao,24,5,False,2459.35,506.01,DEV-6128-A,,1114
6129,Suresh Nair,19,7,False,1898.61,1134.33,DEV-6129-A,,1410
6130,Devi Nair,29,6,False,2656.2,1105.08,DEV-6130-A,,3121
6131,Priya Verma,23,8,False,5773.58,1353.71,DEV-6131-A,,1352
6132,Aarav Patel,78,4,True,1942.83,1100.9,DEV-6132-A,+91 98765 34876,2413
6133,Kavita Smith,84,3,True,2323.27,686.03,DEV-6133-A,+91 98765 94188,2325
6134,Kavita Kumar,70,4,True,854.4,457.03,DEV-6134-A,+91 98765 83389,2234
6135,Priya Singhania,72,2,True,526.42,192.3,DEV-6135-A,+91 98765 91064,2879
6136,Rajesh Rao,49,7,False,666.08,269.3,DEV-6136-A,,412
6137,Rajesh Taylor,52,7,False,5249.71,1534.56,DEV-6137-A,,2479
6138,George Joshi,61,6,False,4119.86,1887.4,DEV-6138-A,,1108
6139,Ramesh Taylor,27,8,False,1467.75,828.58,DEV-6139-A,,1423
6140,Eleanor Singhania,55,8,False,2587.74,1509.74,DEV-6140-A,,574
6141,George Patel,49,4,False,5886.78,1346.85,DEV-6141-A,,3491
6142,Kavita Johnson,45,8,False,2855.9,1590.6,DEV-6142-A,,2365
6143,Rajesh Nair,21,6,False,1908.42,534.92,DEV-6143-A,,950
6144,Devi Joshi,82,5,True,1779.12,401.64,DEV-6144-A,+91 98765 15344,1037
6145,Ramesh Williams,44,6,False,2474.11,817.27,DEV-6145-A,,1151
6146,Aarav Deshmukh,22,7,False,1902.55,1009.91,DEV-6146-A,,949
6147,Lakshmi Rao,89,3,True,2008.32,865.33,DEV-6147-A,+91 98765 39600,1833
6148,Vikram Verma,51,9,False,1353.12,369.17,DEV-6148-A,,80
6149,Kavita Rao,21,9,False,778.19,410.22,DEV-6149-A,,115
6150,Suresh Joshi,33,8,False,2925.52,876.9,DEV-6150-A,,1827
6151,Martha Smith,20,6,False,1133.7,256.33,DEV-6151-A,,2287
6152,Vikram Singhania,66,4,True,1448.28,435.74,DEV-6152-A,+91 98765 34386,3503
6153,George Williams,47,8,False,2339.99,959.04,DEV-6153-A,,2387
6154,George Taylor,42,6,False,3363.56,779.57,DEV-6154-A,,1101
6155,Eleanor Kumar,46,10,False,6358.67,3633.45,DEV-6155-A,,3313
6156,Anish Singhania,36,6,False,461.65,158.24,DEV-6156-A,,1546
6157,Eleanor Rao,67,5,True,3158.28,1667.62,DEV-6157-A,+91 98765 51963,2243
6158,Eleanor Patel,84,3,True,1749.82,500.91,DEV-6158-A,+91 98765 27628,1347
6159,Lakshmi Kumar,65,9,False,2027.51,792.16,DEV-6159-A,,2234
6160,Ramesh Patel,72,3,True,2233.03,1139.82,DEV-6160-A,+91 98765 76512,2931
6161,Suresh Smith,22,8,False,7697.87,2669.55,DEV-6161-A,,1314
6162,Meena Kumar,20,7,False,283.62,80.71,DEV-6162-A,,3414
6163,Lakshmi Taylor,29,10,False,2223.36,658.04,DEV-6163-A,,1456
6164,Lakshmi Deshmukh,55,7,False,3823.34,2075.91,DEV-6164-A,,1132
6165,Sunita Deshmukh,85,6,True,1045.83,387.33,DEV-6165-A,+91 98765 91108,1823
6166,Suresh Johnson,39,6,False,982.81,588.17,DEV-6166-A,,1816
6167,Rajesh Verma,18,8,False,2378.5,1115.3,DEV-6167-A,,120
6168,Devi Smith,41,10,False,462.2,271.31,DEV-6168-A,,2693
6169,Sunita Nair,90,4,True,1577.99,506.21,DEV-6169-A,+91 98765 72472,3583
6170,Ramesh Patel,42,6,False,1190.96,551.12,DEV-6170-A,,2823
6171,Eleanor Patel,51,6,False,586.84,204.97,DEV-6171-A,,2974
6172,Anish Johnson,90,3,True,4161.39,2353.54,DEV-6172-A,+91 98765 43031,3010
6173,Aarav Taylor,40,7,False,1898.71,676.15,DEV-6173-A,,2478
6174,Suresh Singhania,62,5,False,873.9,375.48,DEV-6174-A,,2914
6175,Ramesh Singhania,90,4,True,1701.32,962.51,DEV-6175-A,+91 98765 38207,2740
6176,Devi Gupta,34,10,False,713.49,290.55,DEV-6176-A,,2235
6177,Kavita Nair,24,10,False,767.15,180.3,DEV-6177-A,,982
6178,Martha Verma,50,8,False,346.75,166.08,DEV-6178-A,,3168
6179,Arthur Joshi,39,7,False,995.98,438.88,DEV-6179-A,,57
6180,Sunita Taylor,18,7,False,1718.77,583.04,DEV-6180-A,,3120
6181,Eleanor Johnson,52,5,False,842.27,461.34,DEV-6181-A,,520
6182,Rajesh Johnson,27,8,False,1798.94,809.53,DEV-6182-A,,290
6183,Martha Taylor,66,3,True,1737.78,796.69,DEV-6183-A,+91 98765 31129,3030
6184,Vikram Rao,58,7,False,822.19,465.47,DEV-6184-A,,2493
6185,Priya Joshi,31,4,False,336.67,176.52,DEV-6185-A,,772
6186,Aarav Williams,75,2,True,5121.43,1171.86,DEV-6186-A,+91 98765 74877,3014
6187,Meena Nair,40,9,False,4149.94,2431.87,DEV-6187-A,,394
6188,Meena Singhania,47,8,False,10303.24,2681.39,DEV-6188-A,,2381
6189,George Kumar,47,8,False,1900.31,658.68,DEV-6189-A,,1699
6190,George Taylor,90,1,True,2228.54,616.56,DEV-6190-A,+91 98765 72181,597
6191,Arthur Verma,27,6,False,1752.22,662.37,DEV-6191-A,,422
6192,Kavita Nair,90,4,True,3310.76,819.75,DEV-6192-A,+91 98765 33253,2926
6193,Martha Gupta,48,8,False,1405.4,383.0,DEV-6193-A,,2076
6194,Rajesh Verma,47,8,False,14396.04,7660.1,DEV-6194-A,,1097
6195,George Rao,32,9,False,1189.89,489.32,DEV-6195-A,,958
6196,Eleanor Williams,43,7,False,2319.41,1258.55,DEV-6196-A,,2622
6197,Rajesh Nair,51,7,False,10267.18,5265.41,DEV-6197-A,,1880
6198,Meena Smith,64,7,False,2318.5,859.86,DEV-6198-A,,1085
6199,Aarav Johnson,36,9,False,1713.86,371.87,DEV-6199-A,,279
6200,Sunita Williams,89,2,True,1045.9,324.85,DEV-6200-A,+91 98765 58909,421
6201,Priya Sharma,21,6,False,1752.61,854.2,DEV-6201-A,,2197
6202,Aarav Sharma,42,7,False,592.05,349.02,DEV-6202-A,,1368
6203,George Gupta,64,9,False,1743.02,862.78,DEV-6203-A,,143
6204,Eleanor Joshi,82,4,True,1373.6,440.12,DEV-6204-A,+91 98765 19094,736
6205,Vikram Williams,86,3,True,1558.41,912.47,DEV-6205-A,+91 98765 91378,2070
6206,Priya Smith,27,7,False,561.37,335.38,DEV-6206-A,,924
6207,Eleanor Patel,49,10,False,2653.12,1558.22,DEV-6207-A,,3602
6208,Ramesh Johnson,72,2,True,802.92,191.94,DEV-6208-A,+91 98765 59042,2381
6209,Priya Deshmukh,59,6,False,993.76,551.78,DEV-6209-A,,2923
6210,Priya Smith,39,4,False,5093.5,1169.53,DEV-6210-A,,639
6211,Devi Sharma,41,8,False,1533.03,505.56,DEV-6211-A,,2578
6212,Sunita Smith,42,8,False,3320.23,1724.24,DEV-6212-A,,3280
6213,Meena Kumar,87,3,True,5203.36,2750.51,DEV-6213-A,+91 98765 50850,1223
6214,Meena Nair,50,6,False,762.17,220.68,DEV-6214-A,,2827
6215,Priya Johnson,27,9,False,2286.26,625.13,DEV-6215-A,,2153
6216,Priya Patel,83,2,True,1824.26,467.97,DEV-6216-A,+91 98765 75228,821
6217,Ramesh Johnson,37,7,False,1552.02,347.61,DEV-6217-A,,1411
6218,Devi Williams,33,6,False,971.57,461.22,DEV-6218-A,,2274
6219,George Kumar,79,4,True,1440.86,484.21,DEV-6219-A,+91 98765 68711,506
6220,Rajesh Nair,30,9,False,502.54,174.31,DEV-6220-A,,1038
6221,Eleanor Verma,62,8,False,799.22,270.92,DEV-6221-A,,1010
6222,Suresh Rao,47,10,False,2863.69,846.18,DEV-6222-A,,3282
6223,George Sharma,77,2,True,3365.14,1985.4,DEV-6223-A,+91 98765 56965,270
6224,Suresh Kumar,61,5,False,1581.77,653.73,DEV-6224-A,,3485
6225,Meena Joshi,28,4,False,553.1,269.9,DEV-6225-A,,2159
6226,Rajesh Williams,30,6,False,3971.42,1499.59,DEV-6226-A,,2712
6227,Arthur Smith,71,1,True,3914.9,1387.76,DEV-6227-A,+91 98765 83793,2385
6228,George Kumar,37,4,False,3907.03,1915.54,DEV-6228-A,,2267
6229,Vikram Gupta,55,6,False,935.26,269.9,DEV-6229-A,,1342
6230,Ramesh Deshmukh,43,9,False,26938.37,13517.93,DEV-6230-A,,3157
6231,Vikram Gupta,30,7,False,2574.45,824.08,DEV-6231-A,,2595
6232,Martha Singhania,63,6,False,4733.99,2361.02,DEV-6232-A,,1812
6233,George Patel,81,4,True,2940.44,1375.29,DEV-6233-A,+91 98765 74286,127
6234,Suresh Patel,70,3,True,2398.09,544.1,DEV-6234-A,+91 98765 52141,2328
6235,Suresh Johnson,47,7,False,1650.69,717.64,DEV-6235-A,,1622
6236,Kavita Deshmukh,38,8,False,2793.49,1028.5,DEV-6236-A,,3250
6237,Kavita Kumar,82,2,True,3862.71,1234.08,DEV-6237-A,+91 98765 99660,2892
6238,Sunita Smith,37,8,False,2531.61,840.21,DEV-6238-A,,3434
6239,Sunita Rao,56,7,False,731.95,438.82,DEV-6239-A,,395
6240,Kavita Johnson,28,8,False,5255.34,1425.39,DEV-6240-A,,3093
6241,Priya Williams,72,2,True,1300.54,479.93,DEV-6241-A,+91 98765 51111,3057
6242,Sunita Smith,23,6,False,598.65,323.72,DEV-6242-A,,144
6243,Sunita Gupta,73,5,True,1278.5,546.51,DEV-6243-A,+91 98765 60449,801
6244,Eleanor Smith,40,8,False,4507.97,2017.94,DEV-6244-A,,244
6245,Martha Taylor,57,6,False,6238.29,3416.28,DEV-6245-A,,2112
6246,Priya Smith,28,7,False,3424.63,856.2,DEV-6246-A,,1548
6247,Sunita Rao,56,9,False,1255.29,467.36,DEV-6247-A,,434
6248,Devi Verma,61,5,False,1063.91,377.92,DEV-6248-A,,937
6249,Arthur Patel,57,8,False,7831.34,4661.39,DEV-6249-A,,2954
6250,Vikram Deshmukh,63,7,False,1320.19,336.17,DEV-6250-A,,876
6251,Aarav Sharma,51,10,False,3089.76,1538.98,DEV-6251-A,,1592
6252,Vikram Taylor,89,2,True,947.9,256.62,DEV-6252-A,+91 98765 25247,1219
6253,Aarav Rao,53,5,False,2287.04,1108.66,DEV-6253-A,,2731
6254,Arthur Verma,67,3,True,1451.56,807.15,DEV-6254-A,+91 98765 61107,3415
6255,Lakshmi Nair,51,5,False,970.75,288.64,DEV-6255-A,,3461
6256,George Sharma,24,7,False,1772.38,908.44,DEV-6256-A,,668
6257,Ramesh Johnson,20,8,False,441.31,160.56,DEV-6257-A,,1038
6258,Anish Singhania,36,8,False,1073.24,632.77,DEV-6258-A,,2816
6259,Kavita Rao,40,7,False,6321.17,3245.52,DEV-6259-A,,3629
6260,Anish Singhania,64,7,False,5877.01,1899.75,DEV-6260-A,,2857
6261,Aarav Singhania,50,10,False,1876.09,514.87,DEV-6261-A,,3403
6262,Martha Singhania,60,10,False,958.53,283.57,DEV-6262-A,,1169
6263,Vikram Joshi,46,8,False,1443.44,570.42,DEV-6263-A,,3221
6264,Suresh Gupta,32,7,False,1483.29,424.01,DEV-6264-A,,2488
6265,Aarav Williams,91,1,True,2281.61,1056.55,DEV-6265-A,+91 98765 61834,201
6266,Devi Verma,35,6,False,3797.49,2260.64,DEV-6266-A,,2745
6267,Lakshmi Patel,57,9,False,941.79,435.13,DEV-6267-A,,2641
6268,Meena Patel,30,5,False,954.3,425.0,DEV-6268-A,,680
6269,Suresh Patel,40,5,False,1071.24,389.51,DEV-6269-A,,781
6270,Arthur Verma,30,7,False,3500.92,1229.34,DEV-6270-A,,3061
6271,Anish Williams,32,9,False,4158.24,1609.36,DEV-6271-A,,2958
6272,George Gupta,21,10,False,695.63,264.42,DEV-6272-A,,2226
6273,Kavita Gupta,38,7,False,951.69,501.88,DEV-6273-A,,3534
6274,Anish Patel,19,8,False,2139.92,614.2,DEV-6274-A,,3147
6275,Meena Singhania,29,6,False,3511.46,971.95,DEV-6275-A,,3400
6276,Vikram Patel,42,8,False,1449.36,648.41,DEV-6276-A,,2302
6277,Suresh Rao,44,8,False,1876.19,460.2,DEV-6277-A,,550
6278,Sunita Deshmukh,31,7,False,1452.64,535.2,DEV-6278-A,,1991
6279,Meena Patel,21,6,False,2161.94,482.57,DEV-6279-A,,966
6280,Sunita Joshi,49,7,False,2791.55,956.36,DEV-6280-A,,1619
6281,Priya Patel,91,1,True,2871.41,1017.47,DEV-6281-A,+91 98765 18834,1020
6282,Martha Johnson,30,3,True,2842.76,876.47,DEV-6282-A,+91 98765 58614,1824
6283,Ramesh Deshmukh,28,7,False,373.66,83.45,DEV-6283-A,,2475
6284,Sunita Williams,27,7,False,3036.91,684.46,DEV-6284-A,,2092
6285,Vikram Kumar,63,7,False,1702.08,851.01,DEV-6285-A,,891
6286,Arthur Sharma,60,6,False,2175.95,1067.77,DEV-6286-A,,2359
6287,Aarav Verma,26,8,False,1582.19,634.7,DEV-6287-A,,1428
6288,Anish Verma,89,3,True,894.0,201.12,DEV-6288-A,+91 98765 55890,1922
6289,Vikram Williams,58,8,False,920.98,244.6,DEV-6289-A,,261
6290,George Singhania,77,3,True,1725.65,421.29,DEV-6290-A,+91 98765 30066,1225
6291,Rajesh Rao,24,6,False,4337.39,2111.93,DEV-6291-A,,783
6292,Vikram Nair,30,4,False,1434.92,546.15,DEV-6292-A,,2725
6293,Devi Sharma,70,3,True,6516.47,3723.18,DEV-6293-A,+91 98765 67741,314
6294,Lakshmi Johnson,35,8,False,599.59,268.93,DEV-6294-A,,2194
6295,Kavita Smith,21,5,False,5409.13,2699.03,DEV-6295-A,,689
6296,Ramesh Smith,74,5,True,3224.71,966.1,DEV-6296-A,+91 98765 51622,262
6297,Meena Williams,48,6,False,1073.0,454.44,DEV-6297-A,,296
6298,Martha Smith,87,1,True,3612.32,1645.15,DEV-6298-A,+91 98765 80028,101
6299,Priya Taylor,58,5,False,2338.48,1061.26,DEV-6299-A,,1347
6300,Eleanor Sharma,45,7,False,1344.6,800.99,DEV-6300-A,,617
6301,Meena Williams,40,6,False,2361.92,730.85,DEV-6301-A,,987
6302,Aarav Singhania,54,9,False,2635.24,1175.65,DEV-6302-A,,44
6303,Sunita Joshi,56,7,False,3588.63,1041.08,DEV-6303-A,,1617
6304,Meena Joshi,28,9,False,1000.96,217.23,DEV-6304-A,,949
6305,Sunita Johnson,26,7,False,874.62,259.89,DEV-6305-A,,2264
6306,Rajesh Sharma,28,9,False,2727.16,907.77,DEV-6306-A,,2687
6307,Suresh Johnson,55,7,False,1331.42,312.53,DEV-6307-A,,2671
6308,George Gupta,82,4,True,12397.14,5052.94,DEV-6308-A,+91 98765 99864,2553
6309,George Deshmukh,42,10,False,1202.51,689.25,DEV-6309-A,,3094
6310,Lakshmi Williams,56,4,False,2237.13,1019.75,DEV-6310-A,,2039
6311,Anish Nair,46,7,False,1024.26,612.13,DEV-6311-A,,2637
6312,Devi Deshmukh,21,8,False,2671.54,1227.55,DEV-6312-A,,657
6313,Devi Smith,54,6,False,7152.58,1691.9,DEV-6313-A,,3632
6314,Eleanor Rao,88,5,True,977.7,403.32,DEV-6314-A,+91 98765 28927,1204
6315,Priya Singhania,21,7,False,7095.7,3154.38,DEV-6315-A,,1083
6316,Priya Nair,24,6,False,1971.94,824.16,DEV-6316-A,,3061
6317,Aarav Singhania,53,8,False,2992.35,897.17,DEV-6317-A,,3329
6318,Kavita Verma,81,5,True,5195.98,1390.41,DEV-6318-A,+91 98765 15577,1913
6319,Martha Taylor,78,3,True,2370.89,1290.83,DEV-6319-A,+91 98765 80975,3518
6320,Lakshmi Singhania,49,8,False,843.03,399.3,DEV-6320-A,,542
6321,Eleanor Rao,36,5,False,1368.01,379.78,DEV-6321-A,,1692
6322,Martha Singhania,43,7,False,1637.54,750.42,DEV-6322-A,,1916
6323,Devi Deshmukh,47,3,True,906.24,265.71,DEV-6323-A,+91 98765 60913,1928
6324,Eleanor Nair,42,10,False,10914.92,5508.7,DEV-6324-A,,1365
6325,George Verma,41,8,False,6801.46,3977.07,DEV-6325-A,,2992
6326,Vikram Rao,42,9,False,4913.18,1149.0,DEV-6326-A,,918
6327,Vikram Johnson,87,3,True,850.6,282.42,DEV-6327-A,+91 98765 35506,3608
6328,Eleanor Deshmukh,45,8,False,2142.51,820.64,DEV-6328-A,,2275
6329,Martha Nair,90,2,True,2321.79,640.82,DEV-6329-A,+91 98765 94410,1287
6330,Vikram Singhania,66,3,True,1076.34,279.08,DEV-6330-A,+91 98765 28524,1956
6331,Meena Smith,45,7,False,6646.92,1763.96,DEV-6331-A,,2701
6332,Devi Gupta,34,6,False,1552.82,673.51,DEV-6332-A,,3441
6333,Martha Sharma,57,7,False,1081.11,395.25,DEV-6333-A,,846
6334,Vikram Nair,39,4,False,3268.52,1198.12,DEV-6334-A,,2289
6335,Priya Williams,73,3,True,756.58,304.33,DEV-6335-A,+91 98765 60369,2149
6336,Martha Verma,37,8,False,7066.91,2762.77,DEV-6336-A,,1844
6337,Aarav Taylor,61,8,False,2326.39,466.29,DEV-6337-A,,875
6338,George Johnson,52,7,False,1666.47,687.9,DEV-6338-A,,2762
6339,Priya Gupta,68,5,True,881.26,348.88,DEV-6339-A,+91 98765 99211,2337
6340,Ramesh Williams,46,6,False,547.38,186.06,DEV-6340-A,,1676
6341,Vikram Verma,59,8,False,9057.56,3370.14,DEV-6341-A,,1714
6342,Arthur Deshmukh,27,9,False,1296.83,720.84,DEV-6342-A,,1036
6343,Ramesh Kumar,64,7,False,1263.13,374.38,DEV-6343-A,,2023
6344,Arthur Johnson,38,8,False,1068.16,490.76,DEV-6344-A,,3156
6345,Sunita Williams,57,5,False,3263.5,1233.14,DEV-6345-A,,427
6346,Rajesh Patel,58,9,False,2834.28,892.35,DEV-6346-A,,117
6347,Aarav Joshi,71,5,True,1058.14,404.51,DEV-6347-A,+91 98765 16914,1387
6348,Rajesh Nair,87,4,True,823.25,354.5,DEV-6348-A,+91 98765 56752,861
6349,Ramesh Rao,29,6,False,1311.55,775.62,DEV-6349-A,,1289
6350,Rajesh Nair,66,4,True,546.9,226.22,DEV-6350-A,+91 98765 91688,1322
6351,Devi Deshmukh,77,4,True,2756.95,784.64,DEV-6351-A,+91 98765 54383,2911
6352,Priya Gupta,59,9,False,2249.2,791.67,DEV-6352-A,,1272
6353,Meena Kumar,20,8,False,2088.46,1016.81,DEV-6353-A,,2331
6354,Priya Verma,55,5,False,3295.19,1790.16,DEV-6354-A,,698
6355,Martha Patel,48,9,False,2115.19,1082.5,DEV-6355-A,,2210
6356,Martha Verma,59,8,False,4941.46,1193.36,DEV-6356-A,,2330
6357,Suresh Taylor,35,5,False,1546.47,867.05,DEV-6357-A,,1181
6358,Lakshmi Patel,74,3,True,1611.82,850.44,DEV-6358-A,+91 98765 97014,630
6359,Devi Patel,73,3,True,2386.1,716.14,DEV-6359-A,+91 98765 15161,585
6360,George Deshmukh,69,4,True,1108.66,458.52,DEV-6360-A,+91 98765 59724,1983
6361,Priya Kumar,73,3,True,431.92,183.83,DEV-6361-A,+91 98765 12615,2430
6362,Eleanor Deshmukh,86,3,True,1678.3,875.98,DEV-6362-A,+91 98765 86662,2372
6363,Priya Deshmukh,67,4,True,5185.67,1543.42,DEV-6363-A,+91 98765 12602,2044
6364,Eleanor Nair,30,8,False,3069.97,875.81,DEV-6364-A,,378
6365,Eleanor Patel,57,5,False,1559.58,643.71,DEV-6365-A,,755
6366,Ramesh Johnson,36,7,False,869.95,379.34,DEV-6366-A,,1259
6367,George Verma,21,5,False,1115.75,236.83,DEV-6367-A,,484
6368,Vikram Williams,26,7,False,1422.48,741.61,DEV-6368-A,,1343
6369,Kavita Taylor,46,8,False,1080.84,373.74,DEV-6369-A,,3277
6370,Rajesh Nair,28,9,False,329.69,69.84,DEV-6370-A,,2499
6371,Suresh Sharma,58,9,False,3963.64,1789.73,DEV-6371-A,,2577
6372,Martha Verma,40,3,True,2950.77,1417.1,DEV-6372-A,+91 98765 57869,3516
6373,Anish Rao,55,7,False,1062.58,504.61,DEV-6373-A,,2132
6374,Anish Smith,41,10,False,1262.97,663.87,DEV-6374-A,,126
6375,Suresh Nair,50,8,False,1557.09,455.2,DEV-6375-A,,713
6376,Sunita Williams,34,8,False,1348.03,775.81,DEV-6376-A,,1008
6377,Kavita Gupta,32,6,False,2949.89,1735.29,DEV-6377-A,,1868
6378,Martha Nair,56,7,False,1349.53,684.28,DEV-6378-A,,195
6379,Anish Taylor,32,7,False,2285.92,1090.4,DEV-6379-A,,3141
6380,Devi Williams,32,7,False,3242.96,1769.89,DEV-6380-A,,358
6381,Arthur Smith,88,3,True,2272.9,985.31,DEV-6381-A,+91 98765 14112,565
6382,Aarav Taylor,41,5,False,4145.01,1224.25,DEV-6382-A,,2379
6383,Aarav Gupta,49,7,False,544.47,317.23,DEV-6383-A,,1589
6384,Vikram Deshmukh,77,4,True,1196.8,681.18,DEV-6384-A,+91 98765 59809,1620
6385,Sunita Taylor,87,2,True,3067.69,662.29,DEV-6385-A,+91 98765 98067,1137
6386,George Nair,27,7,False,2741.15,1485.69,DEV-6386-A,,1532
6387,Martha Singhania,48,6,False,512.49,231.77,DEV-6387-A,,2927
6388,Arthur Verma,29,6,False,5047.81,2660.07,DEV-6388-A,,1448
6389,Anish Smith,24,5,False,4082.96,2115.6,DEV-6389-A,,820
6390,Suresh Gupta,43,8,False,2109.07,439.22,DEV-6390-A,,1122
6391,Rajesh Deshmukh,18,8,False,4823.83,1530.08,DEV-6391-A,,2781
6392,Rajesh Kumar,49,9,False,1455.35,570.3,DEV-6392-A,,2758
6393,Arthur Joshi,55,6,False,3279.86,1575.25,DEV-6393-A,,2114
6394,Meena Sharma,79,2,True,714.69,423.04,DEV-6394-A,+91 98765 26846,3332
6395,Meena Rao,90,2,True,537.36,202.26,DEV-6395-A,+91 98765 19753,755
6396,Eleanor Patel,57,7,False,3146.23,1698.94,DEV-6396-A,,660
6397,Lakshmi Kumar,24,7,False,1126.57,252.2,DEV-6397-A,,387
6398,Rajesh Sharma,43,7,False,2471.15,1192.06,DEV-6398-A,,2991
6399,Aarav Taylor,37,7,False,1133.66,605.31,DEV-6399-A,,3335
6400,Arthur Joshi,44,8,False,2190.7,1130.13,DEV-6400-A,,2559
6401,Rajesh Verma,30,7,False,7306.61,3641.52,DEV-6401-A,,2416
6402,Devi Williams,49,7,False,788.81,313.04,DEV-6402-A,,3607
6403,Arthur Kumar,51,4,False,343.85,139.63,DEV-6403-A,,2753
6404,Meena Johnson,51,7,False,2558.85,795.76,DEV-6404-A,,529
6405,Sunita Taylor,52,9,False,5230.63,2270.63,DEV-6405-A,,598
6406,Vikram Taylor,29,7,False,1527.02,566.54,DEV-6406-A,,362
6407,Priya Patel,21,6,False,4236.08,2395.3,DEV-6407-A,,2971
6408,Rajesh Sharma,27,7,False,1038.95,286.39,DEV-6408-A,,1803
6409,Lakshmi Rao,86,3,True,1614.79,921.56,DEV-6409-A,+91 98765 16553,2966
6410,Rajesh Singhania,42,7,False,1144.97,457.08,DEV-6410-A,,1342
6411,Vikram Deshmukh,29,9,False,1637.54,899.09,DEV-6411-A,,3378
6412,Vikram Taylor,21,6,False,986.55,432.06,DEV-6412-A,,2058
6413,Priya Deshmukh,41,8,False,3346.61,803.8,DEV-6413-A,,1209
6414,Sunita Deshmukh,58,7,False,1211.44,328.48,DEV-6414-A,,787
6415,Aarav Patel,29,9,False,9112.22,2464.05,DEV-6415-A,,750
6416,Vikram Gupta,91,2,True,1579.13,391.98,DEV-6416-A,+91 98765 28860,3627
6417,Vikram Taylor,55,7,False,2395.41,1388.42,DEV-6417-A,,537
6418,Rajesh Rao,46,7,False,182.61,87.46,DEV-6418-A,,796
6419,Arthur Kumar,41,8,False,184.76,81.81,DEV-6419-A,,962
6420,Priya Singhania,35,6,False,208.14,98.82,DEV-6420-A,,2632
6421,Kavita Johnson,71,2,True,4895.25,2936.07,DEV-6421-A,+91 98765 64038,2105
6422,Kavita Rao,78,2,True,1098.47,357.67,DEV-6422-A,+91 98765 65905,1057
6423,Eleanor Taylor,47,8,False,2741.02,1481.52,DEV-6423-A,,1016
6424,Aarav Williams,35,5,False,3130.24,762.56,DEV-6424-A,,2829
6425,Anish Gupta,63,8,False,893.13,410.11,DEV-6425-A,,3119
6426,Priya Patel,74,3,True,1249.0,749.04,DEV-6426-A,+91 98765 18076,287
6427,Suresh Nair,78,4,True,4736.1,1746.26,DEV-6427-A,+91 98765 17917,2568
6428,Martha Patel,67,4,True,5521.21,2862.81,DEV-6428-A,+91 98765 98347,3161
6429,Devi Sharma,46,7,False,800.37,244.93,DEV-6429-A,,3078
6430,Rajesh Nair,42,7,False,1590.58,832.7,DEV-6430-A,,2439
6431,Eleanor Taylor,53,7,False,1460.15,462.26,DEV-6431-A,,2819
6432,Rajesh Johnson,48,8,False,1602.57,346.91,DEV-6432-A,,1104
6433,Arthur Deshmukh,63,7,False,633.08,137.65,DEV-6433-A,,1496
6434,Suresh Nair,50,7,False,802.74,327.87,DEV-6434-A,,2076
6435,Kavita Kumar,89,1,True,3854.78,1142.25,DEV-6435-A,+91 98765 74105,1313
6436,Vikram Rao,26,8,False,4267.16,1894.41,DEV-6436-A,,2435
6437,Priya Sharma,20,8,False,4967.19,2908.57,DEV-6437-A,,2859
6438,Eleanor Singhania,55,6,False,539.24,145.78,DEV-6438-A,,1934
6439,Devi Nair,66,2,True,3020.37,795.55,DEV-6439-A,+91 98765 62853,1929
6440,Devi Deshmukh,22,7,False,2169.08,732.42,DEV-6440-A,,655
6441,Ramesh Taylor,36,9,False,1068.06,585.55,DEV-6441-A,,3104
6442,George Singhania,29,5,False,5336.04,3160.06,DEV-6442-A,,130
6443,Ramesh Kumar,37,7,False,1496.48,389.52,DEV-6443-A,,1327
6444,George Joshi,20,9,False,3749.73,1440.94,DEV-6444-A,,2619
6445,Ramesh Singhania,62,10,False,3031.8,1329.99,DEV-6445-A,,1527
6446,Aarav Singhania,61,6,False,928.0,348.91,DEV-6446-A,,3271
6447,Priya Verma,46,6,False,4982.09,1320.26,DEV-6447-A,,2458
6448,Priya Rao,34,8,False,907.57,352.26,DEV-6448-A,,418
6449,Aarav Singhania,65,8,False,1540.63,914.22,DEV-6449-A,,1964
6450,Ramesh Gupta,61,7,False,4454.49,2556.2,DEV-6450-A,,1411
6451,Vikram Sharma,76,3,True,5973.18,1813.74,DEV-6451-A,+91 98765 75185,1636
6452,Priya Gupta,40,4,False,4934.33,1750.09,DEV-6452-A,,3428
6453,Anish Rao,81,3,True,4253.74,1315.12,DEV-6453-A,+91 98765 34896,2022
6454,Suresh Singhania,48,4,False,753.15,181.6,DEV-6454-A,,1812
6455,Priya Deshmukh,53,9,False,652.7,213.88,DEV-6455-A,,2757
6456,Sunita Nair,45,6,False,1818.37,757.34,DEV-6456-A,,464
6457,Rajesh Nair,80,4,True,4040.37,1033.47,DEV-6457-A,+91 98765 72482,2519
6458,Kavita Verma,60,8,False,5944.63,3311.75,DEV-6458-A,,993
6459,Suresh Kumar,35,8,False,1345.9,605.87,DEV-6459-A,,916
6460,Martha Deshmukh,18,8,False,1329.09,280.34,DEV-6460-A,,83
6461,Kavita Williams,18,8,False,1492.94,836.93,DEV-6461-A,,679
6462,Arthur Williams,51,4,False,2961.93,881.16,DEV-6462-A,,1302
6463,Martha Johnson,75,3,True,828.02,375.72,DEV-6463-A,+91 98765 25970,2483
6464,Ramesh Smith,24,10,False,3075.34,1528.44,DEV-6464-A,,1184
6465,Arthur Taylor,33,8,False,454.19,269.45,DEV-6465-A,,1559
6466,Ramesh Nair,32,7,False,1613.18,562.38,DEV-6466-A,,2345
6467,Suresh Patel,90,3,True,855.67,173.21,DEV-6467-A,+91 98765 12321,1861
6468,Eleanor Singhania,65,7,False,1461.72,489.39,DEV-6468-A,,1038
6469,Vikram Nair,71,3,True,1359.94,276.59,DEV-6469-A,+91 98765 40597,3601
6470,Arthur Williams,89,5,True,3078.3,1417.72,DEV-6470-A,+91 98765 72414,3252
6471,Anish Smith,27,5,False,2227.11,802.86,DEV-6471-A,,1425
6472,Arthur Taylor,54,5,False,2048.11,437.83,DEV-6472-A,,826
6473,Ramesh Nair,73,3,True,2145.56,538.46,DEV-6473-A,+91 98765 92926,2374
6474,Lakshmi Taylor,82,3,True,471.24,138.82,DEV-6474-A,+91 98765 87704,2526
6475,Lakshmi Joshi,58,7,False,1256.89,499.78,DEV-6475-A,,3387
6476,Lakshmi Deshmukh,57,8,False,2816.29,1083.4,DEV-6476-A,,2337
6477,Suresh Sharma,90,2,True,1653.34,987.15,DEV-6477-A,+91 98765 51085,2122
6478,Meena Singhania,19,4,False,2670.57,1072.02,DEV-6478-A,,3102
6479,Ramesh Johnson,54,8,False,522.42,262.48,DEV-6479-A,,1347
6480,Rajesh Smith,35,5,False,1009.91,533.46,DEV-6480-A,,2040
6481,Devi Johnson,66,3,True,1994.52,457.61,DEV-6481-A,+91 98765 44866,304
6482,Devi Singhania,25,7,False,674.05,396.59,DEV-6482-A,,3214
6483,Vikram Kumar,41,7,False,387.44,136.49,DEV-6483-A,,3183
6484,Anish Taylor,61,7,False,2338.89,1142.77,DEV-6484-A,,616
6485,Eleanor Joshi,23,6,False,10073.65,5583.95,DEV-6485-A,,3215
6486,Sunita Deshmukh,43,5,False,3219.63,977.96,DEV-6486-A,,1040
6487,Lakshmi Williams,42,5,False,917.52,201.73,DEV-6487-A,,42
6488,Arthur Nair,77,3,True,18045.14,7154.79,DEV-6488-A,+91 98765 91350,2006
6489,Ramesh Kumar,55,8,False,663.13,265.89,DEV-6489-A,,1147
6490,Arthur Deshmukh,39,8,False,3383.29,1209.34,DEV-6490-A,,1316
6491,Vikram Joshi,78,3,True,3487.68,997.41,DEV-6491-A,+91 98765 94651,800
6492,Meena Gupta,84,4,True,875.06,498.18,DEV-6492-A,+91 98765 17938,3042
6493,Vikram Smith,59,7,False,1099.23,644.64,DEV-6493-A,,3302
6494,Kavita Rao,50,6,False,693.82,150.87,DEV-6494-A,,3268
6495,George Singhania,83,5,True,2100.7,476.58,DEV-6495-A,+91 98765 11430,1251
6496,Anish Rao,21,8,False,2137.94,879.53,DEV-6496-A,,620
6497,Kavita Sharma,80,4,True,744.25,280.88,DEV-6497-A,+91 98765 13777,2699
6498,Martha Patel,36,5,False,332.43,187.56,DEV-6498-A,,1539
6499,Devi Kumar,24,7,False,439.01,210.42,DEV-6499-A,,634
6500,Devi Williams,58,5,False,2277.73,866.33,DEV-6500-A,,1594
6501,Priya Johnson,63,8,False,12262.77,2539.33,DEV-6501-A,,1849
6502,Arthur Patel,22,4,False,799.97,363.94,DEV-6502-A,,1150
6503,Devi Gupta,52,6,False,12690.2,3947.86,DEV-6503-A,,840
6504,Devi Gupta,87,3,True,374.73,91.26,DEV-6504-A,+91 98765 31351,2432
6505,Ramesh Nair,22,9,False,1247.75,383.99,DEV-6505-A,,99
6506,Meena Sharma,54,6,False,545.94,307.13,DEV-6506-A,,3584
6507,Arthur Smith,78,1,True,1955.56,542.23,DEV-6507-A,+91 98765 72534,1540
6508,Ramesh Nair,87,4,True,1167.47,405.8,DEV-6508-A,+91 98765 59155,2283
6509,Aarav Williams,90,1,True,651.39,296.37,DEV-6509-A,+91 98765 66919,2677
6510,Arthur Singhania,88,3,True,6290.05,3159.56,DEV-6510-A,+91 98765 33330,1367
6511,Sunita Williams,79,6,True,1451.24,602.16,DEV-6511-A,+91 98765 47081,1357
6512,Sunita Smith,54,7,False,3442.22,975.09,DEV-6512-A,,258
6513,Ramesh Deshmukh,47,7,False,559.08,313.87,DEV-6513-A,,291
6514,Rajesh Verma,57,7,False,2174.96,1218.74,DEV-6514-A,,650
6515,Meena Smith,56,7,False,1405.6,816.03,DEV-6515-A,,699
6516,Lakshmi Patel,23,8,False,2052.57,418.47,DEV-6516-A,,3121
6517,Eleanor Nair,58,4,False,1366.18,616.17,DEV-6517-A,,1415
6518,Rajesh Singhania,21,7,False,379.83,133.25,DEV-6518-A,,1437
6519,Rajesh Deshmukh,37,7,False,4268.74,2363.45,DEV-6519-A,,1670
6520,Sunita Smith,84,1,True,1056.07,252.72,DEV-6520-A,+91 98765 64572,2658
6521,George Taylor,48,7,False,3017.61,1409.3,DEV-6521-A,,664
6522,Rajesh Joshi,25,7,False,721.06,418.58,DEV-6522-A,,878
6523,Devi Verma,41,9,False,6737.17,3664.68,DEV-6523-A,,502
6524,Anish Rao,18,6,False,1094.05,634.53,DEV-6524-A,,1010
6525,Sunita Williams,27,7,False,1171.27,481.89,DEV-6525-A,,2829
6526,Aarav Sharma,77,3,True,3024.94,1730.26,DEV-6526-A,+91 98765 94266,3482
6527,Lakshmi Deshmukh,66,3,True,1610.48,752.06,DEV-6527-A,+91 98765 15556,202
6528,Lakshmi Kumar,44,6,False,6791.21,1668.42,DEV-6528-A,,982
6529,Ramesh Joshi,66,4,True,3390.5,988.83,DEV-6529-A,+91 98765 28045,2080
6530,Arthur Nair,88,5,True,631.11,349.02,DEV-6530-A,+91 98765 60793,3126
6531,George Sharma,91,3,True,5441.27,2663.4,DEV-6531-A,+91 98765 76879,3165
6532,Kavita Deshmukh,77,5,True,1565.64,615.39,DEV-6532-A,+91 98765 13081,2772
6533,Martha Smith,42,10,False,2295.67,1126.61,DEV-6533-A,,308
6534,Sunita Rao,41,8,False,2033.69,1200.95,DEV-6534-A,,2445
6535,Sunita Rao,32,8,False,801.27,293.16,DEV-6535-A,,970
6536,Suresh Sharma,19,9,False,1165.61,604.92,DEV-6536-A,,1461
6537,Rajesh Johnson,49,10,False,900.99,259.27,DEV-6537-A,,3641
6538,Eleanor Smith,51,7,False,1433.56,479.41,DEV-6538-A,,3425
6539,Priya Singhania,62,5,False,6104.29,1238.62,DEV-6539-A,,901
6540,Ramesh Smith,34,6,False,2117.4,514.65,DEV-6540-A,,60
6541,Kavita Gupta,59,6,False,4453.87,1763.15,DEV-6541-A,,2308
6542,Eleanor Smith,87,3,True,2329.22,1220.5,DEV-6542-A,+91 98765 60910,684
6543,Vikram Kumar,56,7,False,2577.01,1313.97,DEV-6543-A,,2518
6544,Anish Nair,70,5,True,1789.92,544.88,DEV-6544-A,+91 98765 35660,1369
6545,Anish Singhania,25,8,False,1658.25,663.79,DEV-6545-A,,518
6546,Kavita Deshmukh,59,6,False,2340.6,833.53,DEV-6546-A,,148
6547,Devi Johnson,65,6,False,1557.05,462.37,DEV-6547-A,,2698
6548,George Rao,42,5,False,2177.52,633.71,DEV-6548-A,,787
6549,Meena Sharma,71,3,True,2096.38,996.19,DEV-6549-A,+91 98765 60784,3325
6550,Meena Taylor,34,7,False,2750.62,1433.27,DEV-6550-A,,3610
6551,Vikram Rao,21,8,False,12589.4,3993.34,DEV-6551-A,,3141
6552,Kavita Joshi,34,10,False,3046.6,649.75,DEV-6552-A,,2855
6553,Vikram Johnson,54,7,False,1525.41,685.29,DEV-6553-A,,3379
6554,Kavita Nair,38,4,False,916.67,421.06,DEV-6554-A,,1929
6555,Sunita Williams,48,7,False,2328.94,1155.42,DEV-6555-A,,2594
6556,Lakshmi Johnson,34,10,False,2679.01,888.48,DEV-6556-A,,3485
6557,Anish Rao,48,8,False,821.59,417.68,DEV-6557-A,,2123
6558,Aarav Gupta,36,6,False,1676.87,494.38,DEV-6558-A,,80
6559,Vikram Joshi,71,1,True,2621.35,794.21,DEV-6559-A,+91 98765 33713,3554
6560,Arthur Rao,75,2,True,749.89,349.26,DEV-6560-A,+91 98765 75482,2978
6561,George Taylor,54,8,False,1680.84,483.89,DEV-6561-A,,1370
6562,Devi Singhania,68,3,True,758.84,416.03,DEV-6562-A,+91 98765 88880,3117
6563,Priya Deshmukh,47,8,False,2849.16,724.86,DEV-6563-A,,1996
6564,Kavita Kumar,65,7,False,3383.35,928.56,DEV-6564-A,,2762
6565,Lakshmi Patel,26,6,False,1439.49,583.51,DEV-6565-A,,2554
6566,Meena Sharma,22,7,False,555.91,216.56,DEV-6566-A,,3522
6567,Aarav Johnson,54,7,False,1898.72,440.97,DEV-6567-A,,234
6568,Aarav Gupta,21,6,False,1682.82,838.77,DEV-6568-A,,30
6569,Kavita Deshmukh,32,7,False,3212.21,1215.92,DEV-6569-A,,1592
6570,Priya Patel,71,4,True,6180.02,3547.69,DEV-6570-A,+91 98765 17017,1537
6571,Vikram Williams,45,6,False,4711.54,2522.27,DEV-6571-A,,811
6572,Martha Taylor,34,8,False,704.03,200.71,DEV-6572-A,,3619
6573,Eleanor Patel,32,9,False,706.08,392.41,DEV-6573-A,,1176
6574,Martha Williams,62,7,False,5012.98,1140.8,DEV-6574-A,,121
6575,Kavita Kumar,24,4,False,2940.49,847.53,DEV-6575-A,,173
6576,Meena Gupta,48,5,False,6323.84,3294.83,DEV-6576-A,,610
6577,Anish Deshmukh,68,4,True,610.66,331.09,DEV-6577-A,+91 98765 36825,522
6578,Aarav Deshmukh,55,6,False,5377.38,2345.59,DEV-6578-A,,745
6579,Aarav Patel,21,8,False,3306.61,907.4,DEV-6579-A,,382
6580,Lakshmi Deshmukh,20,7,False,4063.05,1241.45,DEV-6580-A,,3592
6581,Anish Gupta,54,10,False,840.26,330.66,DEV-6581-A,,122
6582,Suresh Patel,64,6,False,2488.39,825.58,DEV-6582-A,,3025
6583,Ramesh Rao,46,7,False,2440.71,860.2,DEV-6583-A,,296
6584,George Williams,60,8,False,1663.83,928.06,DEV-6584-A,,1575
6585,Aarav Sharma,51,6,False,2067.35,988.8,DEV-6585-A,,2067
6586,Martha Joshi,65,5,False,1107.27,626.75,DEV-6586-A,,1937
6587,Martha Verma,45,7,False,1931.77,706.31,DEV-6587-A,,84
6588,Sunita Williams,75,5,True,500.52,142.12,DEV-6588-A,+91 98765 18258,3182
6589,Anish Taylor,44,7,False,3297.08,1848.91,DEV-6589-A,,1183
6590,Suresh Rao,83,3,True,1237.01,554.58,DEV-6590-A,+91 98765 45033,129
6591,Anish Joshi,43,7,False,1259.27,474.56,DEV-6591-A,,800
6592,Lakshmi Taylor,69,2,True,1024.31,309.73,DEV-6592-A,+91 98765 68718,3349
6593,Aarav Williams,37,6,False,12480.97,4178.1,DEV-6593-A,,210
6594,Martha Smith,42,7,False,1701.43,498.86,DEV-6594-A,,2909
6595,Suresh Kumar,75,2,True,6897.92,2911.48,DEV-6595-A,+91 98765 40345,2960
6596,Sunita Gupta,34,8,False,3488.97,946.73,DEV-6596-A,,1521
6597,Rajesh Johnson,45,9,False,1265.93,677.35,DEV-6597-A,,1534
6598,Devi Joshi,24,9,False,2427.12,1248.7,DEV-6598-A,,1965
6599,Priya Nair,27,9,False,1930.76,632.15,DEV-6599-A,,2727
6600,Eleanor Taylor,45,6,False,3449.94,691.99,DEV-6600-A,,2286
6601,Ramesh Nair,33,5,False,3117.95,1789.38,DEV-6601-A,,3041
6602,Eleanor Singhania,51,3,True,580.41,276.88,DEV-6602-A,+91 98765 32801,2406
6603,George Nair,47,6,False,1633.65,672.65,DEV-6603-A,,1944
6604,Eleanor Kumar,59,8,False,1081.54,506.06,DEV-6604-A,,1227
6605,Ramesh Joshi,60,8,False,1687.86,522.69,DEV-6605-A,,2785
6606,Suresh Williams,55,9,False,916.63,200.85,DEV-6606-A,,2251
6607,Martha Nair,20,7,False,5187.69,1745.51,DEV-6607-A,,1798
6608,Rajesh Johnson,57,6,False,3017.22,827.24,DEV-6608-A,,1067
6609,Ramesh Nair,88,1,True,5627.82,2929.71,DEV-6609-A,+91 98765 57011,2673
6610,Devi Deshmukh,51,6,False,1069.62,383.72,DEV-6610-A,,3117
6611,Priya Sharma,79,2,True,2833.24,1253.27,DEV-6611-A,+91 98765 55017,2104
6612,Ramesh Johnson,42,7,False,887.38,419.92,DEV-6612-A,,1429
6613,Priya Joshi,62,7,False,11162.63,4552.0,DEV-6613-A,,3301
6614,Ramesh Joshi,59,9,False,5151.5,2239.76,DEV-6614-A,,3275
6615,Vikram Joshi,28,6,False,936.06,531.56,DEV-6615-A,,2869
6616,George Patel,70,1,True,2380.28,581.64,DEV-6616-A,+91 98765 64916,3637
6617,Meena Smith,82,3,True,5532.17,1823.33,DEV-6617-A,+91 98765 81302,201
6618,Meena Johnson,68,5,True,2775.99,637.73,DEV-6618-A,+91 98765 10529,1073
6619,Priya Taylor,38,5,False,682.39,273.63,DEV-6619-A,,958
6620,Arthur Deshmukh,36,4,False,903.96,446.66,DEV-6620-A,,508
6621,Arthur Taylor,56,5,False,2944.48,972.27,DEV-6621-A,,3456
6622,Eleanor Smith,19,7,False,1196.36,270.6,DEV-6622-A,,1647
6623,George Rao,56,7,False,1913.61,895.5,DEV-6623-A,,2393
6624,Eleanor Taylor,59,6,False,1456.87,528.78,DEV-6624-A,,1701
6625,Meena Rao,83,4,True,3721.04,1537.57,DEV-6625-A,+91 98765 93947,2667
6626,Devi Verma,81,2,True,1580.77,845.77,DEV-6626-A,+91 98765 34684,2963
6627,Aarav Kumar,36,9,False,6266.08,1905.35,DEV-6627-A,,2096
6628,Meena Deshmukh,67,5,True,2543.3,1274.8,DEV-6628-A,+91 98765 28920,325
6629,Kavita Rao,34,7,False,380.08,78.91,DEV-6629-A,,3125
6630,George Gupta,37,6,False,1715.98,429.87,DEV-6630-A,,3410
6631,Vikram Smith,47,8,False,2740.27,1146.87,DEV-6631-A,,2644
6632,Meena Joshi,48,5,False,1253.64,324.22,DEV-6632-A,,812
6633,Aarav Sharma,72,5,True,1571.47,756.87,DEV-6633-A,+91 98765 14076,1241
6634,Meena Rao,30,3,True,2771.25,1024.11,DEV-6634-A,+91 98765 34341,3420
6635,Rajesh Patel,53,6,False,484.47,221.32,DEV-6635-A,,1068
6636,Devi Patel,50,7,False,1517.96,596.09,DEV-6636-A,,1758
6637,Eleanor Williams,47,7,False,1947.94,1077.21,DEV-6637-A,,1680
6638,Aarav Taylor,61,6,False,1866.97,497.75,DEV-6638-A,,2477
6639,Kavita Nair,38,6,False,2786.93,1088.07,DEV-6639-A,,1618
6640,Eleanor Rao,48,10,False,1062.52,225.75,DEV-6640-A,,1274
6641,Martha Johnson,63,9,False,1716.9,903.33,DEV-6641-A,,2445
6642,Suresh Williams,32,7,False,1566.72,926.1,DEV-6642-A,,2548
6643,Sunita Williams,46,6,False,1229.68,387.32,DEV-6643-A,,2042
6644,Sunita Deshmukh,39,10,False,875.68,270.82,DEV-6644-A,,1339
6645,Eleanor Sharma,21,8,False,1360.13,543.16,DEV-6645-A,,1077
6646,Suresh Joshi,88,1,True,1850.4,513.16,DEV-6646-A,+91 98765 60299,3113
6647,Meena Singhania,64,10,False,3462.52,1738.36,DEV-6647-A,,2850
6648,Eleanor Williams,66,1,True,3177.63,1318.74,DEV-6648-A,+91 98765 74265,141
6649,George Sharma,57,7,False,740.81,247.6,DEV-6649-A,,2026
6650,Rajesh Deshmukh,40,6,False,769.31,429.12,DEV-6650-A,,1062
6651,Rajesh Patel,31,4,False,980.37,504.84,DEV-6651-A,,1035
6652,Meena Deshmukh,21,6,False,1112.31,664.25,DEV-6652-A,,1585
6653,Arthur Rao,54,6,False,1055.78,282.03,DEV-6653-A,,2502
6654,Suresh Sharma,26,7,False,5732.1,2593.68,DEV-6654-A,,1352
6655,Kavita Smith,39,5,False,2415.03,780.57,DEV-6655-A,,3213
6656,Devi Rao,60,8,False,782.9,423.47,DEV-6656-A,,2543
6657,Martha Patel,25,9,False,502.67,213.01,DEV-6657-A,,72
6658,Ramesh Johnson,24,8,False,1947.25,526.6,DEV-6658-A,,3563
6659,Aarav Smith,72,2,True,5835.35,1611.65,DEV-6659-A,+91 98765 68252,313
6660,Priya Deshmukh,75,1,True,4810.41,1816.09,DEV-6660-A,+91 98765 46010,2885
6661,George Kumar,76,2,True,1469.33,829.46,DEV-6661-A,+91 98765 80210,2707
6662,Sunita Gupta,43,5,False,1133.56,633.62,DEV-6662-A,,2428
6663,Meena Taylor,32,8,False,2318.75,496.13,DEV-6663-A,,2146
6664,Suresh Verma,76,5,True,817.92,285.42,DEV-6664-A,+91 98765 69208,1231
6665,Priya Sharma,64,6,False,2464.58,879.58,DEV-6665-A,,1219
6666,Arthur Singhania,75,3,True,1404.59,560.58,DEV-6666-A,+91 98765 24375,2843
6667,Ramesh Joshi,41,5,False,4999.99,1694.57,DEV-6667-A,,344
6668,Vikram Deshmukh,67,2,True,1093.15,571.78,DEV-6668-A,+91 98765 73733,1050
6669,Aarav Singhania,74,7,True,1412.42,675.75,DEV-6669-A,+91 98765 95704,753
6670,George Sharma,50,7,False,757.13,419.71,DEV-6670-A,,1268
6671,Priya Rao,63,6,False,3415.99,1054.85,DEV-6671-A,,1422
6672,Suresh Rao,78,5,True,965.97,250.28,DEV-6672-A,+91 98765 68283,3341
6673,Meena Patel,69,1,True,2408.35,958.05,DEV-6673-A,+91 98765 31552,600
6674,Ramesh Taylor,64,5,False,2159.53,1082.34,DEV-6674-A,,2508
6675,Aarav Deshmukh,37,7,False,437.88,206.0,DEV-6675-A,,2062
6676,Eleanor Kumar,85,3,True,787.57,178.62,DEV-6676-A,+91 98765 66357,114
6677,Eleanor Williams,69,5,True,1259.5,414.22,DEV-6677-A,+91 98765 81235,465
6678,Martha Deshmukh,77,4,True,1887.03,436.9,DEV-6678-A,+91 98765 14395,1172
6679,Martha Smith,51,8,False,5564.15,1164.45,DEV-6679-A,,2905
6680,Martha Patel,89,2,True,929.06,366.29,DEV-6680-A,+91 98765 18542,387
6681,Anish Williams,53,6,False,5469.6,2056.48,DEV-6681-A,,1494
6682,Suresh Singhania,52,8,False,1546.88,836.09,DEV-6682-A,,2107
6683,Lakshmi Verma,47,6,False,1200.44,313.25,DEV-6683-A,,525
6684,Aarav Verma,29,8,False,5211.71,3035.5,DEV-6684-A,,383
6685,Priya Williams,32,8,False,1789.53,949.48,DEV-6685-A,,834
6686,Devi Williams,67,4,True,1060.14,359.42,DEV-6686-A,+91 98765 81554,1559
6687,Anish Deshmukh,52,9,False,6154.05,3019.23,DEV-6687-A,,303
6688,Priya Johnson,61,7,False,991.89,461.83,DEV-6688-A,,1722
6689,Meena Smith,37,6,False,1340.76,492.66,DEV-6689-A,,192
6690,Lakshmi Rao,90,3,True,425.6,211.65,DEV-6690-A,+91 98765 29318,1260
6691,Ramesh Taylor,18,7,False,3495.85,1914.49,DEV-6691-A,,2903
6692,George Sharma,20,6,False,907.12,306.77,DEV-6692-A,,1553
6693,Sunita Smith,78,3,True,1527.89,781.41,DEV-6693-A,+91 98765 11594,491
6694,Anish Johnson,50,8,False,680.33,178.59,DEV-6694-A,,2203
6695,Aarav Gupta,30,7,False,3740.69,1553.94,DEV-6695-A,,3636
6696,Ramesh Nair,91,1,True,5214.69,2940.16,DEV-6696-A,+91 98765 41939,3554
6697,Suresh Kumar,33,7,False,977.13,232.89,DEV-6697-A,,904
6698,Vikram Williams,42,9,False,305.18,182.09,DEV-6698-A,,1974
6699,Suresh Deshmukh,32,6,False,1397.37,619.1,DEV-6699-A,,907
6700,Meena Verma,67,1,True,1648.45,739.09,DEV-6700-A,+91 98765 60837,2295
6701,Rajesh Verma,52,6,False,700.96,262.21,DEV-6701-A,,2762
6702,Ramesh Joshi,90,4,True,3141.26,1745.0,DEV-6702-A,+91 98765 76829,625
6703,Rajesh Deshmukh,67,5,True,1432.47,620.72,DEV-6703-A,+91 98765 77290,327
6704,Priya Rao,29,5,False,737.1,224.48,DEV-6704-A,,2597
6705,Martha Joshi,40,9,False,1880.19,934.1,DEV-6705-A,,2592
6706,Eleanor Rao,76,3,True,3898.72,1319.37,DEV-6706-A,+91 98765 44402,1694
6707,Sunita Kumar,21,6,False,5542.74,3212.09,DEV-6707-A,,1798
6708,Sunita Joshi,45,6,False,3560.36,1138.02,DEV-6708-A,,1342
6709,George Sharma,56,7,False,1985.29,1140.6,DEV-6709-A,,818
6710,Eleanor Singhania,72,3,True,5474.02,1941.18,DEV-6710-A,+91 98765 68959,2513
6711,Lakshmi Taylor,30,6,False,4121.35,1228.46,DEV-6711-A,,551
6712,Suresh Johnson,90,2,True,417.35,222.36,DEV-6712-A,+91 98765 76787,1695
6713,Priya Rao,23,8,False,1617.54,775.81,DEV-6713-A,,2483
6714,Kavita Deshmukh,69,3,True,569.9,197.9,DEV-6714-A,+91 98765 19837,1802
6715,Aarav Singhania,44,7,False,1067.46,572.56,DEV-6715-A,,301
6716,Rajesh Taylor,27,10,False,2877.55,839.71,DEV-6716-A,,3212
6717,Ramesh Kumar,51,7,False,3660.93,962.57,DEV-6717-A,,2657
6718,Sunita Nair,58,6,False,1917.35,452.95,DEV-6718-A,,1166
6719,George Gupta,28,6,False,1103.58,421.17,DEV-6719-A,,1932
6720,Arthur Gupta,42,7,False,3641.29,2004.38,DEV-6720-A,,3455
6721,Arthur Gupta,52,7,False,895.89,473.76,DEV-6721-A,,3533
6722,Suresh Smith,30,7,False,1081.39,384.5,DEV-6722-A,,2027
6723,George Kumar,37,6,False,1135.64,537.06,DEV-6723-A,,3598
6724,Ramesh Deshmukh,42,8,False,10443.22,4382.2,DEV-6724-A,,1410
6725,Rajesh Taylor,34,6,False,1836.69,684.53,DEV-6725-A,,2035
6726,Arthur Smith,55,6,False,993.76,286.02,DEV-6726-A,,2147
6727,Rajesh Gupta,22,6,False,334.11,154.1,DEV-6727-A,,2606
6728,Anish Gupta,59,8,False,619.74,343.88,DEV-6728-A,,3612
6729,Kavita Johnson,58,8,False,1738.04,611.49,DEV-6729-A,,2133
6730,Lakshmi Nair,68,3,True,2982.39,621.89,DEV-6730-A,+91 98765 52488,1010
6731,Vikram Nair,19,7,False,2829.83,686.73,DEV-6731-A,,1284
6732,Vikram Joshi,21,8,False,2751.48,682.94,DEV-6732-A,,1402
6733,Martha Gupta,37,7,False,6056.89,3528.95,DEV-6733-A,,1110
6734,Martha Williams,49,7,False,9200.2,5310.23,DEV-6734-A,,2729
6735,Vikram Kumar,43,6,False,737.78,399.22,DEV-6735-A,,2541
6736,Ramesh Kumar,50,8,False,340.66,86.29,DEV-6736-A,,3183
6737,Kavita Rao,18,8,False,531.08,257.4,DEV-6737-A,,2844
6738,Eleanor Taylor,76,3,True,3235.06,1605.26,DEV-6738-A,+91 98765 81142,2294
6739,Arthur Rao,22,5,False,1472.98,463.65,DEV-6739-A,,3298
6740,Devi Johnson,59,8,False,359.61,131.24,DEV-6740-A,,2160
6741,Priya Patel,28,7,False,1143.48,592.65,DEV-6741-A,,2997
6742,Kavita Williams,39,9,False,1287.53,372.15,DEV-6742-A,,1041
6743,Vikram Johnson,25,10,False,1832.74,806.15,DEV-6743-A,,3265
6744,Arthur Verma,65,7,False,1077.17,318.23,DEV-6744-A,,2682
6745,Suresh Nair,69,3,True,3062.77,729.21,DEV-6745-A,+91 98765 42195,1634
6746,Suresh Taylor,34,7,False,1043.82,433.48,DEV-6746-A,,1138
6747,Devi Smith,89,1,True,1224.18,326.51,DEV-6747-A,+91 98765 54747,629
6748,Anish Johnson,29,8,False,1030.96,231.36,DEV-6748-A,,325
6749,Anish Patel,91,6,True,5477.72,1879.0,DEV-6749-A,+91 98765 59356,3360
6750,George Sharma,63,4,False,1378.49,421.89,DEV-6750-A,,302
6751,Vikram Kumar,85,2,True,449.08,152.75,DEV-6751-A,+91 98765 43398,2057
6752,Devi Smith,23,6,False,1210.94,578.18,DEV-6752-A,,2420
6753,Anish Smith,44,8,False,3884.73,1075.37,DEV-6753-A,,2354
6754,Martha Rao,54,8,False,5316.54,2339.31,DEV-6754-A,,1118
6755,Sunita Singhania,68,3,True,1805.31,557.95,DEV-6755-A,+91 98765 92327,2035
6756,Meena Deshmukh,54,8,False,1225.93,480.84,DEV-6756-A,,1820
6757,George Nair,59,7,False,2029.97,1000.42,DEV-6757-A,,519
6758,Ramesh Verma,27,8,False,4097.96,1818.59,DEV-6758-A,,533
6759,Eleanor Kumar,84,2,True,961.24,389.57,DEV-6759-A,+91 98765 17143,198
6760,Rajesh Gupta,69,5,True,939.54,357.97,DEV-6760-A,+91 98765 24085,2276
6761,Anish Verma,57,6,False,2575.28,1231.37,DEV-6761-A,,3240
6762,Meena Taylor,72,1,True,1143.76,234.95,DEV-6762-A,+91 98765 65478,869
6763,Sunita Williams,73,2,True,598.81,200.24,DEV-6763-A,+91 98765 84261,275
6764,Aarav Patel,50,8,False,3280.76,1171.32,DEV-6764-A,,1412
6765,Anish Gupta,61,6,False,4195.35,1001.21,DEV-6765-A,,1790
6766,Lakshmi Rao,82,4,True,5318.39,1188.98,DEV-6766-A,+91 98765 38893,2562
6767,Anish Smith,75,4,True,2154.5,1270.78,DEV-6767-A,+91 98765 56340,3473
6768,Lakshmi Verma,88,2,True,3255.17,1445.38,DEV-6768-A,+91 98765 13008,2297
6769,Arthur Kumar,20,6,False,2237.93,815.22,DEV-6769-A,,930
6770,Priya Kumar,75,2,True,1660.86,779.61,DEV-6770-A,+91 98765 60236,862
6771,Aarav Verma,89,2,True,3075.73,1052.19,DEV-6771-A,+91 98765 21950,2369
6772,Anish Kumar,89,3,True,556.04,200.28,DEV-6772-A,+91 98765 73734,540
6773,Meena Rao,70,3,True,3612.05,1676.56,DEV-6773-A,+91 98765 63267,935
6774,Lakshmi Deshmukh,53,6,False,853.96,354.78,DEV-6774-A,,2526
6775,Priya Verma,27,7,False,1036.66,256.3,DEV-6775-A,,932
6776,Anish Patel,48,9,False,1033.4,600.61,DEV-6776-A,,42
6777,Lakshmi Williams,69,2,True,267.86,98.74,DEV-6777-A,+91 98765 50434,1812
6778,George Deshmukh,36,7,False,3214.75,1386.97,DEV-6778-A,,904
6779,Lakshmi Patel,33,8,False,3107.45,989.8,DEV-6779-A,,3500
6780,Rajesh Singhania,62,8,False,7421.44,3267.21,DEV-6780-A,,2948
6781,Devi Deshmukh,55,7,False,1126.1,436.83,DEV-6781-A,,645
6782,George Joshi,46,6,False,1371.84,293.76,DEV-6782-A,,2549
6783,George Sharma,35,6,False,2372.4,1045.61,DEV-6783-A,,2247
6784,Anish Rao,90,4,True,1241.77,743.86,DEV-6784-A,+91 98765 98252,2043
6785,Martha Kumar,56,9,False,690.19,371.28,DEV-6785-A,,3614
6786,Arthur Nair,29,4,False,1208.22,378.59,DEV-6786-A,,114
6787,Suresh Smith,79,1,True,889.03,392.42,DEV-6787-A,+91 98765 90692,1618
6788,Devi Johnson,32,7,False,518.44,188.56,DEV-6788-A,,871
6789,Eleanor Verma,37,7,False,1056.28,556.28,DEV-6789-A,,2911
6790,Rajesh Johnson,78,4,True,583.67,316.55,DEV-6790-A,+91 98765 99558,1576
6791,Priya Kumar,44,6,False,943.09,256.69,DEV-6791-A,,1684
6792,Vikram Rao,30,7,False,1135.45,483.35,DEV-6792-A,,1317
6793,Eleanor Singhania,43,8,False,2037.07,546.14,DEV-6793-A,,1152
6794,Lakshmi Taylor,25,7,False,1396.65,467.95,DEV-6794-A,,1220
6795,Lakshmi Singhania,45,9,False,1838.52,656.07,DEV-6795-A,,2489
6796,Suresh Sharma,39,7,False,2270.2,665.41,DEV-6796-A,,2841
6797,Lakshmi Williams,38,6,False,386.24,106.15,DEV-6797-A,,2887
6798,Rajesh Deshmukh,29,9,False,1260.74,675.87,DEV-6798-A,,2950
6799,Aarav Singhania,90,3,True,6493.97,2149.97,DEV-6799-A,+91 98765 84928,1443
6800,Eleanor Singhania,31,6,False,473.59,128.28,DEV-6800-A,,113
6801,Suresh Singhania,88,3,True,4585.77,2274.21,DEV-6801-A,+91 98765 68369,1767
6802,Rajesh Singhania,61,6,False,732.64,296.9,DEV-6802-A,,1074
6803,Eleanor Rao,59,5,False,14021.07,5289.6,DEV-6803-A,,1132
6804,Eleanor Gupta,50,9,False,284.78,158.11,DEV-6804-A,,1990
6805,Priya Verma,58,8,False,6278.41,2870.53,DEV-6805-A,,927
6806,Vikram Joshi,55,7,False,1298.69,314.34,DEV-6806-A,,178
6807,George Nair,24,6,False,5425.79,2823.88,DEV-6807-A,,226
6808,Lakshmi Patel,35,6,False,922.0,411.63,DEV-6808-A,,2926
6809,Priya Patel,75,1,True,913.19,538.26,DEV-6809-A,+91 98765 90668,2878
6810,Sunita Gupta,25,3,True,1338.86,320.32,DEV-6810-A,+91 98765 20388,2181
6811,Anish Deshmukh,35,9,False,2516.04,1028.11,DEV-6811-A,,640
6812,Kavita Verma,56,8,False,2247.55,532.0,DEV-6812-A,,3546
6813,Martha Gupta,39,7,False,1554.23,898.99,DEV-6813-A,,3597
6814,Priya Rao,46,7,False,1195.66,538.17,DEV-6814-A,,1707
6815,Kavita Verma,23,6,False,1284.98,567.7,DEV-6815-A,,2162
6816,Rajesh Rao,48,5,False,959.0,277.13,DEV-6816-A,,3600
6817,Rajesh Johnson,28,8,False,1475.11,673.76,DEV-6817-A,,243
6818,Priya Gupta,41,7,False,2531.12,736.96,DEV-6818-A,,2274
6819,Suresh Singhania,59,7,False,3487.7,1720.99,DEV-6819-A,,717
6820,Lakshmi Sharma,89,2,True,2310.75,688.2,DEV-6820-A,+91 98765 35609,2498
6821,Rajesh Patel,56,5,False,290.67,139.71,DEV-6821-A,,3195
6822,Meena Gupta,51,6,False,1549.75,679.69,DEV-6822-A,,3377
6823,Priya Smith,79,2,True,6130.59,1539.33,DEV-6823-A,+91 98765 26270,3221
6824,Devi Smith,75,3,True,2900.66,1425.55,DEV-6824-A,+91 98765 58356,2992
6825,Priya Verma,44,9,False,1820.35,424.81,DEV-6825-A,,2215
6826,Priya Rao,52,6,False,729.01,333.72,DEV-6826-A,,3253
6827,Aarav Nair,19,5,False,3137.34,1467.63,DEV-6827-A,,3533
6828,Priya Kumar,27,8,False,5144.29,3027.4,DEV-6828-A,,1145
6829,Aarav Smith,83,4,True,6804.33,1435.52,DEV-6829-A,+91 98765 76127,262
6830,George Verma,25,8,False,2067.67,1163.27,DEV-6830-A,,714
6831,Sunita Deshmukh,27,6,False,1643.28,637.11,DEV-6831-A,,668
6832,Ramesh Rao,69,3,True,5889.81,1403.82,DEV-6832-A,+91 98765 89818,3447
6833,Eleanor Johnson,42,9,False,932.62,460.18,DEV-6833-A,,3237
6834,Anish Deshmukh,83,3,True,260.92,100.96,DEV-6834-A,+91 98765 42216,1893
6835,Priya Taylor,85,4,True,2698.99,683.49,DEV-6835-A,+91 98765 24401,2952
6836,Lakshmi Verma,72,3,True,1731.19,387.85,DEV-6836-A,+91 98765 93903,2512
6837,Sunita Patel,62,8,False,1390.93,686.72,DEV-6837-A,,1575
6838,Ramesh Sharma,19,6,False,2910.82,1074.19,DEV-6838-A,,1206
6839,Devi Smith,58,7,False,4234.92,2216.54,DEV-6839-A,,3302
6840,Suresh Williams,72,3,True,215.64,103.55,DEV-6840-A,+91 98765 61775,2284
6841,George Smith,20,7,False,2437.64,730.72,DEV-6841-A,,1941
6842,Eleanor Kumar,90,4,True,991.51,379.3,DEV-6842-A,+91 98765 89366,2395
6843,George Kumar,67,2,True,1015.75,243.72,DEV-6843-A,+91 98765 42955,2174
6844,Martha Verma,79,4,True,752.35,397.31,DEV-6844-A,+91 98765 75949,3544
6845,Suresh Verma,82,4,True,947.61,465.79,DEV-6845-A,+91 98765 14773,877
6846,Rajesh Johnson,18,7,False,533.94,196.5,DEV-6846-A,,1535
6847,Kavita Patel,84,4,True,1566.92,601.34,DEV-6847-A,+91 98765 89219,1719
6848,George Singhania,88,4,True,2771.18,670.49,DEV-6848-A,+91 98765 49258,1560
6849,Aarav Nair,55,6,False,974.8,438.1,DEV-6849-A,,2025
6850,Vikram Kumar,66,3,True,1153.18,491.4,DEV-6850-A,+91 98765 12102,912
6851,Martha Kumar,23,10,False,1816.64,402.01,DEV-6851-A,,2645
6852,Ramesh Deshmukh,70,4,True,2254.16,647.45,DEV-6852-A,+91 98765 87388,3267
6853,Ramesh Williams,76,3,True,930.16,260.25,DEV-6853-A,+91 98765 49580,1653
6854,Lakshmi Verma,80,3,True,822.08,382.69,DEV-6854-A,+91 98765 12146,960
6855,Devi Gupta,86,3,True,2468.83,499.37,DEV-6855-A,+91 98765 73802,1665
6856,Devi Taylor,41,7,False,38001.23,16771.32,DEV-6856-A,,1935
6857,Eleanor Rao,88,4,True,1191.53,631.18,DEV-6857-A,+91 98765 70725,564
6858,Martha Sharma,35,8,False,4691.0,1826.72,DEV-6858-A,,1035
6859,Ramesh Williams,31,7,False,3217.15,860.9,DEV-6859-A,,444
6860,Kavita Nair,65,8,False,2337.85,675.96,DEV-6860-A,,247
6861,Eleanor Deshmukh,90,3,True,752.08,348.12,DEV-6861-A,+91 98765 60666,2706
6862,Martha Patel,45,8,False,1719.22,787.59,DEV-6862-A,,2480
6863,Kavita Nair,50,7,False,1646.76,358.53,DEV-6863-A,,3393
6864,Suresh Sharma,72,2,True,1499.77,640.73,DEV-6864-A,+91 98765 72843,307
6865,Eleanor Nair,36,9,False,4995.63,2407.91,DEV-6865-A,,822
6866,Kavita Smith,91,2,True,288.37,150.48,DEV-6866-A,+91 98765 31750,75
6867,Meena Verma,55,5,False,1340.93,336.06,DEV-6867-A,,3078
6868,Anish Sharma,60,4,False,997.28,326.55,DEV-6868-A,,131
6869,Vikram Williams,46,9,False,6267.5,3603.21,DEV-6869-A,,2164
6870,Eleanor Sharma,51,5,False,1614.43,810.69,DEV-6870-A,,1866
6871,George Nair,27,3,True,1417.63,656.82,DEV-6871-A,+91 98765 90337,1915
6872,Eleanor Johnson,84,4,True,1120.24,456.29,DEV-6872-A,+91 98765 52800,1197
6873,Eleanor Sharma,47,8,False,6342.36,3731.12,DEV-6873-A,,3311
6874,Meena Deshmukh,55,10,False,411.25,215.25,DEV-6874-A,,3136
6875,Suresh Singhania,57,7,False,1906.54,852.91,DEV-6875-A,,3157
6876,Sunita Williams,42,9,False,5044.47,1036.84,DEV-6876-A,,3222
6877,Rajesh Verma,48,7,False,7040.67,3603.76,DEV-6877-A,,3408
6878,George Nair,47,7,False,910.68,379.47,DEV-6878-A,,2735
6879,Devi Taylor,40,8,False,720.23,252.69,DEV-6879-A,,2989
6880,Anish Verma,58,8,False,3314.25,1160.4,DEV-6880-A,,612
6881,Vikram Patel,54,9,False,1610.22,888.04,DEV-6881-A,,2556
6882,George Gupta,40,8,False,368.37,170.45,DEV-6882-A,,1645
6883,Lakshmi Sharma,39,8,False,2091.01,963.55,DEV-6883-A,,210
6884,Kavita Sharma,28,9,False,11548.91,6332.04,DEV-6884-A,,574
6885,Vikram Singhania,40,10,False,567.39,232.5,DEV-6885-A,,2361
6886,Vikram Singhania,66,3,True,1172.18,291.48,DEV-6886-A,+91 98765 29876,1778
6887,Anish Rao,38,6,False,2590.74,838.2,DEV-6887-A,,32
6888,Rajesh Verma,64,6,False,2219.59,956.44,DEV-6888-A,,3547
6889,Sunita Gupta,27,7,False,487.67,118.86,DEV-6889-A,,3008
6890,Suresh Kumar,91,4,True,1154.22,613.97,DEV-6890-A,+91 98765 18662,927
6891,Devi Verma,91,4,True,1546.27,901.5,DEV-6891-A,+91 98765 98160,2051
6892,Meena Patel,29,6,False,1760.59,789.25,DEV-6892-A,,2771
6893,Devi Kumar,55,8,False,1128.65,242.56,DEV-6893-A,,1433
6894,Eleanor Joshi,74,3,True,1671.15,386.88,DEV-6894-A,+91 98765 71463,1087
6895,Arthur Williams,34,6,False,3946.15,1596.1,DEV-6895-A,,2753
6896,Arthur Smith,84,5,True,2901.09,1035.86,DEV-6896-A,+91 98765 30394,2765
6897,Anish Kumar,28,9,False,1354.9,694.12,DEV-6897-A,,2462
6898,Lakshmi Rao,32,7,False,2831.69,650.08,DEV-6898-A,,3367
6899,Aarav Singhania,49,6,False,469.37,218.72,DEV-6899-A,,2009
6900,Anish Nair,31,9,False,1109.49,507.6,DEV-6900-A,,2114
6901,Kavita Deshmukh,39,9,False,3223.96,1408.85,DEV-6901-A,,2996
6902,George Sharma,33,8,False,3716.21,857.08,DEV-6902-A,,2453
6903,Kavita Kumar,55,6,False,4636.16,1294.42,DEV-6903-A,,3565
6904,Anish Patel,55,10,False,4557.08,2009.43,DEV-6904-A,,3405
6905,Ramesh Smith,60,6,False,2354.31,692.11,DEV-6905-A,,945
6906,Lakshmi Rao,57,5,False,3277.11,1439.48,DEV-6906-A,,1931
6907,Ramesh Patel,52,7,False,470.43,265.25,DEV-6907-A,,2886
6908,Eleanor Singhania,45,6,False,1961.37,453.31,DEV-6908-A,,3071
6909,George Singhania,23,6,False,4696.05,1366.76,DEV-6909-A,,2350
6910,Arthur Gupta,68,2,True,1049.85,390.94,DEV-6910-A,+91 98765 20633,1023
6911,Priya Johnson,39,4,False,3815.64,1362.87,DEV-6911-A,,2000
6912,Rajesh Kumar,79,3,True,4259.04,1952.74,DEV-6912-A,+91 98765 51150,263
6913,Martha Singhania,54,7,False,5779.71,1412.74,DEV-6913-A,,3368
6914,Martha Verma,74,4,True,2812.2,776.65,DEV-6914-A,+91 98765 64293,1968
6915,Aarav Nair,35,7,False,398.59,101.06,DEV-6915-A,,1547
6916,Meena Gupta,42,6,False,969.73,467.95,DEV-6916-A,,995
6917,Suresh Deshmukh,78,3,True,1330.49,285.29,DEV-6917-A,+91 98765 61949,2440
6918,Vikram Singhania,23,9,False,3716.43,1953.33,DEV-6918-A,,1791
6919,Lakshmi Gupta,48,7,False,2129.75,638.68,DEV-6919-A,,1026
6920,Priya Nair,26,6,False,3134.03,821.76,DEV-6920-A,,682
6921,Arthur Johnson,58,8,False,7588.28,2154.69,DEV-6921-A,,1573
6922,Rajesh Patel,33,7,False,5445.73,2610.74,DEV-6922-A,,366
6923,Rajesh Kumar,47,5,False,2101.57,761.68,DEV-6923-A,,3050
6924,Aarav Verma,39,7,False,2244.31,764.99,DEV-6924-A,,2243
6925,Martha Deshmukh,70,4,True,619.38,297.25,DEV-6925-A,+91 98765 22099,3280
6926,Ramesh Sharma,60,9,False,4141.66,2426.69,DEV-6926-A,,38
6927,Suresh Verma,40,7,False,1743.4,802.8,DEV-6927-A,,163
6928,Ramesh Gupta,24,8,False,3976.82,841.2,DEV-6928-A,,3485
6929,Eleanor Williams,65,8,False,3658.7,776.41,DEV-6929-A,,2838
6930,Eleanor Williams,79,2,True,5646.27,1871.47,DEV-6930-A,+91 98765 84972,388
6931,Sunita Verma,49,6,False,2867.93,689.41,DEV-6931-A,,1298
6932,Arthur Patel,79,3,True,382.37,96.71,DEV-6932-A,+91 98765 15104,2417
6933,Rajesh Sharma,83,3,True,2000.97,947.04,DEV-6933-A,+91 98765 90525,30
6934,Vikram Kumar,29,7,False,379.61,168.13,DEV-6934-A,,726
6935,George Joshi,85,5,True,905.1,528.94,DEV-6935-A,+91 98765 74272,470
6936,Anish Johnson,27,7,False,4242.02,2091.18,DEV-6936-A,,1223
6937,Rajesh Joshi,36,9,False,2323.95,526.76,DEV-6937-A,,2539
6938,Kavita Verma,43,6,False,2318.47,917.1,DEV-6938-A,,296
6939,Devi Johnson,46,6,False,820.21,481.34,DEV-6939-A,,3521
6940,Anish Verma,36,7,False,557.89,261.31,DEV-6940-A,,2665
6941,Meena Deshmukh,66,5,True,1185.85,666.38,DEV-6941-A,+91 98765 89493,946
6942,Kavita Sharma,56,7,False,1149.08,263.93,DEV-6942-A,,1641
6943,Arthur Williams,69,2,True,269.26,97.63,DEV-6943-A,+91 98765 31339,2876
6944,Suresh Kumar,47,6,False,5626.54,2358.08,DEV-6944-A,,1883
6945,Eleanor Smith,37,9,False,513.82,203.57,DEV-6945-A,,1285
6946,Kavita Williams,66,5,True,2245.48,847.36,DEV-6946-A,+91 98765 62572,1742
6947,Lakshmi Kumar,49,5,False,3114.43,1103.67,DEV-6947-A,,3499
6948,Kavita Williams,58,7,False,1265.48,556.23,DEV-6948-A,,1367
6949,Vikram Rao,89,3,True,3014.79,1214.61,DEV-6949-A,+91 98765 70461,639
6950,Ramesh Sharma,21,8,False,1011.21,252.12,DEV-6950-A,,355
6951,Sunita Johnson,34,8,False,2391.43,1195.34,DEV-6951-A,,3614
6952,Meena Verma,25,3,True,3527.05,1144.39,DEV-6952-A,+91 98765 24113,1868
6953,Ramesh Verma,76,2,True,1726.72,535.26,DEV-6953-A,+91 98765 19626,1187
6954,Arthur Taylor,32,7,False,3453.86,1464.96,DEV-6954-A,,1340
6955,Lakshmi Taylor,50,9,False,3256.15,1373.29,DEV-6955-A,,2002
6956,Martha Singhania,86,4,True,2117.68,766.16,DEV-6956-A,+91 98765 26071,2669
6957,Kavita Taylor,79,3,True,4639.93,1222.91,DEV-6957-A,+91 98765 37495,1968
6958,Sunita Nair,39,6,False,3290.83,1287.73,DEV-6958-A,,671
6959,George Rao,54,8,False,2044.73,949.98,DEV-6959-A,,1443
6960,Rajesh Sharma,72,4,True,2284.06,697.7,DEV-6960-A,+91 98765 14112,3475
6961,Anish Singhania,31,7,False,2627.18,1231.12,DEV-6961-A,,794
6962,Suresh Deshmukh,48,8,False,341.34,84.73,DEV-6962-A,,2726
6963,George Kumar,47,10,False,306.29,139.02,DEV-6963-A,,2934
6964,Arthur Deshmukh,88,4,True,2340.71,989.0,DEV-6964-A,+91 98765 27419,3371
6965,Arthur Taylor,58,4,False,5560.11,2888.61,DEV-6965-A,,2927
6966,Martha Williams,53,7,False,772.89,360.16,DEV-6966-A,,1319
6967,Priya Sharma,37,8,False,1126.02,666.77,DEV-6967-A,,3590
6968,Priya Gupta,71,1,True,4357.88,1812.26,DEV-6968-A,+91 98765 64499,411
6969,Suresh Nair,47,5,False,1828.52,1026.71,DEV-6969-A,,636
6970,Sunita Verma,69,3,True,2006.91,629.68,DEV-6970-A,+91 98765 41460,2130
6971,Suresh Gupta,23,6,False,1983.66,1016.01,DEV-6971-A,,858
6972,Priya Singhania,22,4,False,2327.08,1317.15,DEV-6972-A,,187
6973,Aarav Williams,47,7,False,2927.14,1038.97,DEV-6973-A,,1507
6974,Arthur Kumar,87,3,True,617.62,219.5,DEV-6974-A,+91 98765 90593,1557
6975,Arthur Sharma,71,3,True,778.78,373.48,DEV-6975-A,+91 98765 23709,2007
6976,Vikram Rao,44,7,False,1425.92,572.19,DEV-6976-A,,635
6977,Arthur Williams,18,8,False,2111.32,516.03,DEV-6977-A,,2727
6978,Anish Smith,56,7,False,2049.22,428.38,DEV-6978-A,,1630
6979,Vikram Singhania,47,6,False,2561.76,1369.66,DEV-6979-A,,3182
6980,Sunita Deshmukh,60,7,False,343.45,201.34,DEV-6980-A,,2975
6981,Kavita Smith,31,10,False,1795.36,458.19,DEV-6981-A,,3125
6982,Devi Sharma,20,6,False,1725.84,437.67,DEV-6982-A,,1195
6983,Arthur Sharma,38,8,False,1605.46,575.29,DEV-6983-A,,1698
6984,Rajesh Deshmukh,50,7,False,764.11,391.35,DEV-6984-A,,3427
6985,Martha Deshmukh,20,6,False,2184.24,643.49,DEV-6985-A,,2523
6986,Lakshmi Nair,28,7,False,1205.67,408.09,DEV-6986-A,,3449
6987,Lakshmi Deshmukh,44,8,False,1196.07,527.01,DEV-6987-A,,1114
6988,Kavita Williams,41,8,False,698.99,357.49,DEV-6988-A,,3520
6989,Sunita Joshi,38,7,False,1293.75,468.81,DEV-6989-A,,969
6990,Anish Singhania,84,4,True,1299.64,526.82,DEV-6990-A,+91 98765 44782,47
6991,Lakshmi Sharma,20,8,False,2207.49,511.93,DEV-6991-A,,938
6992,Devi Rao,53,6,False,3915.2,1878.62,DEV-6992-A,,1656
6993,Aarav Singhania,65,8,False,2584.31,607.19,DEV-6993-A,,225
6994,Rajesh Kumar,25,8,False,2011.98,777.3,DEV-6994-A,,3320
6995,Anish Smith,88,4,True,3767.05,790.19,DEV-6995-A,+91 98765 81636,1737
6996,Aarav Smith,26,5,False,4346.17,2248.46,DEV-6996-A,,3587
6997,Kavita Kumar,49,9,False,792.66,250.67,DEV-6997-A,,2488
6998,Sunita Deshmukh,50,6,False,2403.28,1420.1,DEV-6998-A,,2406
6999,Vikram Smith,22,8,False,1911.01,1105.09,DEV-6999-A,,2738
7000,Kavita Kumar,32,8,False,1030.76,223.46,DEV-7000-A,,504
7001,Lakshmi Singhania,49,7,False,5496.04,1512.54,DEV-7001-A,,2326
7002,Arthur Verma,49,7,False,3179.08,1553.29,DEV-7002-A,,2262
7003,Vikram Sharma,39,6,False,984.18,406.73,DEV-7003-A,,2836
7004,Martha Patel,36,10,False,2424.55,1197.14,DEV-7004-A,,1376
7005,Lakshmi Deshmukh,28,8,False,4575.78,937.13,DEV-7005-A,,114
7006,Meena Verma,21,5,False,6263.21,1618.67,DEV-7006-A,,3099
7007,Anish Verma,20,7,False,7350.74,4238.56,DEV-7007-A,,2722
7008,Kavita Williams,58,6,False,3975.37,1731.64,DEV-7008-A,,1083
7009,Martha Verma,27,6,False,1684.99,483.0,DEV-7009-A,,1776
7010,Vikram Taylor,22,9,False,1361.01,477.95,DEV-7010-A,,701
7011,Eleanor Patel,76,3,True,10095.59,2975.74,DEV-7011-A,+91 98765 47850,1297
7012,Rajesh Patel,84,3,True,1388.25,622.62,DEV-7012-A,+91 98765 30390,3606
7013,Meena Joshi,46,6,False,534.87,293.7,DEV-7013-A,,43
7014,Lakshmi Patel,77,3,True,2405.47,853.56,DEV-7014-A,+91 98765 45396,763
7015,Meena Kumar,19,7,False,2541.3,919.1,DEV-7015-A,,1878
7016,Arthur Patel,83,6,True,4157.68,1124.62,DEV-7016-A,+91 98765 75596,3167
7017,Devi Smith,50,7,False,3467.22,1047.26,DEV-7017-A,,530
7018,Suresh Williams,20,8,False,410.7,89.14,DEV-7018-A,,2546
7019,Anish Kumar,57,9,False,1996.09,422.28,DEV-7019-A,,371
7020,Eleanor Kumar,71,1,True,2427.61,1422.95,DEV-7020-A,+91 98765 22062,1476
7021,Priya Singhania,28,4,False,2591.76,1065.2,DEV-7021-A,,3333
7022,Vikram Smith,53,7,False,1066.81,484.11,DEV-7022-A,,1055
7023,Aarav Johnson,70,3,True,1174.96,540.53,DEV-7023-A,+91 98765 21327,289
7024,Priya Verma,26,6,False,2067.88,690.62,DEV-7024-A,,1431
7025,Priya Smith,77,4,True,4807.17,2635.21,DEV-7025-A,+91 98765 80098,825
7026,Suresh Kumar,65,8,False,1831.72,875.46,DEV-7026-A,,2616
7027,Eleanor Sharma,56,8,False,1548.6,492.89,DEV-7027-A,,1423
7028,George Kumar,18,7,False,1629.38,533.78,DEV-7028-A,,3129
7029,Martha Patel,76,2,True,2631.05,1356.38,DEV-7029-A,+91 98765 77163,3207
7030,George Rao,50,4,False,2135.53,1165.67,DEV-7030-A,,716
7031,Vikram Johnson,38,7,False,1140.43,554.41,DEV-7031-A,,2641
7032,Suresh Kumar,60,7,False,1697.99,788.46,DEV-7032-A,,2431
7033,Rajesh Taylor,62,9,False,1310.04,774.6,DEV-7033-A,,958
7034,Suresh Smith,31,6,False,6696.33,1856.94,DEV-7034-A,,3187
7035,Devi Singhania,69,3,True,1935.22,418.78,DEV-7035-A,+91 98765 52233,2661
7036,Eleanor Rao,39,9,False,2759.28,1154.55,DEV-7036-A,,201
7037,Sunita Deshmukh,55,7,False,5617.75,2496.88,DEV-7037-A,,800
7038,Aarav Johnson,51,7,False,2597.84,793.89,DEV-7038-A,,1485
7039,Aarav Williams,26,6,False,4860.95,1648.63,DEV-7039-A,,1555
7040,Arthur Singhania,90,3,True,252.86,61.52,DEV-7040-A,+91 98765 10974,1320
7041,Devi Patel,52,6,False,4539.17,1548.12,DEV-7041-A,,579
7042,Meena Johnson,39,5,False,1326.19,739.38,DEV-7042-A,,2162
7043,Meena Johnson,24,4,False,500.41,277.91,DEV-7043-A,,586
7044,Suresh Deshmukh,31,6,False,2413.62,1403.74,DEV-7044-A,,2297
7045,Arthur Patel,56,5,False,8841.07,2978.67,DEV-7045-A,,2589
7046,Sunita Kumar,31,8,False,1986.73,683.27,DEV-7046-A,,3451
7047,Arthur Rao,81,2,True,533.76,205.57,DEV-7047-A,+91 98765 50902,2229
7048,Martha Gupta,66,3,True,7639.7,3126.63,DEV-7048-A,+91 98765 15103,3547
7049,Meena Sharma,19,5,False,632.8,267.99,DEV-7049-A,,1259
7050,Ramesh Taylor,54,9,False,3983.88,1171.6,DEV-7050-A,,1087
7051,George Verma,70,3,True,1208.31,496.43,DEV-7051-A,+91 98765 46787,1422
7052,Martha Patel,46,8,False,630.32,339.67,DEV-7052-A,,2204
7053,Eleanor Patel,42,7,False,464.51,208.53,DEV-7053-A,,2070
7054,Kavita Taylor,45,7,False,4216.72,903.77,DEV-7054-A,,1258
7055,Martha Sharma,32,10,False,1252.52,360.6,DEV-7055-A,,137
7056,Kavita Nair,89,3,True,374.91,77.83,DEV-7056-A,+91 98765 34218,2945
7057,Rajesh Joshi,81,2,True,2865.79,1642.94,DEV-7057-A,+91 98765 28012,2180
7058,Meena Nair,38,8,False,2830.5,1404.96,DEV-7058-A,,494
7059,Meena Gupta,84,2,True,863.54,392.47,DEV-7059-A,+91 98765 53749,1333
7060,Meena Verma,67,2,True,1903.17,1021.31,DEV-7060-A,+91 98765 85551,899
7061,Rajesh Rao,88,1,True,1233.59,256.25,DEV-7061-A,+91 98765 16432,1162
7062,Kavita Joshi,33,8,False,2226.45,528.57,DEV-7062-A,,3145
7063,Rajesh Kumar,53,5,False,3866.05,1654.51,DEV-7063-A,,2949
7064,Kavita Smith,65,7,False,4817.58,2404.66,DEV-7064-A,,2724
7065,Kavita Patel,37,6,False,1166.76,400.84,DEV-7065-A,,1683
7066,Sunita Gupta,20,8,False,636.85,292.42,DEV-7066-A,,3626
7067,Martha Patel,22,8,False,462.26,151.35,DEV-7067-A,,2724
7068,Arthur Gupta,45,6,False,1274.27,319.9,DEV-7068-A,,3065
7069,Sunita Verma,88,4,True,289.23,142.74,DEV-7069-A,+91 98765 19010,416
7070,Aarav Patel,21,8,False,1202.93,655.35,DEV-7070-A,,1983
7071,Sunita Deshmukh,42,9,False,1070.53,340.46,DEV-7071-A,,3345
7072,Eleanor Singhania,25,6,False,573.6,126.7,DEV-7072-A,,2249
7073,Meena Gupta,48,7,False,7093.64,1622.73,DEV-7073-A,,680
7074,Lakshmi Patel,46,7,False,2004.1,448.8,DEV-7074-A,,1398
7075,Priya Verma,41,5,False,3001.7,1446.55,DEV-7075-A,,2686
7076,Meena Williams,42,6,False,1196.06,546.72,DEV-7076-A,,3356
7077,Aarav Deshmukh,21,6,False,1053.47,295.45,DEV-7077-A,,924
7078,Ramesh Verma,62,8,False,3505.09,1606.35,DEV-7078-A,,3052
7079,Lakshmi Singhania,84,1,True,686.38,252.05,DEV-7079-A,+91 98765 10692,2821
7080,Anish Johnson,31,7,False,697.24,398.28,DEV-7080-A,,3284
7081,Vikram Deshmukh,43,6,False,939.39,309.72,DEV-7081-A,,2272
7082,Lakshmi Sharma,66,3,True,4872.7,1603.08,DEV-7082-A,+91 98765 66324,894
7083,George Rao,38,7,False,1908.51,887.36,DEV-7083-A,,3409
7084,Kavita Nair,46,8,False,950.08,374.55,DEV-7084-A,,587
7085,George Johnson,30,8,False,7882.21,1672.21,DEV-7085-A,,1715
7086,Kavita Gupta,59,6,False,2431.6,825.76,DEV-7086-A,,1050
7087,Meena Taylor,55,7,False,799.42,358.18,DEV-7087-A,,1751
7088,Anish Williams,44,8,False,1113.23,253.05,DEV-7088-A,,2509
7089,Suresh Sharma,36,5,False,1173.05,360.53,DEV-7089-A,,499
7090,George Johnson,75,4,True,1156.96,543.79,DEV-7090-A,+91 98765 35056,3088
7091,Anish Taylor,39,4,False,7540.07,1895.26,DEV-7091-A,,555
7092,Priya Joshi,83,4,True,2092.62,1108.11,DEV-7092-A,+91 98765 93993,2406
7093,Meena Williams,23,6,False,1347.02,717.03,DEV-7093-A,,1049
7094,Ramesh Taylor,79,2,True,1908.79,485.3,DEV-7094-A,+91 98765 15269,975
7095,Lakshmi Taylor,74,6,True,1624.28,592.2,DEV-7095-A,+91 98765 16103,3025
7096,Rajesh Williams,40,8,False,1014.41,485.11,DEV-7096-A,,1646
7097,Ramesh Rao,41,7,False,1117.7,453.61,DEV-7097-A,,1162
7098,Meena Johnson,46,7,False,5118.38,1810.87,DEV-7098-A,,41
7099,Vikram Taylor,28,7,False,4938.2,1170.27,DEV-7099-A,,483
7100,Aarav Singhania,59,9,False,1408.35,799.33,DEV-7100-A,,468
7101,Arthur Rao,56,9,False,2428.69,968.33,DEV-7101-A,,1861
7102,Ramesh Verma,56,7,False,1102.22,583.23,DEV-7102-A,,2996
7103,Meena Joshi,78,4,True,2580.17,1239.17,DEV-7103-A,+91 98765 58333,1361
7104,Martha Singhania,23,6,False,2806.22,826.84,DEV-7104-A,,2731
7105,Anish Deshmukh,43,5,False,706.27,189.07,DEV-7105-A,,2746
7106,Vikram Joshi,36,7,False,1321.37,670.51,DEV-7106-A,,2631
7107,Ramesh Rao,79,3,True,4884.66,2404.09,DEV-7107-A,+91 98765 61014,1476
7108,Vikram Joshi,36,7,False,1318.81,606.02,DEV-7108-A,,2757
7109,Lakshmi Deshmukh,73,2,True,2419.18,1309.42,DEV-7109-A,+91 98765 74082,1151
7110,Martha Sharma,58,8,False,3058.02,975.95,DEV-7110-A,,1062
7111,Aarav Singhania,22,7,False,503.23,283.18,DEV-7111-A,,1928
7112,Priya Sharma,80,5,True,738.54,185.83,DEV-7112-A,+91 98765 17810,3095
7113,Devi Smith,73,3,True,3108.93,1499.55,DEV-7113-A,+91 98765 47889,864
7114,Martha Patel,27,8,False,972.16,471.24,DEV-7114-A,,3639
7115,Kavita Verma,59,10,False,1466.12,747.02,DEV-7115-A,,1190
7116,Anish Verma,88,3,True,2212.22,1057.23,DEV-7116-A,+91 98765 65856,3180
7117,Aarav Deshmukh,55,8,False,2727.79,1216.0,DEV-7117-A,,3248
7118,Rajesh Johnson,46,6,False,215.36,123.13,DEV-7118-A,,1891
7119,Eleanor Gupta,25,4,False,2345.05,1397.74,DEV-7119-A,,2668
7120,Lakshmi Deshmukh,79,1,True,1887.54,797.2,DEV-7120-A,+91 98765 36335,2849
7121,Anish Joshi,32,8,False,2081.14,1070.7,DEV-7121-A,,1983
7122,George Gupta,35,6,False,1555.13,488.85,DEV-7122-A,,687
7123,Suresh Rao,23,10,False,1800.89,901.3,DEV-7123-A,,1824
7124,Ramesh Sharma,21,5,False,839.33,202.88,DEV-7124-A,,3229
7125,Lakshmi Williams,41,8,False,581.99,322.03,DEV-7125-A,,2020
7126,George Rao,47,6,False,2568.94,1433.43,DEV-7126-A,,2289
7127,Ramesh Patel,27,7,False,1762.97,570.98,DEV-7127-A,,1126
7128,Eleanor Smith,53,9,False,396.39,178.11,DEV-7128-A,,1073
7129,Meena Gupta,75,4,True,6579.09,3076.86,DEV-7129-A,+91 98765 96283,2145
7130,Kavita Taylor,68,3,True,1354.83,644.13,DEV-7130-A,+91 98765 62915,113
7131,Rajesh Johnson,78,3,True,1727.52,494.81,DEV-7131-A,+91 98765 24040,1018
7132,Kavita Gupta,44,8,False,1563.46,491.16,DEV-7132-A,,3346
7133,Lakshmi Kumar,48,7,False,607.47,329.83,DEV-7133-A,,2767
7134,Priya Williams,37,7,False,1661.87,502.11,DEV-7134-A,,2065
7135,Aarav Verma,29,9,False,3373.78,1207.49,DEV-7135-A,,110
7136,Arthur Kumar,20,7,False,2566.93,792.33,DEV-7136-A,,2854
7137,Martha Johnson,50,7,False,1679.09,686.77,DEV-7137-A,,1427
7138,Aarav Deshmukh,51,8,False,1051.84,336.11,DEV-7138-A,,822
7139,Priya Patel,55,6,False,492.2,139.3,DEV-7139-A,,3030
7140,Kavita Taylor,58,7,False,1745.32,368.73,DEV-7140-A,,3160
7141,Martha Gupta,48,8,False,662.89,240.81,DEV-7141-A,,2880
7142,Anish Johnson,60,7,False,2980.87,1535.0,DEV-7142-A,,847
7143,George Williams,69,1,True,867.91,504.09,DEV-7143-A,+91 98765 88849,2345
7144,Eleanor Patel,58,9,False,1198.45,385.65,DEV-7144-A,,1586
7145,Suresh Johnson,29,10,False,6004.97,3184.43,DEV-7145-A,,833
7146,Lakshmi Nair,47,6,False,3880.09,1669.01,DEV-7146-A,,217
7147,Arthur Nair,31,9,False,1392.27,398.74,DEV-7147-A,,1960
7148,Lakshmi Smith,74,3,True,1229.99,374.94,DEV-7148-A,+91 98765 53703,2049
7149,Lakshmi Singhania,60,5,False,5138.76,2003.95,DEV-7149-A,,2333
7150,Aarav Taylor,44,7,False,2398.04,655.45,DEV-7150-A,,342
7151,Meena Johnson,41,9,False,4199.02,2391.86,DEV-7151-A,,591
7152,Lakshmi Singhania,81,3,True,431.58,215.32,DEV-7152-A,+91 98765 15751,869
7153,Devi Singhania,84,2,True,378.4,211.83,DEV-7153-A,+91 98765 80120,3055
7154,Rajesh Patel,41,8,False,1745.25,909.1,DEV-7154-A,,2819
7155,Devi Taylor,33,5,False,611.66,345.65,DEV-7155-A,,585
7156,Lakshmi Taylor,91,3,True,6230.16,1271.39,DEV-7156-A,+91 98765 38119,924
7157,Eleanor Patel,64,9,False,630.04,278.9,DEV-7157-A,,179
7158,Anish Sharma,49,6,False,6606.38,3207.5,DEV-7158-A,,2436
7159,Martha Patel,62,6,False,1295.94,636.81,DEV-7159-A,,1178
7160,Devi Rao,33,5,False,1586.49,685.51,DEV-7160-A,,412
7161,Arthur Rao,66,4,True,485.3,257.18,DEV-7161-A,+91 98765 90186,516
7162,Rajesh Kumar,24,6,False,4662.58,1161.26,DEV-7162-A,,1055
7163,Lakshmi Sharma,53,8,False,1179.86,256.22,DEV-7163-A,,1979
7164,Anish Smith,24,10,False,2919.67,1436.35,DEV-7164-A,,714
7165,Aarav Joshi,34,9,False,1799.45,737.67,DEV-7165-A,,2035
7166,Vikram Kumar,22,6,False,1470.49,875.75,DEV-7166-A,,1716
7167,Arthur Patel,32,5,False,3641.58,1679.86,DEV-7167-A,,393
7168,Lakshmi Johnson,31,7,False,2160.99,1205.96,DEV-7168-A,,1167
7169,Aarav Singhania,77,2,True,2115.35,599.55,DEV-7169-A,+91 98765 55738,1491
7170,Devi Smith,79,1,True,2367.55,683.82,DEV-7170-A,+91 98765 31534,140
7171,Meena Williams,55,6,False,1368.9,566.64,DEV-7171-A,,2371
7172,Aarav Williams,43,6,False,2277.55,1020.9,DEV-7172-A,,1157
7173,Vikram Verma,46,5,False,1213.45,257.46,DEV-7173-A,,3398
7174,Priya Rao,78,4,True,720.88,417.41,DEV-7174-A,+91 98765 15925,3030
7175,Priya Rao,54,5,False,1059.0,607.46,DEV-7175-A,,3418
7176,Vikram Rao,62,6,False,7882.92,4241.16,DEV-7176-A,,573
7177,Kavita Deshmukh,65,8,False,517.68,192.62,DEV-7177-A,,280
7178,Devi Rao,18,7,False,2134.45,862.28,DEV-7178-A,,2563
7179,Ramesh Sharma,39,7,False,332.68,199.21,DEV-7179-A,,512
7180,Vikram Nair,44,8,False,702.78,206.98,DEV-7180-A,,2598
7181,Kavita Joshi,24,4,False,451.48,123.8,DEV-7181-A,,2842
7182,Martha Verma,72,3,True,1916.53,1121.53,DEV-7182-A,+91 98765 18292,3444
7183,Priya Deshmukh,37,4,False,1304.84,641.16,DEV-7183-A,,1578
7184,Aarav Verma,49,6,False,3398.55,867.03,DEV-7184-A,,1564
7185,Sunita Smith,50,6,False,3615.59,1122.9,DEV-7185-A,,747
7186,Martha Patel,76,3,True,788.7,459.03,DEV-7186-A,+91 98765 21118,3161
7187,Priya Rao,77,3,True,1282.19,329.46,DEV-7187-A,+91 98765 19596,659
7188,Martha Patel,87,4,True,2618.28,768.39,DEV-7188-A,+91 98765 66966,969
7189,Priya Gupta,30,7,False,1589.18,889.58,DEV-7189-A,,2953
7190,Arthur Deshmukh,83,3,True,1364.35,495.56,DEV-7190-A,+91 98765 30630,3424
7191,Vikram Deshmukh,71,3,True,12558.28,5485.11,DEV-7191-A,+91 98765 65690,735
7192,Devi Gupta,24,7,False,1792.06,421.81,DEV-7192-A,,1323
7193,Anish Johnson,51,8,False,415.8,178.6,DEV-7193-A,,907
7194,Aarav Rao,55,7,False,4193.96,1705.02,DEV-7194-A,,1692
7195,Kavita Singhania,18,6,False,3483.59,1834.54,DEV-7195-A,,3194
7196,Devi Patel,35,7,False,1783.27,721.5,DEV-7196-A,,3612
7197,Meena Kumar,31,5,False,1899.37,706.46,DEV-7197-A,,2874
7198,Ramesh Sharma,56,7,False,1087.46,349.09,DEV-7198-A,,971
7199,Meena Smith,33,9,False,7253.13,3280.45,DEV-7199-A,,1993
7200,George Williams,28,6,False,1050.84,437.36,DEV-7200-A,,2408
7201,Ramesh Sharma,47,9,False,1073.47,255.05,DEV-7201-A,,2151
7202,Priya Smith,89,3,True,1312.93,455.97,DEV-7202-A,+91 98765 40382,3302
7203,Ramesh Rao,79,3,True,1064.6,355.77,DEV-7203-A,+91 98765 16652,2112
7204,Rajesh Rao,91,4,True,10587.85,2771.36,DEV-7204-A,+91 98765 80648,2292
7205,Rajesh Nair,28,7,False,2226.46,557.33,DEV-7205-A,,2180
7206,Rajesh Gupta,31,7,False,445.48,148.89,DEV-7206-A,,1099
7207,Arthur Smith,47,6,False,846.74,193.16,DEV-7207-A,,587
7208,Priya Sharma,81,4,True,1004.08,341.21,DEV-7208-A,+91 98765 66062,2039
7209,Vikram Verma,48,9,False,758.15,407.75,DEV-7209-A,,3318
7210,Lakshmi Taylor,36,8,False,743.49,206.74,DEV-7210-A,,2636
7211,Rajesh Smith,59,7,False,965.45,391.36,DEV-7211-A,,635
7212,Devi Patel,25,6,False,9089.4,2607.26,DEV-7212-A,,1759
7213,Rajesh Taylor,40,6,False,1783.08,1039.61,DEV-7213-A,,3143
7214,Arthur Deshmukh,61,8,False,474.98,147.65,DEV-7214-A,,704
7215,Anish Joshi,67,3,True,7164.43,2123.32,DEV-7215-A,+91 98765 54260,152
7216,Sunita Kumar,34,5,False,1379.68,462.28,DEV-7216-A,,77
7217,Aarav Kumar,63,6,False,3946.53,1158.05,DEV-7217-A,,2753
7218,Aarav Joshi,76,3,True,3761.91,792.87,DEV-7218-A,+91 98765 13977,372
7219,Arthur Verma,64,9,False,7050.19,2478.02,DEV-7219-A,,3132
7220,Rajesh Patel,69,5,True,1001.14,407.31,DEV-7220-A,+91 98765 34958,1999
7221,Meena Deshmukh,34,9,False,3074.51,1812.62,DEV-7221-A,,3239
7222,Eleanor Sharma,42,8,False,2034.6,491.42,DEV-7222-A,,3255
7223,Aarav Taylor,40,7,False,1639.19,905.06,DEV-7223-A,,643
7224,Eleanor Nair,50,7,False,1530.72,666.27,DEV-7224-A,,1582
7225,Meena Kumar,50,5,False,4330.77,1563.18,DEV-7225-A,,2094
7226,Kavita Kumar,19,5,False,8138.57,4621.94,DEV-7226-A,,1226
7227,Anish Verma,59,5,False,1081.59,607.98,DEV-7227-A,,378
7228,Ramesh Johnson,19,8,False,1589.57,733.77,DEV-7228-A,,2766
7229,Suresh Gupta,52,8,False,1262.7,355.68,DEV-7229-A,,2041
7230,Rajesh Verma,34,6,False,1328.25,772.14,DEV-7230-A,,749
7231,Kavita Smith,56,8,False,2009.6,587.27,DEV-7231-A,,2576
7232,Sunita Nair,18,7,False,13746.49,5375.7,DEV-7232-A,,1584
7233,Suresh Sharma,21,4,False,1330.98,412.37,DEV-7233-A,,2107
7234,Martha Deshmukh,32,5,False,612.96,198.3,DEV-7234-A,,137
7235,Sunita Johnson,90,3,True,3191.56,1890.75,DEV-7235-A,+91 98765 16403,41
7236,Anish Rao,91,2,True,357.02,208.37,DEV-7236-A,+91 98765 59531,1444
7237,Arthur Patel,57,8,False,798.7,225.47,DEV-7237-A,,1510
7238,Anish Smith,39,6,False,961.2,194.03,DEV-7238-A,,644
7239,George Singhania,81,2,True,1478.6,347.17,DEV-7239-A,+91 98765 83793,533
7240,Lakshmi Singhania,53,7,False,875.28,372.29,DEV-7240-A,,641
7241,Anish Smith,37,6,False,451.93,147.17,DEV-7241-A,,963
7242,Arthur Nair,84,4,True,2526.76,618.1,DEV-7242-A,+91 98765 96681,230
7243,Eleanor Gupta,89,2,True,3806.2,1455.55,DEV-7243-A,+91 98765 32313,3245
7244,George Taylor,37,6,False,971.37,419.67,DEV-7244-A,,201
7245,Sunita Williams,76,1,True,658.02,254.79,DEV-7245-A,+91 98765 71573,247
7246,Martha Rao,59,6,False,4560.4,1981.68,DEV-7246-A,,1014
7247,Martha Johnson,43,6,False,2729.61,826.44,DEV-7247-A,,3536
7248,Devi Johnson,45,7,False,3859.28,2262.15,DEV-7248-A,,1484
7249,Aarav Kumar,24,3,True,717.24,315.64,DEV-7249-A,+91 98765 91841,3219
7250,Priya Verma,74,4,True,3807.42,1738.52,DEV-7250-A,+91 98765 18456,278
7251,Anish Kumar,87,4,True,1323.34,752.45,DEV-7251-A,+91 98765 16158,531
7252,George Gupta,49,6,False,5652.85,1489.82,DEV-7252-A,,3449
7253,Meena Smith,55,7,False,596.67,327.66,DEV-7253-A,,2197
7254,Aarav Gupta,23,7,False,1335.36,443.91,DEV-7254-A,,2592
7255,Anish Joshi,45,6,False,1564.81,315.19,DEV-7255-A,,2666
7256,Priya Smith,82,3,True,580.49,341.78,DEV-7256-A,+91 98765 72081,2071
7257,Lakshmi Smith,76,3,True,821.86,404.38,DEV-7257-A,+91 98765 35409,1578
7258,Vikram Smith,64,7,False,6379.86,1724.92,DEV-7258-A,,2683
7259,Rajesh Singhania,48,9,False,6576.72,1500.87,DEV-7259-A,,1126
7260,Lakshmi Verma,22,8,False,981.34,357.08,DEV-7260-A,,2786
7261,Rajesh Verma,29,10,False,705.21,268.76,DEV-7261-A,,2883
7262,George Johnson,84,4,True,659.85,161.61,DEV-7262-A,+91 98765 98854,1238
7263,Priya Smith,43,6,False,3259.45,1420.82,DEV-7263-A,,2370
7264,Kavita Singhania,27,7,False,842.99,396.21,DEV-7264-A,,1248
7265,Priya Sharma,25,7,False,1864.29,462.33,DEV-7265-A,,1024
7266,Martha Kumar,31,7,False,5717.93,2032.2,DEV-7266-A,,2966
7267,Ramesh Nair,87,2,True,1293.07,400.36,DEV-7267-A,+91 98765 79248,1794
7268,Vikram Patel,33,4,False,1791.78,728.22,DEV-7268-A,,1298
7269,Anish Patel,61,8,False,3896.52,1099.74,DEV-7269-A,,1922
7270,Sunita Joshi,25,5,False,2116.53,495.21,DEV-7270-A,,1628
7271,Kavita Williams,52,9,False,971.35,316.35,DEV-7271-A,,1626
7272,Priya Nair,90,6,True,2496.78,1193.76,DEV-7272-A,+91 98765 58977,3133
7273,Kavita Joshi,50,4,False,1438.02,443.75,DEV-7273-A,,3607
7274,Sunita Verma,87,2,True,1564.14,417.49,DEV-7274-A,+91 98765 62858,3260
7275,Lakshmi Taylor,78,5,True,2561.37,1340.91,DEV-7275-A,+91 98765 98572,1541
7276,Arthur Smith,75,1,True,2125.1,551.02,DEV-7276-A,+91 98765 99546,795
7277,Kavita Rao,55,8,False,354.27,141.49,DEV-7277-A,,3574
7278,Aarav Williams,56,6,False,2963.67,1365.89,DEV-7278-A,,376
7279,Suresh Singhania,53,10,False,623.99,154.07,DEV-7279-A,,1290
7280,Martha Kumar,42,8,False,5608.31,2208.49,DEV-7280-A,,1176
7281,Kavita Smith,29,6,False,3553.02,1876.68,DEV-7281-A,,2388
7282,Aarav Kumar,57,6,False,1646.95,482.5,DEV-7282-A,,955
7283,Meena Nair,81,3,True,4994.63,1930.57,DEV-7283-A,+91 98765 41646,2307
7284,Priya Joshi,59,10,False,1209.75,390.7,DEV-7284-A,,1158
7285,Arthur Taylor,77,2,True,4808.69,2559.5,DEV-7285-A,+91 98765 27596,1937
7286,Sunita Williams,49,8,False,2512.14,1313.79,DEV-7286-A,,2849
7287,Arthur Sharma,60,8,False,1308.16,764.87,DEV-7287-A,,1216
7288,Sunita Joshi,33,8,False,6005.87,1277.59,DEV-7288-A,,1223
7289,Lakshmi Rao,53,6,False,3566.44,1993.44,DEV-7289-A,,915
7290,Vikram Kumar,33,7,False,4624.65,2399.17,DEV-7290-A,,3404
7291,Eleanor Rao,52,9,False,1684.94,622.41,DEV-7291-A,,3423
7292,Anish Johnson,73,3,True,968.97,466.11,DEV-7292-A,+91 98765 51297,3648
7293,Meena Singhania,82,4,True,609.05,227.36,DEV-7293-A,+91 98765 39082,3334
7294,Ramesh Kumar,42,8,False,3098.78,1093.67,DEV-7294-A,,448
7295,Rajesh Patel,76,3,True,1031.92,564.74,DEV-7295-A,+91 98765 88624,1892
7296,Devi Taylor,77,5,True,1025.07,380.29,DEV-7296-A,+91 98765 26223,2259
7297,Sunita Johnson,77,5,True,2093.03,484.39,DEV-7297-A,+91 98765 36033,1017
7298,Rajesh Williams,56,10,False,3994.42,1910.36,DEV-7298-A,,2810
7299,Vikram Deshmukh,84,2,True,3098.32,1643.22,DEV-7299-A,+91 98765 38414,581
7300,George Williams,25,8,False,2270.06,545.83,DEV-7300-A,,1353
7301,Lakshmi Sharma,78,3,True,5701.69,1844.83,DEV-7301-A,+91 98765 63300,3531
7302,Sunita Taylor,44,6,False,2041.89,586.34,DEV-7302-A,,344
7303,Rajesh Kumar,70,7,True,2091.69,448.72,DEV-7303-A,+91 98765 90199,3148
7304,Suresh Kumar,88,3,True,644.38,230.86,DEV-7304-A,+91 98765 52918,1624
7305,Meena Deshmukh,44,9,False,4769.33,1248.21,DEV-7305-A,,2080
7306,Martha Kumar,50,7,False,5637.24,1501.32,DEV-7306-A,,2293
7307,Aarav Sharma,38,6,False,1430.4,502.12,DEV-7307-A,,787
7308,Vikram Joshi,52,7,False,1035.41,618.36,DEV-7308-A,,138
7309,Aarav Johnson,88,2,True,3306.24,690.88,DEV-7309-A,+91 98765 23991,1400
7310,Martha Patel,76,1,True,2087.96,1113.96,DEV-7310-A,+91 98765 82055,553
7311,Aarav Rao,71,4,True,2856.99,822.47,DEV-7311-A,+91 98765 59452,1397
7312,Suresh Williams,67,5,True,700.89,174.39,DEV-7312-A,+91 98765 75188,1110
7313,Kavita Joshi,65,4,False,1145.86,599.02,DEV-7313-A,,2471
7314,Meena Taylor,48,10,False,1629.92,561.98,DEV-7314-A,,1731
7315,Aarav Johnson,40,8,False,3186.01,655.55,DEV-7315-A,,2815
7316,Vikram Singhania,27,6,False,706.71,223.73,DEV-7316-A,,1536
7317,Eleanor Verma,61,6,False,2640.69,1122.8,DEV-7317-A,,267
7318,Rajesh Gupta,41,10,False,1980.51,1104.02,DEV-7318-A,,2502
7319,Rajesh Kumar,30,7,False,1008.3,360.62,DEV-7319-A,,534
7320,Kavita Patel,28,7,False,813.44,260.45,DEV-7320-A,,2238
7321,Kavita Rao,91,1,True,1271.13,573.97,DEV-7321-A,+91 98765 40323,1656
7322,Suresh Nair,33,2,True,710.16,270.87,DEV-7322-A,+91 98765 13457,2432
7323,Ramesh Kumar,73,3,True,1630.86,842.4,DEV-7323-A,+91 98765 63382,827
7324,Priya Joshi,39,6,False,931.89,310.37,DEV-7324-A,,2991
7325,Priya Rao,53,7,False,1193.73,290.93,DEV-7325-A,,2514
7326,Ramesh Patel,34,8,False,4357.91,1267.84,DEV-7326-A,,1013
7327,Devi Gupta,80,4,True,3290.76,1773.89,DEV-7327-A,+91 98765 53934,1413
7328,Martha Patel,58,3,True,1847.17,534.77,DEV-7328-A,+91 98765 22088,1075
7329,Sunita Taylor,54,7,False,3759.2,2134.63,DEV-7329-A,,3085
7330,Kavita Verma,41,9,False,5292.1,2477.62,DEV-7330-A,,2158
7331,Martha Taylor,59,6,False,1323.31,782.67,DEV-7331-A,,205
7332,Eleanor Williams,20,3,True,771.14,265.28,DEV-7332-A,+91 98765 12785,3216
7333,Arthur Rao,72,3,True,2192.03,785.17,DEV-7333-A,+91 98765 74536,1649
7334,Martha Singhania,54,8,False,2366.33,1179.72,DEV-7334-A,,3268
7335,Sunita Smith,36,5,False,4237.08,1611.19,DEV-7335-A,,2871
7336,Meena Patel,42,7,False,2151.95,927.59,DEV-7336-A,,3087
7337,Ramesh Singhania,41,8,False,8288.72,4721.18,DEV-7337-A,,3226
7338,Aarav Sharma,24,8,False,1003.12,348.6,DEV-7338-A,,820
7339,Sunita Smith,28,10,False,1878.23,409.32,DEV-7339-A,,862
7340,Eleanor Singhania,36,7,False,5451.08,1167.36,DEV-7340-A,,1659
7341,Rajesh Joshi,36,5,False,2782.68,1477.48,DEV-7341-A,,3598
7342,Aarav Singhania,62,8,False,1725.11,615.38,DEV-7342-A,,660
7343,Devi Patel,33,8,False,7970.48,2662.93,DEV-7343-A,,1342
7344,Vikram Patel,40,5,False,978.83,473.85,DEV-7344-A,,748
7345,Vikram Gupta,60,4,False,689.43,238.56,DEV-7345-A,,1424
7346,Eleanor Sharma,36,7,False,1315.62,432.16,DEV-7346-A,,3378
7347,Martha Smith,53,6,False,5394.42,3117.45,DEV-7347-A,,2283
7348,Priya Singhania,76,5,True,6848.58,1724.54,DEV-7348-A,+91 98765 84978,475
7349,Suresh Williams,66,3,True,13659.28,6519.78,DEV-7349-A,+91 98765 73605,1768
7350,Ramesh Johnson,46,3,True,2857.17,1391.29,DEV-7350-A,+91 98765 37637,2178
7351,Anish Gupta,80,4,True,2747.85,564.72,DEV-7351-A,+91 98765 15287,504
7352,Lakshmi Gupta,83,4,True,1387.71,386.88,DEV-7352-A,+91 98765 82683,50
7353,Devi Kumar,46,8,False,5124.67,1877.52,DEV-7353-A,,824
7354,Arthur Gupta,62,4,False,2443.16,1120.27,DEV-7354-A,,1002
7355,Suresh Joshi,31,4,False,4314.63,1386.04,DEV-7355-A,,2762
7356,Ramesh Singhania,51,7,False,1950.75,1040.19,DEV-7356-A,,218
7357,Vikram Rao,66,1,True,1240.21,264.18,DEV-7357-A,+91 98765 94559,1563
7358,Meena Sharma,41,6,False,4203.03,1616.63,DEV-7358-A,,449
7359,Eleanor Deshmukh,35,7,False,1656.5,738.01,DEV-7359-A,,2860
7360,Aarav Johnson,46,8,False,10606.56,5510.51,DEV-7360-A,,3397
7361,Sunita Smith,69,3,True,6313.63,2156.44,DEV-7361-A,+91 98765 58266,2342
7362,Rajesh Kumar,85,5,True,637.62,129.62,DEV-7362-A,+91 98765 47925,1200
7363,Priya Sharma,66,2,True,17128.42,6327.2,DEV-7363-A,+91 98765 69389,1075
7364,Priya Singhania,51,9,False,797.53,347.18,DEV-7364-A,,3127
7365,Martha Kumar,49,9,False,8941.77,2886.55,DEV-7365-A,,2587
7366,George Joshi,24,7,False,3621.77,1735.19,DEV-7366-A,,3227
7367,Kavita Joshi,47,8,False,5959.52,1320.16,DEV-7367-A,,2293
7368,Devi Patel,81,2,True,1293.23,304.19,DEV-7368-A,+91 98765 78447,1240
7369,Ramesh Smith,66,4,True,4247.64,2405.44,DEV-7369-A,+91 98765 57996,2402
7370,George Williams,40,10,False,4170.03,2467.79,DEV-7370-A,,2359
7371,Lakshmi Verma,38,8,False,5096.22,2684.48,DEV-7371-A,,1383
7372,Meena Gupta,19,10,False,6089.56,3425.02,DEV-7372-A,,117
7373,Kavita Johnson,48,7,False,1730.98,508.72,DEV-7373-A,,2564
7374,Vikram Verma,55,8,False,1039.87,485.5,DEV-7374-A,,809
7375,Meena Verma,34,7,False,2155.96,1229.54,DEV-7375-A,,3467
7376,Lakshmi Gupta,30,7,False,1103.99,303.75,DEV-7376-A,,3227
7377,Ramesh Kumar,52,7,False,8818.32,4093.84,DEV-7377-A,,1790
7378,George Johnson,41,10,False,964.48,266.43,DEV-7378-A,,2323
7379,Sunita Singhania,55,5,False,2066.76,530.09,DEV-7379-A,,2578
7380,Aarav Smith,69,2,True,965.7,478.17,DEV-7380-A,+91 98765 71994,664
7381,George Williams,67,4,True,1328.12,631.26,DEV-7381-A,+91 98765 25429,1902
7382,Martha Sharma,40,9,False,1188.06,338.16,DEV-7382-A,,2659
7383,Devi Verma,48,8,False,9515.04,4218.32,DEV-7383-A,,3099
7384,Vikram Gupta,53,6,False,635.18,262.2,DEV-7384-A,,2330
7385,Lakshmi Smith,71,2,True,8085.73,4768.64,DEV-7385-A,+91 98765 89525,932
7386,Arthur Williams,24,6,False,738.17,215.12,DEV-7386-A,,2743
7387,Eleanor Williams,58,9,False,719.21,395.81,DEV-7387-A,,1029
7388,Ramesh Williams,73,3,True,645.38,136.83,DEV-7388-A,+91 98765 83551,3130
7389,Aarav Joshi,38,7,False,5425.53,1410.51,DEV-7389-A,,3383
7390,Kavita Joshi,46,6,False,660.74,261.08,DEV-7390-A,,42
7391,Eleanor Singhania,40,7,False,3162.47,1698.74,DEV-7391-A,,2748
7392,Meena Verma,70,3,True,9916.94,1992.01,DEV-7392-A,+91 98765 84221,2528
7393,Martha Nair,57,6,False,1402.92,530.09,DEV-7393-A,,152
7394,Ramesh Singhania,67,3,True,2498.25,1041.99,DEV-7394-A,+91 98765 87399,3155
7395,Eleanor Smith,78,2,True,1302.37,407.32,DEV-7395-A,+91 98765 98677,630
7396,Martha Williams,82,2,True,857.83,331.0,DEV-7396-A,+91 98765 44870,412
7397,George Johnson,78,3,True,3114.77,1784.08,DEV-7397-A,+91 98765 59584,1441
7398,Martha Williams,28,5,False,1869.81,738.94,DEV-7398-A,,328
7399,Vikram Sharma,72,3,True,2116.96,905.7,DEV-7399-A,+91 98765 83635,2003
7400,Martha Patel,79,6,True,2175.52,1095.35,DEV-7400-A,+91 98765 98081,3432
7401,Ramesh Kumar,45,7,False,1119.14,503.14,DEV-7401-A,,809
7402,Arthur Johnson,30,6,False,970.8,206.63,DEV-7402-A,,1409
7403,Meena Gupta,68,2,True,1352.0,648.49,DEV-7403-A,+91 98765 35171,3213
7404,Anish Singhania,77,3,True,2831.81,1629.53,DEV-7404-A,+91 98765 80971,640
7405,Lakshmi Johnson,35,6,False,1068.31,250.08,DEV-7405-A,,3291
7406,Kavita Joshi,82,3,True,2044.43,949.5,DEV-7406-A,+91 98765 76719,1143
7407,Sunita Joshi,76,2,True,649.33,296.31,DEV-7407-A,+91 98765 13860,3440
7408,Priya Deshmukh,80,4,True,2609.75,1016.71,DEV-7408-A,+91 98765 39325,34
7409,Aarav Williams,66,3,True,3402.88,1556.09,DEV-7409-A,+91 98765 77357,1808
7410,George Singhania,80,1,True,439.5,180.58,DEV-7410-A,+91 98765 18205,255
7411,Meena Joshi,19,4,False,1765.44,1008.39,DEV-7411-A,,3156
7412,George Smith,23,8,False,1724.41,966.38,DEV-7412-A,,857
7413,Rajesh Patel,64,5,False,3047.47,1056.81,DEV-7413-A,,2767
7414,Vikram Joshi,23,6,False,4268.89,1994.05,DEV-7414-A,,2536
7415,Arthur Joshi,41,10,False,522.75,272.22,DEV-7415-A,,3402
7416,Aarav Sharma,31,6,False,1454.62,335.01,DEV-7416-A,,301
7417,George Smith,57,7,False,3862.19,980.42,DEV-7417-A,,259
7418,Anish Patel,21,7,False,787.67,368.15,DEV-7418-A,,1230
7419,Rajesh Joshi,59,8,False,824.33,298.36,DEV-7419-A,,3051
7420,Arthur Sharma,48,6,False,4240.61,1097.47,DEV-7420-A,,1886
7421,Martha Kumar,80,2,True,841.56,406.17,DEV-7421-A,+91 98765 33224,3564
7422,Vikram Joshi,63,6,False,2717.75,926.51,DEV-7422-A,,2415
7423,Devi Williams,26,4,False,2411.69,1146.94,DEV-7423-A,,1714
7424,Ramesh Sharma,18,7,False,1056.23,616.07,DEV-7424-A,,3019
7425,Eleanor Rao,82,3,True,1522.27,715.94,DEV-7425-A,+91 98765 93558,1176
7426,Anish Sharma,26,7,False,1623.88,633.29,DEV-7426-A,,2058
7427,Devi Deshmukh,31,7,False,934.03,318.03,DEV-7427-A,,2482
7428,Kavita Singhania,52,6,False,2316.85,1196.54,DEV-7428-A,,694
7429,Sunita Taylor,19,10,False,606.35,353.38,DEV-7429-A,,1869
7430,Ramesh Taylor,55,7,False,674.6,241.72,DEV-7430-A,,1681
7431,Martha Williams,48,7,False,582.47,151.45,DEV-7431-A,,562
7432,Ramesh Nair,68,2,True,2065.73,1148.23,DEV-7432-A,+91 98765 12550,2305
7433,Rajesh Taylor,57,7,False,1661.33,752.4,DEV-7433-A,,3603
7434,Suresh Taylor,42,6,False,3228.81,1551.63,DEV-7434-A,,2591
7435,Suresh Singhania,79,3,True,1352.64,283.56,DEV-7435-A,+91 98765 16251,689
7436,Rajesh Kumar,20,7,False,394.21,203.07,DEV-7436-A,,3215
7437,Anish Sharma,49,7,False,1761.3,752.46,DEV-7437-A,,1657
7438,Anish Patel,26,6,False,3568.44,1676.01,DEV-7438-A,,829
7439,Vikram Rao,59,5,False,3223.32,989.03,DEV-7439-A,,1889
7440,Lakshmi Patel,79,4,True,2518.85,864.82,DEV-7440-A,+91 98765 27388,1316
7441,Eleanor Taylor,60,6,False,1948.82,874.44,DEV-7441-A,,731
7442,Vikram Nair,74,2,True,7488.13,1526.94,DEV-7442-A,+91 98765 62600,475
7443,Devi Smith,57,7,False,868.64,264.54,DEV-7443-A,,354
7444,Devi Sharma,41,4,False,1647.02,693.55,DEV-7444-A,,869
7445,Priya Williams,33,8,False,2443.77,707.78,DEV-7445-A,,446
7446,Rajesh Johnson,50,8,False,8580.53,2971.09,DEV-7446-A,,699
7447,Aarav Singhania,59,7,False,1442.04,595.63,DEV-7447-A,,491
7448,Lakshmi Kumar,19,10,False,1970.19,992.35,DEV-7448-A,,1758
7449,Lakshmi Joshi,25,5,False,1019.57,437.56,DEV-7449-A,,2132
7450,Arthur Verma,81,6,True,2239.81,768.43,DEV-7450-A,+91 98765 71306,2060
7451,Eleanor Singhania,43,9,False,785.86,270.08,DEV-7451-A,,526
7452,Vikram Rao,30,8,False,1347.25,667.29,DEV-7452-A,,1862
7453,Rajesh Williams,39,9,False,6861.3,3149.63,DEV-7453-A,,2263
7454,Kavita Gupta,63,6,False,3063.22,1375.15,DEV-7454-A,,1113
7455,Sunita Taylor,55,7,False,1219.79,605.1,DEV-7455-A,,720
7456,Arthur Sharma,36,6,False,1970.01,1150.52,DEV-7456-A,,606
7457,George Gupta,25,6,False,1592.19,792.69,DEV-7457-A,,2120
7458,Sunita Joshi,82,4,True,602.28,130.66,DEV-7458-A,+91 98765 22388,1796
7459,Anish Gupta,42,6,False,992.66,454.53,DEV-7459-A,,246
7460,Lakshmi Deshmukh,26,8,False,3642.77,1764.17,DEV-7460-A,,869
7461,Anish Joshi,86,3,True,3104.25,1235.96,DEV-7461-A,+91 98765 23318,1661
7462,Suresh Smith,39,7,False,7568.15,4337.69,DEV-7462-A,,473
7463,Ramesh Deshmukh,33,5,False,722.35,377.36,DEV-7463-A,,3064
7464,Suresh Williams,24,4,False,594.29,136.24,DEV-7464-A,,2132
7465,Priya Verma,44,6,False,1841.51,743.87,DEV-7465-A,,337
7466,Aarav Joshi,88,3,True,2497.11,1013.92,DEV-7466-A,+91 98765 31165,2647
7467,Rajesh Deshmukh,36,7,False,1797.8,610.7,DEV-7467-A,,3391
7468,Priya Patel,22,8,False,6550.12,2809.14,DEV-7468-A,,2603
7469,Vikram Gupta,36,9,False,654.29,368.48,DEV-7469-A,,2157
7470,Martha Verma,33,10,False,10287.27,5654.6,DEV-7470-A,,2375
7471,Arthur Taylor,21,5,False,1419.72,296.17,DEV-7471-A,,3428
7472,Suresh Kumar,27,7,False,2821.89,692.17,DEV-7472-A,,3025
7473,Devi Rao,55,6,False,526.89,198.15,DEV-7473-A,,3134
7474,Martha Joshi,45,9,False,3191.43,1058.51,DEV-7474-A,,3414
7475,Lakshmi Joshi,85,3,True,1458.32,636.2,DEV-7475-A,+91 98765 80694,1025
7476,Meena Joshi,35,8,False,720.35,317.45,DEV-7476-A,,2140
7477,Priya Smith,28,8,False,3249.12,1121.05,DEV-7477-A,,2821
7478,Arthur Singhania,63,7,False,812.07,217.3,DEV-7478-A,,149
7479,Arthur Rao,20,6,False,1281.98,581.26,DEV-7479-A,,2374
7480,Devi Taylor,62,7,False,322.18,169.94,DEV-7480-A,,123
7481,Suresh Kumar,77,2,True,3514.16,1715.17,DEV-7481-A,+91 98765 87150,2260
7482,Martha Singhania,33,7,False,562.36,265.18,DEV-7482-A,,2818
7483,Meena Deshmukh,21,7,False,4132.1,1535.2,DEV-7483-A,,1989
7484,Sunita Singhania,77,4,True,6544.29,2145.89,DEV-7484-A,+91 98765 75072,996
7485,George Smith,30,5,False,1091.0,366.25,DEV-7485-A,,3224
7486,Ramesh Joshi,51,8,False,1239.08,319.95,DEV-7486-A,,3275
7487,Aarav Nair,49,7,False,6928.23,2386.14,DEV-7487-A,,3161
7488,Aarav Singhania,48,9,False,2790.45,574.26,DEV-7488-A,,2244
7489,Ramesh Patel,81,3,True,2848.2,1428.43,DEV-7489-A,+91 98765 96364,3473
7490,Priya Verma,51,8,False,1254.96,550.59,DEV-7490-A,,947
7491,Eleanor Nair,55,8,False,2503.75,1233.75,DEV-7491-A,,2790
7492,Priya Patel,31,8,False,1769.69,746.5,DEV-7492-A,,1641
7493,Eleanor Sharma,86,4,True,4140.88,1406.85,DEV-7493-A,+91 98765 53915,2238
7494,Devi Patel,37,6,False,8535.66,4434.29,DEV-7494-A,,2842
7495,Anish Singhania,70,4,True,782.64,311.35,DEV-7495-A,+91 98765 84636,645
7496,Rajesh Smith,38,8,False,1543.68,530.73,DEV-7496-A,,2697
7497,Priya Patel,36,5,False,1107.77,462.89,DEV-7497-A,,2367
7498,Ramesh Nair,27,6,False,3001.13,1318.16,DEV-7498-A,,2355
7499,George Deshmukh,26,7,False,2482.01,1312.66,DEV-7499-A,,3122
7500,Sunita Smith,70,4,True,2790.1,670.14,DEV-7500-A,+91 98765 87415,2218
7501,Anish Rao,62,8,False,1035.35,603.35,DEV-7501-A,,1791
7502,Kavita Kumar,82,3,True,907.49,313.75,DEV-7502-A,+91 98765 81660,3585
7503,Aarav Verma,25,7,False,943.08,562.86,DEV-7503-A,,549
7504,Sunita Joshi,54,6,False,11290.44,5249.29,DEV-7504-A,,1385
7505,Sunita Johnson,88,2,True,2018.83,801.79,DEV-7505-A,+91 98765 40120,2742
7506,Martha Taylor,91,5,True,463.51,112.47,DEV-7506-A,+91 98765 88410,2965
7507,Anish Smith,27,6,False,3200.52,1031.15,DEV-7507-A,,1225
7508,Ramesh Gupta,43,6,False,4167.82,2249.74,DEV-7508-A,,3644
7509,Arthur Joshi,91,2,True,1359.48,350.41,DEV-7509-A,+91 98765 89918,2127
7510,Rajesh Williams,69,2,True,1073.16,302.37,DEV-7510-A,+91 98765 21011,1191
7511,Eleanor Deshmukh,40,7,False,4236.05,1884.34,DEV-7511-A,,2594
7512,Devi Kumar,59,7,False,6816.35,2754.72,DEV-7512-A,,3106
7513,Sunita Taylor,58,6,False,5164.43,1715.36,DEV-7513-A,,2712
7514,Devi Patel,35,4,False,3235.47,1346.36,DEV-7514-A,,1492
7515,Priya Rao,44,10,False,7202.77,2546.09,DEV-7515-A,,2258
7516,George Deshmukh,45,6,False,3653.18,2003.99,DEV-7516-A,,1629
7517,Suresh Rao,82,4,True,3076.66,1369.66,DEV-7517-A,+91 98765 80683,3180
7518,Priya Sharma,51,6,False,970.31,432.61,DEV-7518-A,,2551
7519,Devi Gupta,29,7,False,3498.13,1888.94,DEV-7519-A,,1588
7520,Rajesh Johnson,34,6,False,1587.37,481.14,DEV-7520-A,,290
7521,Devi Deshmukh,49,7,False,2834.76,1292.36,DEV-7521-A,,2530
7522,Suresh Singhania,45,7,False,1095.05,247.88,DEV-7522-A,,2249
7523,Ramesh Joshi,81,2,True,5412.19,2468.43,DEV-7523-A,+91 98765 91741,2383
7524,Martha Smith,25,8,False,2816.84,1489.26,DEV-7524-A,,2066
7525,Ramesh Joshi,36,7,False,456.71,268.14,DEV-7525-A,,3446
7526,Ramesh Nair,84,4,True,1106.69,629.18,DEV-7526-A,+91 98765 77648,2392
7527,Vikram Deshmukh,34,6,False,3312.72,1117.42,DEV-7527-A,,3101
7528,Sunita Kumar,30,9,False,1844.98,758.69,DEV-7528-A,,2664
7529,Arthur Williams,25,8,False,508.36,220.26,DEV-7529-A,,2177
7530,Aarav Singhania,55,7,False,1540.61,868.55,DEV-7530-A,,2665
7531,Priya Williams,50,8,False,2189.4,1000.66,DEV-7531-A,,2590
7532,Lakshmi Nair,62,6,False,3677.24,1592.51,DEV-7532-A,,242
7533,Anish Sharma,77,4,True,1413.82,633.61,DEV-7533-A,+91 98765 96975,3584
7534,Eleanor Kumar,45,5,False,6939.65,3714.2,DEV-7534-A,,1628
7535,George Taylor,49,7,False,3827.35,1776.45,DEV-7535-A,,2567
7536,Arthur Williams,91,4,True,1058.38,270.47,DEV-7536-A,+91 98765 69852,2361
7537,Sunita Sharma,77,4,True,2024.81,1106.32,DEV-7537-A,+91 98765 98212,541
7538,Priya Gupta,22,7,False,795.76,324.13,DEV-7538-A,,2249
7539,Priya Kumar,28,7,False,779.57,171.17,DEV-7539-A,,3087
7540,Arthur Joshi,80,4,True,2957.31,610.39,DEV-7540-A,+91 98765 59090,1129
7541,Anish Verma,21,7,False,1830.95,616.9,DEV-7541-A,,2174
7542,George Deshmukh,40,8,False,932.23,427.59,DEV-7542-A,,2461
7543,George Rao,24,10,False,1315.6,522.83,DEV-7543-A,,604
7544,Eleanor Joshi,62,8,False,3896.26,1739.47,DEV-7544-A,,3369
7545,Kavita Verma,78,3,True,3506.78,944.38,DEV-7545-A,+91 98765 93663,1040
7546,Ramesh Williams,75,5,True,2606.9,936.91,DEV-7546-A,+91 98765 79822,3058
7547,Anish Kumar,91,2,True,904.22,199.45,DEV-7547-A,+91 98765 61299,3430
7548,Lakshmi Joshi,86,5,True,1219.15,579.07,DEV-7548-A,+91 98765 35502,2267
7549,Meena Nair,80,4,True,8345.28,4040.18,DEV-7549-A,+91 98765 63071,703
7550,Anish Patel,69,3,True,1062.46,424.13,DEV-7550-A,+91 98765 99714,2817
7551,Arthur Verma,57,7,False,2277.96,1148.89,DEV-7551-A,,2213
7552,Arthur Taylor,52,8,False,634.01,372.08,DEV-7552-A,,2009
7553,Priya Nair,26,6,False,1823.6,599.03,DEV-7553-A,,1623
7554,Priya Johnson,58,8,False,3245.58,1250.01,DEV-7554-A,,733
7555,George Johnson,83,4,True,941.99,367.0,DEV-7555-A,+91 98765 39052,3586
7556,Lakshmi Nair,82,3,True,1854.59,529.85,DEV-7556-A,+91 98765 79434,2520
7557,Eleanor Patel,61,8,False,3628.92,1457.37,DEV-7557-A,,945
7558,Meena Smith,18,6,False,714.58,386.46,DEV-7558-A,,2940
7559,George Nair,77,3,True,665.26,190.31,DEV-7559-A,+91 98765 57946,135
7560,Suresh Smith,79,2,True,5017.79,2372.17,DEV-7560-A,+91 98765 44452,1612
7561,Arthur Sharma,29,5,False,573.08,169.16,DEV-7561-A,,2528
7562,Arthur Kumar,80,2,True,3865.89,1147.58,DEV-7562-A,+91 98765 73932,3196
7563,Kavita Joshi,19,8,False,329.54,102.51,DEV-7563-A,,1101
7564,Lakshmi Sharma,64,4,False,937.81,539.83,DEV-7564-A,,825
7565,Kavita Williams,34,5,False,583.78,173.08,DEV-7565-A,,2582
7566,Meena Williams,32,8,False,1298.99,658.37,DEV-7566-A,,2128
7567,Rajesh Joshi,62,8,False,154.58,47.43,DEV-7567-A,,493
7568,Suresh Johnson,22,7,False,341.81,76.2,DEV-7568-A,,2013
7569,Priya Sharma,23,6,False,608.02,217.26,DEV-7569-A,,845
7570,Arthur Johnson,25,6,False,913.78,207.48,DEV-7570-A,,996
7571,Anish Kumar,39,7,False,1292.22,457.99,DEV-7571-A,,184
7572,Rajesh Joshi,39,7,False,1263.47,370.3,DEV-7572-A,,1521
7573,Vikram Singhania,90,1,True,3106.54,751.01,DEV-7573-A,+91 98765 50315,391
7574,Arthur Gupta,65,7,False,767.01,347.35,DEV-7574-A,,1888
7575,Meena Nair,53,6,False,4813.34,978.83,DEV-7575-A,,3419
7576,Arthur Rao,67,2,True,1181.37,460.82,DEV-7576-A,+91 98765 24053,917
7577,Priya Nair,73,4,True,1457.43,609.11,DEV-7577-A,+91 98765 91183,908
7578,Martha Deshmukh,48,7,False,2048.56,1043.74,DEV-7578-A,,3011
7579,Meena Rao,33,8,False,520.19,291.71,DEV-7579-A,,3301
7580,Martha Deshmukh,55,9,False,3032.55,921.08,DEV-7580-A,,3517
7581,Arthur Sharma,76,2,True,1409.94,479.45,DEV-7581-A,+91 98765 12104,2572
7582,Anish Joshi,33,6,False,851.87,232.03,DEV-7582-A,,643
7583,Meena Gupta,61,10,False,3989.1,1346.28,DEV-7583-A,,3182
7584,Rajesh Sharma,70,3,True,785.0,243.49,DEV-7584-A,+91 98765 56381,756
7585,Devi Singhania,52,9,False,1079.32,600.65,DEV-7585-A,,2551
7586,Meena Taylor,68,2,True,954.69,542.02,DEV-7586-A,+91 98765 87559,2175
7587,Suresh Smith,46,7,False,2928.85,1700.81,DEV-7587-A,,276
7588,Ramesh Kumar,85,4,True,1550.04,858.79,DEV-7588-A,+91 98765 72654,57
7589,Anish Nair,30,9,False,1373.85,592.34,DEV-7589-A,,561
7590,Lakshmi Joshi,78,2,True,1748.31,574.52,DEV-7590-A,+91 98765 77404,2187
7591,Eleanor Singhania,40,8,False,3422.8,1628.41,DEV-7591-A,,696
7592,Ramesh Nair,19,7,False,1878.34,848.3,DEV-7592-A,,2313
7593,Martha Singhania,21,10,False,4055.21,892.9,DEV-7593-A,,269
7594,Arthur Joshi,36,6,False,584.73,313.95,DEV-7594-A,,3195
7595,Martha Kumar,34,6,False,1445.13,682.22,DEV-7595-A,,3119
7596,Devi Smith,33,5,False,2904.87,1031.66,DEV-7596-A,,1841
7597,Anish Gupta,78,2,True,2644.12,1171.57,DEV-7597-A,+91 98765 31966,596
7598,Suresh Taylor,58,7,False,891.99,271.4,DEV-7598-A,,1413
7599,Arthur Taylor,48,6,False,2592.65,646.4,DEV-7599-A,,2771
7600,Anish Smith,35,7,False,1457.56,441.58,DEV-7600-A,,2619
7601,Arthur Taylor,59,8,False,1742.52,501.13,DEV-7601-A,,2439
7602,Martha Nair,55,8,False,2791.77,1012.82,DEV-7602-A,,3292
7603,Arthur Kumar,63,6,False,433.83,242.19,DEV-7603-A,,2949
7604,Kavita Verma,87,2,True,5695.57,3007.39,DEV-7604-A,+91 98765 75802,557
7605,Kavita Johnson,19,7,False,1011.22,320.05,DEV-7605-A,,516
7606,Rajesh Kumar,87,1,True,453.72,213.81,DEV-7606-A,+91 98765 66112,1391
7607,Aarav Verma,70,1,True,1633.54,832.0,DEV-7607-A,+91 98765 10820,3644
7608,Sunita Sharma,38,8,False,747.19,176.47,DEV-7608-A,,668
7609,Kavita Nair,89,3,True,1749.55,451.78,DEV-7609-A,+91 98765 93776,970
7610,Lakshmi Patel,20,7,False,1202.2,280.36,DEV-7610-A,,998
7611,Ramesh Williams,51,5,False,666.98,302.97,DEV-7611-A,,3623
7612,Meena Kumar,28,8,False,5816.3,3291.9,DEV-7612-A,,1365
7613,Arthur Patel,41,7,False,2297.73,1354.19,DEV-7613-A,,883
7614,Aarav Nair,19,8,False,2880.27,637.32,DEV-7614-A,,1422
7615,Suresh Sharma,55,7,False,5385.37,1214.54,DEV-7615-A,,2167
7616,Vikram Williams,63,8,False,596.99,352.55,DEV-7616-A,,2622
7617,Martha Smith,25,6,False,825.0,440.95,DEV-7617-A,,3053
7618,Priya Williams,48,8,False,405.71,123.42,DEV-7618-A,,441
7619,Kavita Gupta,43,9,False,1134.59,646.38,DEV-7619-A,,1194
7620,George Singhania,70,3,True,178.72,44.69,DEV-7620-A,+91 98765 86865,2569
7621,Suresh Verma,68,4,True,2126.45,595.93,DEV-7621-A,+91 98765 75481,3513
7622,Lakshmi Singhania,70,2,True,3685.93,1721.15,DEV-7622-A,+91 98765 68851,2640
7623,Devi Taylor,85,3,True,2531.33,554.94,DEV-7623-A,+91 98765 48360,2664
7624,Martha Verma,80,1,True,4274.64,1175.1,DEV-7624-A,+91 98765 10834,561
7625,Eleanor Joshi,25,6,False,250.73,67.12,DEV-7625-A,,2140
7626,Priya Nair,20,8,False,813.45,189.45,DEV-7626-A,,1209
7627,Vikram Patel,53,6,False,1313.8,469.33,DEV-7627-A,,2183
7628,Vikram Kumar,24,6,False,786.53,261.02,DEV-7628-A,,3362
7629,Priya Taylor,69,4,True,3085.88,999.05,DEV-7629-A,+91 98765 81219,3338
7630,Meena Taylor,75,3,True,1580.86,344.6,DEV-7630-A,+91 98765 27527,809
7631,Rajesh Verma,86,4,True,1489.36,460.28,DEV-7631-A,+91 98765 36238,2514
7632,Ramesh Joshi,83,4,True,1791.14,1039.41,DEV-7632-A,+91 98765 94560,59
7633,Kavita Johnson,38,9,False,1114.16,356.69,DEV-7633-A,,409
7634,Sunita Singhania,69,3,True,957.36,238.31,DEV-7634-A,+91 98765 11063,398
7635,Lakshmi Singhania,36,8,False,1214.64,336.95,DEV-7635-A,,1104
7636,Suresh Verma,74,3,True,5802.7,1703.31,DEV-7636-A,+91 98765 36733,2969
7637,Devi Nair,32,7,False,1782.79,735.47,DEV-7637-A,,129
7638,Priya Kumar,87,3,True,718.05,419.85,DEV-7638-A,+91 98765 71821,1684
7639,Rajesh Williams,79,3,True,2351.1,760.84,DEV-7639-A,+91 98765 69772,754
7640,Priya Nair,81,3,True,3181.43,1087.5,DEV-7640-A,+91 98765 72924,1931
7641,Arthur Gupta,44,5,False,1084.14,485.02,DEV-7641-A,,3089
7642,Eleanor Smith,54,6,False,1690.27,876.84,DEV-7642-A,,2601
7643,Anish Deshmukh,29,7,False,896.71,322.33,DEV-7643-A,,585
7644,George Verma,21,9,False,1071.66,478.07,DEV-7644-A,,3563
7645,Sunita Nair,41,8,False,713.15,395.81,DEV-7645-A,,613
7646,Rajesh Smith,59,7,False,5377.94,2620.07,DEV-7646-A,,3375
7647,Devi Singhania,82,3,True,2015.69,750.76,DEV-7647-A,+91 98765 96203,2298
7648,Lakshmi Taylor,83,4,True,2320.53,500.66,DEV-7648-A,+91 98765 23402,1637
7649,Sunita Smith,60,7,False,2333.71,1084.51,DEV-7649-A,,3589
7650,Priya Taylor,75,2,True,503.13,215.24,DEV-7650-A,+91 98765 67610,525
7651,Suresh Verma,51,7,False,1247.77,372.27,DEV-7651-A,,289
7652,Devi Williams,68,5,True,2514.55,573.21,DEV-7652-A,+91 98765 38189,842
7653,Devi Kumar,49,8,False,1267.3,612.25,DEV-7653-A,,2967
7654,Vikram Johnson,80,5,True,2053.26,827.19,DEV-7654-A,+91 98765 95904,2416
7655,Priya Joshi,52,7,False,1324.47,409.6,DEV-7655-A,,149
7656,Arthur Verma,19,8,False,1348.45,787.32,DEV-7656-A,,736
7657,Ramesh Johnson,86,2,True,1242.71,566.31,DEV-7657-A,+91 98765 84301,2548
7658,Vikram Taylor,49,7,False,1065.5,452.99,DEV-7658-A,,1717
7659,Priya Patel,79,5,True,8344.9,3140.19,DEV-7659-A,+91 98765 65980,3304
7660,Arthur Williams,47,10,False,1043.3,389.36,DEV-7660-A,,3527
7661,Rajesh Williams,36,6,False,974.56,328.97,DEV-7661-A,,1271
7662,Lakshmi Smith,80,1,True,1855.73,656.58,DEV-7662-A,+91 98765 82175,619
7663,Lakshmi Verma,24,7,False,3555.98,2105.7,DEV-7663-A,,1361
7664,Eleanor Taylor,40,6,False,3159.68,728.18,DEV-7664-A,,1031
7665,Vikram Nair,20,5,False,3710.83,1400.5,DEV-7665-A,,2307
7666,Kavita Gupta,75,2,True,763.5,410.87,DEV-7666-A,+91 98765 64771,530
7667,Suresh Taylor,49,6,False,4399.09,1580.8,DEV-7667-A,,2670
7668,Devi Taylor,28,7,False,2149.77,1133.89,DEV-7668-A,,3076
7669,Suresh Rao,44,9,False,1572.06,425.94,DEV-7669-A,,691
7670,George Gupta,32,9,False,1062.08,370.73,DEV-7670-A,,1042
7671,Aarav Johnson,41,8,False,606.5,315.84,DEV-7671-A,,1392
7672,Anish Joshi,22,6,False,1962.01,805.47,DEV-7672-A,,1069
7673,Suresh Johnson,34,7,False,393.14,224.42,DEV-7673-A,,2960
7674,Meena Verma,65,7,False,2706.6,549.02,DEV-7674-A,,1860
7675,Devi Sharma,35,7,False,3242.57,1921.74,DEV-7675-A,,795
7676,Priya Deshmukh,28,6,False,591.43,195.54,DEV-7676-A,,316
7677,Priya Sharma,34,10,False,950.84,308.55,DEV-7677-A,,1386
7678,Lakshmi Williams,23,6,False,7724.62,3264.37,DEV-7678-A,,2470
7679,Devi Kumar,47,7,False,3901.78,2221.33,DEV-7679-A,,2188
7680,Suresh Taylor,50,6,False,611.57,250.04,DEV-7680-A,,490
7681,Vikram Deshmukh,52,5,False,3207.47,1486.78,DEV-7681-A,,2929
7682,Arthur Verma,71,3,True,9132.54,5449.13,DEV-7682-A,+91 98765 85966,2316
7683,Lakshmi Verma,44,8,False,860.64,233.74,DEV-7683-A,,641
7684,Aarav Kumar,19,6,False,768.18,186.4,DEV-7684-A,,2795
7685,Meena Verma,30,8,False,3269.91,1723.23,DEV-7685-A,,3279
7686,Eleanor Singhania,77,4,True,1509.19,619.33,DEV-7686-A,+91 98765 17115,2274
7687,Vikram Verma,48,6,False,3153.83,1626.74,DEV-7687-A,,184
7688,Sunita Gupta,45,6,False,1023.9,542.18,DEV-7688-A,,3147
7689,Suresh Johnson,31,7,False,2841.73,1588.1,DEV-7689-A,,3351
7690,Devi Smith,53,8,False,6072.86,3233.67,DEV-7690-A,,2092
7691,Devi Nair,76,5,True,4712.26,2680.1,DEV-7691-A,+91 98765 99600,892
7692,Eleanor Williams,85,4,True,592.54,255.18,DEV-7692-A,+91 98765 77414,1493
7693,Priya Rao,36,8,False,1014.11,582.28,DEV-7693-A,,2640
7694,George Sharma,21,8,False,870.86,454.39,DEV-7694-A,,3301
7695,Sunita Rao,72,4,True,2364.75,678.54,DEV-7695-A,+91 98765 12272,1169
7696,Kavita Rao,24,9,False,2519.79,1090.61,DEV-7696-A,,1618
7697,Rajesh Joshi,88,4,True,3893.81,872.61,DEV-7697-A,+91 98765 85060,3532
7698,Arthur Patel,24,6,False,2905.03,614.51,DEV-7698-A,,1915
7699,Rajesh Nair,83,3,True,2324.09,1190.13,DEV-7699-A,+91 98765 31365,890
7700,Rajesh Sharma,21,8,False,566.03,286.0,DEV-7700-A,,3220
7701,Ramesh Williams,18,5,False,1066.87,639.6,DEV-7701-A,,2394
7702,Priya Kumar,61,6,False,1587.83,697.8,DEV-7702-A,,3019
7703,Eleanor Williams,59,6,False,3623.18,2146.99,DEV-7703-A,,128
7704,Rajesh Gupta,46,6,False,628.57,256.35,DEV-7704-A,,844
7705,Suresh Gupta,86,4,True,6470.43,1715.47,DEV-7705-A,+91 98765 95688,3584
7706,Vikram Sharma,27,10,False,1832.78,917.13,DEV-7706-A,,2537
7707,Vikram Sharma,32,7,False,936.26,531.11,DEV-7707-A,,2391
7708,Martha Deshmukh,53,5,False,702.08,177.51,DEV-7708-A,,368
7709,Vikram Williams,48,5,False,1816.91,859.73,DEV-7709-A,,2460
7710,Suresh Patel,69,3,True,5044.52,2139.73,DEV-7710-A,+91 98765 89783,501
7711,Ramesh Singhania,65,6,False,6311.27,2639.38,DEV-7711-A,,228
7712,Ramesh Taylor,71,4,True,967.75,364.76,DEV-7712-A,+91 98765 29895,503
7713,Vikram Verma,42,7,False,1703.87,866.91,DEV-7713-A,,513
7714,Devi Singhania,19,8,False,550.86,246.02,DEV-7714-A,,1941
7715,Ramesh Sharma,35,5,False,1455.93,320.64,DEV-7715-A,,501
7716,Rajesh Patel,51,8,False,347.41,201.01,DEV-7716-A,,491
7717,George Singhania,27,10,False,1388.38,600.2,DEV-7717-A,,458
7718,Ramesh Verma,49,5,False,783.62,274.67,DEV-7718-A,,201
7719,Meena Johnson,57,8,False,1113.18,478.78,DEV-7719-A,,2985
7720,Sunita Deshmukh,35,8,False,1810.05,376.85,DEV-7720-A,,587
7721,Arthur Williams,30,10,False,975.36,277.87,DEV-7721-A,,3071
7722,Devi Rao,85,4,True,2349.3,779.33,DEV-7722-A,+91 98765 35945,2581
7723,Vikram Sharma,76,1,True,1047.74,591.62,DEV-7723-A,+91 98765 48484,2372
7724,Vikram Singhania,23,7,False,3117.28,1861.17,DEV-7724-A,,1587
7725,Arthur Rao,52,10,False,1773.34,909.96,DEV-7725-A,,2226
7726,Aarav Williams,28,4,False,457.43,110.45,DEV-7726-A,,762
7727,Devi Williams,46,6,False,3819.29,1424.71,DEV-7727-A,,3621
7728,Kavita Kumar,88,3,True,1287.41,640.32,DEV-7728-A,+91 98765 78287,454
7729,Ramesh Kumar,70,4,True,3850.44,860.98,DEV-7729-A,+91 98765 46968,751
7730,Meena Patel,52,7,False,1984.85,406.54,DEV-7730-A,,1195
7731,Aarav Kumar,75,2,True,6660.14,3837.3,DEV-7731-A,+91 98765 83188,2827
7732,George Williams,70,5,True,1642.45,768.14,DEV-7732-A,+91 98765 78788,605
7733,Arthur Joshi,74,2,True,2513.94,737.83,DEV-7733-A,+91 98765 11145,2391
7734,Arthur Verma,35,8,False,2673.24,1064.31,DEV-7734-A,,644
7735,Kavita Singhania,55,6,False,3782.74,832.47,DEV-7735-A,,557
7736,Aarav Joshi,49,6,False,1566.15,712.23,DEV-7736-A,,3401
7737,Vikram Taylor,76,2,True,7846.12,1956.36,DEV-7737-A,+91 98765 58067,1463
7738,George Joshi,83,2,True,1002.39,527.65,DEV-7738-A,+91 98765 18653,3349
7739,Aarav Kumar,90,4,True,5991.21,1963.75,DEV-7739-A,+91 98765 38130,2961
7740,Eleanor Verma,19,8,False,643.88,167.75,DEV-7740-A,,3221
7741,Suresh Joshi,81,3,True,605.68,245.18,DEV-7741-A,+91 98765 12239,3209
7742,Meena Rao,57,8,False,1344.5,507.85,DEV-7742-A,,1888
7743,Meena Verma,64,6,False,2307.47,1036.18,DEV-7743-A,,1158
7744,Vikram Singhania,53,9,False,4703.53,1351.39,DEV-7744-A,,1500
7745,Arthur Smith,32,6,False,1602.75,368.38,DEV-7745-A,,1531
7746,George Gupta,23,4,False,5390.35,1711.15,DEV-7746-A,,3153
7747,Ramesh Rao,38,6,False,617.76,173.73,DEV-7747-A,,3496
7748,Aarav Gupta,64,8,False,3789.18,2140.59,DEV-7748-A,,336
7749,Ramesh Sharma,26,6,False,1018.45,303.42,DEV-7749-A,,606
7750,Suresh Sharma,38,6,False,1908.18,673.41,DEV-7750-A,,1760
7751,Meena Nair,33,7,False,1858.9,756.69,DEV-7751-A,,2545
7752,Priya Deshmukh,45,9,False,1143.54,261.63,DEV-7752-A,,975
7753,Suresh Gupta,88,1,True,980.92,578.38,DEV-7753-A,+91 98765 17904,711
7754,Sunita Deshmukh,86,2,True,4721.51,1677.61,DEV-7754-A,+91 98765 21190,1796
7755,Martha Joshi,28,10,False,2056.55,635.89,DEV-7755-A,,2449
7756,Aarav Singhania,86,4,True,2497.99,1451.96,DEV-7756-A,+91 98765 39910,562
7757,Ramesh Joshi,70,5,True,8691.76,3276.91,DEV-7757-A,+91 98765 46883,2205
7758,Meena Nair,90,3,True,1149.24,324.23,DEV-7758-A,+91 98765 51869,1099
7759,Priya Joshi,52,6,False,3392.05,1212.13,DEV-7759-A,,3628
7760,Aarav Rao,87,4,True,6032.55,1742.19,DEV-7760-A,+91 98765 47415,162
7761,Lakshmi Sharma,45,8,False,2776.66,827.01,DEV-7761-A,,540
7762,Aarav Johnson,61,5,False,2234.9,517.52,DEV-7762-A,,1517
7763,George Deshmukh,67,5,True,1793.79,835.15,DEV-7763-A,+91 98765 83980,3177
7764,Devi Nair,67,2,True,889.32,391.61,DEV-7764-A,+91 98765 65468,3252
7765,Kavita Johnson,30,7,False,5324.51,1548.35,DEV-7765-A,,295
7766,Eleanor Deshmukh,58,6,False,334.17,142.95,DEV-7766-A,,2447
7767,Eleanor Nair,50,7,False,2123.77,1260.51,DEV-7767-A,,1197
7768,Martha Joshi,48,7,False,2963.97,878.48,DEV-7768-A,,736
7769,Lakshmi Gupta,32,5,False,1761.6,826.49,DEV-7769-A,,1994
7770,Meena Verma,41,6,False,374.2,156.05,DEV-7770-A,,3457
7771,Anish Deshmukh,27,8,False,2399.8,746.81,DEV-7771-A,,1808
7772,Aarav Patel,29,6,False,2844.97,615.94,DEV-7772-A,,210
7773,Sunita Kumar,58,6,False,1189.93,705.2,DEV-7773-A,,515
7774,Meena Sharma,36,7,False,5285.16,1223.19,DEV-7774-A,,878
7775,Aarav Kumar,67,3,True,7055.17,3538.51,DEV-7775-A,+91 98765 64076,2298
7776,Lakshmi Patel,65,8,False,1737.23,585.15,DEV-7776-A,,1870
7777,George Gupta,58,9,False,3273.81,1839.44,DEV-7777-A,,3157
7778,Rajesh Deshmukh,27,8,False,986.74,483.53,DEV-7778-A,,693
7779,Martha Smith,63,6,False,1054.5,491.96,DEV-7779-A,,204
7780,Aarav Smith,30,7,False,9877.22,3502.97,DEV-7780-A,,429
7781,Eleanor Deshmukh,37,7,False,3077.92,1306.58,DEV-7781-A,,469
7782,Ramesh Johnson,87,3,True,1987.73,482.12,DEV-7782-A,+91 98765 13995,3587
7783,Meena Nair,77,4,True,1158.63,628.27,DEV-7783-A,+91 98765 17969,1928
7784,Rajesh Rao,35,9,False,1088.55,260.84,DEV-7784-A,,2112
7785,Sunita Singhania,69,4,True,486.38,120.07,DEV-7785-A,+91 98765 69370,446
7786,Lakshmi Sharma,35,6,False,237.2,47.45,DEV-7786-A,,1922
7787,Lakshmi Nair,81,5,True,245.83,69.65,DEV-7787-A,+91 98765 20447,225
7788,Kavita Nair,57,5,False,2019.12,596.14,DEV-7788-A,,2203
7789,Anish Deshmukh,22,8,False,764.8,249.7,DEV-7789-A,,1259
7790,Vikram Kumar,40,7,False,782.3,263.52,DEV-7790-A,,1670
7791,Priya Patel,62,8,False,6221.33,1931.27,DEV-7791-A,,2913
7792,Vikram Sharma,50,8,False,1484.67,752.07,DEV-7792-A,,101
7793,Martha Verma,49,7,False,2726.42,903.57,DEV-7793-A,,1459
7794,Eleanor Deshmukh,24,9,False,2016.39,1102.34,DEV-7794-A,,1774
7795,Martha Johnson,57,9,False,717.19,362.08,DEV-7795-A,,1069
7796,Suresh Sharma,44,10,False,1466.21,807.38,DEV-7796-A,,867
7797,Meena Smith,72,3,True,2204.09,783.6,DEV-7797-A,+91 98765 10716,1397
7798,Vikram Williams,55,6,False,3013.9,1483.18,DEV-7798-A,,3321
7799,Vikram Johnson,24,9,False,6503.55,3321.75,DEV-7799-A,,1678
7800,Priya Joshi,53,7,False,1418.24,501.01,DEV-7800-A,,3347
7801,Devi Gupta,38,7,False,1845.53,893.77,DEV-7801-A,,3463
7802,Martha Singhania,52,8,False,3441.19,1592.78,DEV-7802-A,,1819
7803,Ramesh Patel,91,5,True,1359.46,705.71,DEV-7803-A,+91 98765 56299,2426
7804,Rajesh Smith,42,8,False,1745.02,371.54,DEV-7804-A,,1015
7805,Ramesh Taylor,39,7,False,1804.01,1009.62,DEV-7805-A,,3526
7806,Suresh Sharma,36,8,False,1150.85,358.14,DEV-7806-A,,161
7807,Sunita Gupta,60,8,False,2815.8,1443.89,DEV-7807-A,,1680
7808,Martha Singhania,23,7,False,1204.57,258.23,DEV-7808-A,,440
7809,Kavita Nair,50,9,False,336.29,107.45,DEV-7809-A,,2597
7810,Aarav Kumar,49,5,False,1139.74,523.99,DEV-7810-A,,307
7811,Meena Sharma,62,7,False,1902.82,916.75,DEV-7811-A,,1860
7812,Suresh Williams,63,6,False,3097.06,1059.89,DEV-7812-A,,1944
7813,Meena Gupta,27,8,False,1068.32,325.56,DEV-7813-A,,182
7814,Aarav Taylor,47,8,False,892.43,438.46,DEV-7814-A,,2713
7815,Anish Johnson,41,6,False,3301.03,1573.8,DEV-7815-A,,996
7816,Rajesh Joshi,67,3,True,1284.65,320.06,DEV-7816-A,+91 98765 83783,3131
7817,Anish Johnson,28,6,False,441.77,248.05,DEV-7817-A,,42
7818,Arthur Rao,30,8,False,3108.06,1165.92,DEV-7818-A,,2764
7819,Rajesh Nair,50,7,False,2991.8,648.56,DEV-7819-A,,3243
7820,Priya Sharma,70,5,True,2296.48,528.7,DEV-7820-A,+91 98765 43491,2530
7821,Sunita Kumar,58,8,False,1495.98,364.97,DEV-7821-A,,2445
7822,Kavita Williams,77,2,True,716.27,322.76,DEV-7822-A,+91 98765 88372,3395
7823,Suresh Singhania,26,5,False,1428.98,774.68,DEV-7823-A,,3238
7824,Suresh Williams,20,9,False,574.04,324.47,DEV-7824-A,,946
7825,Rajesh Rao,79,4,True,2801.03,1571.3,DEV-7825-A,+91 98765 70718,2447
7826,Devi Williams,38,7,False,3415.99,1549.63,DEV-7826-A,,522
7827,Martha Singhania,45,9,False,303.76,104.0,DEV-7827-A,,2499
7828,Kavita Patel,73,5,True,4052.53,1185.02,DEV-7828-A,+91 98765 63855,1594
7829,Meena Verma,89,2,True,2864.27,1432.7,DEV-7829-A,+91 98765 38348,2016
7830,Kavita Sharma,29,7,False,1008.69,425.07,DEV-7830-A,,2016
7831,Suresh Johnson,30,8,False,1593.56,500.38,DEV-7831-A,,1120
7832,Lakshmi Rao,28,5,False,3258.04,1368.53,DEV-7832-A,,3433
7833,Priya Kumar,42,7,False,2744.39,1190.16,DEV-7833-A,,1350
7834,Martha Verma,86,3,True,4380.45,1918.34,DEV-7834-A,+91 98765 37647,3048
7835,Kavita Johnson,42,5,False,1393.42,597.93,DEV-7835-A,,2358
7836,Meena Johnson,53,7,False,611.75,360.47,DEV-7836-A,,1857
7837,Aarav Patel,65,8,False,1752.46,753.78,DEV-7837-A,,2944
7838,Anish Verma,26,5,False,2113.37,1071.48,DEV-7838-A,,3648
7839,Martha Joshi,88,2,True,374.51,138.04,DEV-7839-A,+91 98765 96549,601
7840,Aarav Rao,36,8,False,4930.79,1112.49,DEV-7840-A,,1943
7841,Sunita Smith,77,5,True,539.37,124.66,DEV-7841-A,+91 98765 70390,3387
7842,Priya Patel,40,7,False,5587.96,3139.55,DEV-7842-A,,394
7843,Martha Sharma,55,10,False,517.04,276.08,DEV-7843-A,,3474
7844,Priya Williams,32,7,False,4183.6,2050.8,DEV-7844-A,,2755
7845,Aarav Williams,23,6,False,4234.8,2210.96,DEV-7845-A,,3320
7846,Anish Patel,50,9,False,648.53,288.36,DEV-7846-A,,3510
7847,Rajesh Rao,63,7,False,3543.9,2070.55,DEV-7847-A,,1542
7848,Devi Verma,31,6,False,5371.36,3023.02,DEV-7848-A,,488
7849,Rajesh Deshmukh,53,6,False,2265.08,1025.34,DEV-7849-A,,121
7850,Kavita Williams,80,4,True,984.57,206.92,DEV-7850-A,+91 98765 76613,155
7851,Rajesh Smith,85,3,True,988.63,209.52,DEV-7851-A,+91 98765 62297,1095
7852,Kavita Smith,49,7,False,445.28,92.31,DEV-7852-A,,596
7853,Priya Kumar,21,7,False,1659.01,703.48,DEV-7853-A,,522
7854,Devi Nair,33,8,False,2326.73,723.45,DEV-7854-A,,2167
7855,Lakshmi Johnson,76,3,True,1918.58,671.62,DEV-7855-A,+91 98765 67718,2106
7856,Eleanor Deshmukh,50,6,False,4031.43,2391.01,DEV-7856-A,,77
7857,Priya Sharma,63,6,False,1483.95,404.45,DEV-7857-A,,3355
7858,Aarav Gupta,49,9,False,1763.32,864.86,DEV-7858-A,,2242
7859,Sunita Singhania,31,7,False,1895.09,681.13,DEV-7859-A,,1972
7860,Arthur Deshmukh,70,4,True,1375.05,811.91,DEV-7860-A,+91 98765 97370,413
7861,Priya Joshi,57,6,False,801.6,163.36,DEV-7861-A,,803
7862,George Johnson,56,8,False,4434.59,2281.31,DEV-7862-A,,378
7863,Kavita Johnson,73,2,True,3135.95,1720.09,DEV-7863-A,+91 98765 62852,404
7864,Rajesh Verma,60,7,False,2914.38,1565.85,DEV-7864-A,,2122
7865,Suresh Williams,34,5,False,1383.36,564.47,DEV-7865-A,,3377
7866,Anish Kumar,50,8,False,759.72,187.74,DEV-7866-A,,707
7867,Martha Smith,21,5,False,447.39,146.7,DEV-7867-A,,2097
7868,Ramesh Deshmukh,34,6,False,1244.25,449.65,DEV-7868-A,,3004
7869,George Johnson,83,4,True,771.19,197.98,DEV-7869-A,+91 98765 97854,3503
7870,Suresh Williams,40,8,False,1564.12,580.59,DEV-7870-A,,2632
7871,Sunita Gupta,63,5,False,2292.49,1320.05,DEV-7871-A,,206
7872,Eleanor Rao,40,7,False,1615.58,540.01,DEV-7872-A,,2952
7873,Meena Gupta,23,5,False,4713.26,2128.76,DEV-7873-A,,3267
7874,Rajesh Kumar,18,9,False,3827.64,1028.27,DEV-7874-A,,2409
7875,Martha Patel,25,6,False,1093.77,292.36,DEV-7875-A,,1482
7876,Martha Sharma,62,9,False,269.11,58.92,DEV-7876-A,,2054
7877,Lakshmi Verma,79,2,True,771.49,176.49,DEV-7877-A,+91 98765 73898,1193
7878,Lakshmi Nair,26,9,False,4267.48,2009.07,DEV-7878-A,,2990
7879,George Nair,53,7,False,2995.92,1137.74,DEV-7879-A,,468
7880,Devi Johnson,33,7,False,868.38,283.05,DEV-7880-A,,3298
7881,George Verma,51,8,False,1277.04,766.07,DEV-7881-A,,1229
7882,Sunita Johnson,38,6,False,3277.03,1474.4,DEV-7882-A,,1757
7883,Kavita Joshi,65,6,False,3085.67,1664.69,DEV-7883-A,,2527
7884,George Singhania,45,7,False,555.76,303.08,DEV-7884-A,,2269
7885,Lakshmi Taylor,88,3,True,934.28,313.36,DEV-7885-A,+91 98765 44711,2535
7886,Martha Sharma,25,7,False,3738.5,1938.73,DEV-7886-A,,1118
7887,Devi Smith,42,4,False,924.9,347.18,DEV-7887-A,,1309
7888,Ramesh Patel,57,9,False,1770.85,991.77,DEV-7888-A,,1848
7889,Aarav Verma,48,8,False,5255.35,2618.03,DEV-7889-A,,2327
7890,Arthur Patel,22,7,False,742.85,195.34,DEV-7890-A,,1610
7891,Ramesh Verma,78,1,True,4391.89,1000.69,DEV-7891-A,+91 98765 56605,2405
7892,Lakshmi Joshi,56,7,False,1188.81,619.49,DEV-7892-A,,2611
7893,Martha Gupta,53,8,False,1224.57,395.7,DEV-7893-A,,2252
7894,Ramesh Sharma,32,8,False,1728.04,551.16,DEV-7894-A,,2088
7895,Lakshmi Gupta,83,2,True,2919.59,953.68,DEV-7895-A,+91 98765 80073,1668
7896,Lakshmi Johnson,26,5,False,855.63,423.14,DEV-7896-A,,198
7897,Martha Verma,64,9,False,4341.35,2401.58,DEV-7897-A,,1088
7898,George Deshmukh,37,9,False,899.58,262.21,DEV-7898-A,,649
7899,Devi Johnson,83,1,True,2346.12,1197.55,DEV-7899-A,+91 98765 85464,309
7900,Martha Sharma,38,6,False,2352.63,718.22,DEV-7900-A,,2582
7901,Rajesh Patel,51,7,False,2406.25,581.74,DEV-7901-A,,1258
7902,Rajesh Rao,22,9,False,1835.06,398.1,DEV-7902-A,,3428
7903,Meena Johnson,31,8,False,2779.13,1453.37,DEV-7903-A,,3129
7904,Lakshmi Nair,72,3,True,819.49,486.69,DEV-7904-A,+91 98765 96662,3124
7905,Priya Joshi,90,5,True,3343.13,1940.73,DEV-7905-A,+91 98765 36813,2957
7906,Martha Patel,47,8,False,912.96,533.21,DEV-7906-A,,982
7907,Vikram Deshmukh,64,6,False,5224.7,1246.54,DEV-7907-A,,2977
7908,Martha Sharma,28,7,False,2441.05,499.95,DEV-7908-A,,1429
7909,Priya Rao,87,5,True,1796.05,753.23,DEV-7909-A,+91 98765 15739,1072
7910,Arthur Smith,24,6,False,593.92,207.33,DEV-7910-A,,2123
7911,Meena Singhania,82,1,True,2214.58,1167.55,DEV-7911-A,+91 98765 53574,3223
7912,Aarav Verma,21,7,False,8609.56,4738.78,DEV-7912-A,,1505
7913,Anish Kumar,50,8,False,1128.29,358.49,DEV-7913-A,,1267
7914,Suresh Verma,86,2,True,1196.01,475.21,DEV-7914-A,+91 98765 44364,540
7915,Meena Singhania,21,7,False,1164.64,333.14,DEV-7915-A,,1332
7916,Sunita Joshi,18,7,False,403.12,144.2,DEV-7916-A,,821
7917,Kavita Gupta,26,10,False,3000.67,1410.96,DEV-7917-A,,145
7918,Martha Singhania,43,7,False,729.45,405.7,DEV-7918-A,,3491
7919,Rajesh Deshmukh,48,5,False,789.26,440.48,DEV-7919-A,,3124
7920,Suresh Taylor,29,10,False,2291.91,821.78,DEV-7920-A,,297
7921,Ramesh Taylor,20,7,False,1548.8,633.84,DEV-7921-A,,1089
7922,Sunita Smith,75,4,True,1932.66,1089.35,DEV-7922-A,+91 98765 80915,3017
7923,Aarav Joshi,49,8,False,489.38,229.99,DEV-7923-A,,1671
7924,Devi Joshi,50,6,False,2599.97,867.78,DEV-7924-A,,2287
7925,Ramesh Patel,63,6,False,514.14,301.03,DEV-7925-A,,1142
7926,Rajesh Deshmukh,58,8,False,6367.87,1635.8,DEV-7926-A,,1139
7927,Martha Smith,51,6,False,982.58,441.72,DEV-7927-A,,3502
7928,Meena Kumar,51,7,False,5427.56,1402.51,DEV-7928-A,,957
7929,Arthur Johnson,48,6,False,1009.02,588.35,DEV-7929-A,,786
7930,George Williams,41,6,False,3403.27,1237.28,DEV-7930-A,,1572
7931,Anish Smith,79,4,True,382.3,158.25,DEV-7931-A,+91 98765 65336,2555
7932,Lakshmi Taylor,43,6,False,10539.92,2197.49,DEV-7932-A,,2412
7933,George Taylor,75,3,True,812.22,350.85,DEV-7933-A,+91 98765 91073,2280
7934,Devi Gupta,65,9,False,1130.91,285.6,DEV-7934-A,,2105
7935,George Johnson,60,4,False,3274.6,868.89,DEV-7935-A,,1309
7936,Rajesh Nair,40,5,False,2092.65,1215.84,DEV-7936-A,,1423
7937,Anish Nair,82,3,True,1228.1,633.36,DEV-7937-A,+91 98765 96495,231
7938,Meena Patel,33,3,True,2995.23,834.53,DEV-7938-A,+91 98765 90438,582
7939,Priya Sharma,57,4,False,2895.31,1594.68,DEV-7939-A,,3490
7940,Suresh Nair,79,2,True,6365.91,2624.64,DEV-7940-A,+91 98765 42295,2884
7941,George Taylor,60,7,False,1517.44,583.25,DEV-7941-A,,212
7942,Eleanor Patel,35,6,False,1086.87,500.94,DEV-7942-A,,318
7943,Suresh Patel,87,4,True,1267.94,510.23,DEV-7943-A,+91 98765 65375,2826
7944,Sunita Rao,88,4,True,1699.06,651.55,DEV-7944-A,+91 98765 88119,2232
7945,George Rao,52,8,False,3587.35,1606.56,DEV-7945-A,,1755
7946,Arthur Rao,44,7,False,1636.39,894.11,DEV-7946-A,,1712
7947,Ramesh Patel,60,7,False,1959.69,980.59,DEV-7947-A,,2138
7948,Anish Nair,66,3,True,524.22,253.63,DEV-7948-A,+91 98765 58809,2485
7949,Sunita Singhania,37,7,False,1120.02,569.43,DEV-7949-A,,2018
7950,Aarav Sharma,80,3,True,3277.52,1143.91,DEV-7950-A,+91 98765 13247,2463
7951,Kavita Kumar,44,9,False,736.39,252.82,DEV-7951-A,,586
7952,Kavita Smith,19,5,False,1392.79,294.61,DEV-7952-A,,2407
7953,Anish Verma,48,7,False,579.93,180.42,DEV-7953-A,,222
7954,Kavita Singhania,57,7,False,2180.12,1000.15,DEV-7954-A,,1566
7955,Anish Kumar,84,2,True,1301.17,407.42,DEV-7955-A,+91 98765 82974,2542
7956,Martha Singhania,44,8,False,987.0,277.67,DEV-7956-A,,2067
7957,Martha Sharma,82,2,True,690.8,391.73,DEV-7957-A,+91 98765 52844,3262
7958,Martha Gupta,18,6,False,632.19,303.63,DEV-7958-A,,692
7959,Aarav Joshi,59,8,False,2390.5,593.83,DEV-7959-A,,3267
7960,Kavita Nair,51,8,False,5413.61,2053.52,DEV-7960-A,,1765
7961,Eleanor Deshmukh,19,6,False,1387.16,513.85,DEV-7961-A,,3127
7962,Devi Nair,29,8,False,2345.2,834.56,DEV-7962-A,,2231
7963,Aarav Johnson,51,7,False,2952.84,1765.88,DEV-7963-A,,1875
7964,Kavita Kumar,27,7,False,4484.26,937.59,DEV-7964-A,,1336
7965,Lakshmi Rao,89,3,True,2484.26,1444.99,DEV-7965-A,+91 98765 76377,3328
7966,Aarav Singhania,27,5,False,2889.9,863.09,DEV-7966-A,,565
7967,Lakshmi Joshi,71,1,True,1260.6,596.68,DEV-7967-A,+91 98765 58434,1087
7968,George Singhania,30,6,False,3212.25,1147.45,DEV-7968-A,,3238
7969,Ramesh Joshi,37,6,False,2254.1,881.89,DEV-7969-A,,2624
7970,Priya Kumar,39,6,False,2414.51,568.45,DEV-7970-A,,1745
7971,Arthur Taylor,31,7,False,842.52,501.54,DEV-7971-A,,1214
7972,Sunita Patel,20,4,False,976.01,327.79,DEV-7972-A,,1654
7973,Arthur Johnson,39,6,False,3477.67,1228.72,DEV-7973-A,,2521
7974,Eleanor Rao,45,6,False,1447.04,355.58,DEV-7974-A,,249
7975,Aarav Taylor,37,7,False,2148.24,1067.8,DEV-7975-A,,2795
7976,Martha Verma,36,7,False,3958.15,1063.51,DEV-7976-A,,3534
7977,Priya Patel,90,3,True,659.71,282.17,DEV-7977-A,+91 98765 32925,653
7978,Kavita Verma,42,6,False,1672.84,846.76,DEV-7978-A,,3151
7979,Devi Singhania,42,7,False,599.31,341.78,DEV-7979-A,,3640
7980,Suresh Taylor,29,7,False,4445.88,1132.46,DEV-7980-A,,2719
7981,Suresh Gupta,78,2,True,518.35,272.47,DEV-7981-A,+91 98765 62590,580
7982,Arthur Johnson,18,8,False,826.21,299.3,DEV-7982-A,,305
7983,George Sharma,39,7,False,2463.83,644.75,DEV-7983-A,,454
7984,Rajesh Verma,57,8,False,3124.08,840.41,DEV-7984-A,,1180
7985,Meena Patel,58,6,False,2264.84,622.41,DEV-7985-A,,1555
7986,Anish Smith,61,10,False,1578.68,493.05,DEV-7986-A,,3294
7987,George Sharma,60,7,False,640.98,373.77,DEV-7987-A,,55
7988,Aarav Patel,58,8,False,978.3,404.05,DEV-7988-A,,1973
7989,George Deshmukh,37,6,False,1282.7,696.97,DEV-7989-A,,2942
7990,Suresh Smith,80,2,True,1690.91,936.2,DEV-7990-A,+91 98765 26757,832
7991,Rajesh Verma,49,4,False,612.64,211.98,DEV-7991-A,,2396
7992,Eleanor Deshmukh,51,6,False,11797.81,6590.96,DEV-7992-A,,3247
7993,Aarav Kumar,38,4,False,3090.46,1549.37,DEV-7993-A,,1149
7994,Devi Verma,24,8,False,1169.61,319.63,DEV-7994-A,,2972
7995,Martha Kumar,58,7,False,2675.85,735.75,DEV-7995-A,,1107
7996,Priya Williams,38,6,False,4222.36,2066.44,DEV-7996-A,,3355
7997,Martha Patel,71,5,True,1817.17,593.78,DEV-7997-A,+91 98765 29303,3021
7998,Meena Verma,51,6,False,2722.15,842.37,DEV-7998-A,,249
7999,Vikram Smith,60,7,False,10173.4,5272.2,DEV-7999-A,,1059
8000,Lakshmi Taylor,49,8,False,2833.01,923.22,DEV-8000-A,,3141
8001,Suresh Nair,43,8,False,2311.57,627.55,DEV-8001-A,,963
8002,Martha Nair,51,6,False,1103.96,523.71,DEV-8002-A,,2882
8003,George Joshi,23,8,False,2273.01,1335.96,DEV-8003-A,,3112
8004,Sunita Deshmukh,31,7,False,1979.93,468.35,DEV-8004-A,,2299
8005,Eleanor Joshi,44,7,False,3287.3,788.81,DEV-8005-A,,2633
8006,Priya Nair,47,5,False,843.01,351.19,DEV-8006-A,,1114
8007,Priya Gupta,49,6,False,1753.3,913.34,DEV-8007-A,,553
8008,Meena Williams,49,8,False,2539.18,829.94,DEV-8008-A,,2313
8009,Lakshmi Smith,18,7,False,2253.13,547.29,DEV-8009-A,,1358
8010,Anish Nair,64,6,False,1894.89,1109.9,DEV-8010-A,,3294
8011,Anish Sharma,82,2,True,2095.39,691.34,DEV-8011-A,+91 98765 14120,2798
8012,Martha Gupta,42,5,False,1704.28,734.55,DEV-8012-A,,1281
8013,Eleanor Gupta,46,10,False,3671.64,936.7,DEV-8013-A,,2701
8014,Devi Nair,32,7,False,2914.04,803.61,DEV-8014-A,,3060
8015,Ramesh Joshi,54,7,False,2770.03,759.9,DEV-8015-A,,836
8016,Rajesh Patel,86,1,True,746.77,229.28,DEV-8016-A,+91 98765 28342,822
8017,Ramesh Taylor,82,3,True,4388.55,931.45,DEV-8017-A,+91 98765 68648,1199
8018,Suresh Williams,46,7,False,1450.24,518.08,DEV-8018-A,,2572
8019,Rajesh Deshmukh,24,5,False,1384.84,658.53,DEV-8019-A,,1825
8020,George Kumar,23,9,False,2225.31,1290.73,DEV-8020-A,,874
8021,Lakshmi Williams,64,6,False,3170.25,1201.19,DEV-8021-A,,1232
8022,Priya Deshmukh,89,3,True,2349.87,1279.05,DEV-8022-A,+91 98765 32245,155
8023,Vikram Joshi,58,6,False,5161.44,3093.66,DEV-8023-A,,3440
8024,George Williams,36,5,False,3070.24,751.68,DEV-8024-A,,725
8025,Rajesh Deshmukh,54,9,False,423.77,179.45,DEV-8025-A,,1478
8026,Aarav Williams,53,7,False,794.59,417.0,DEV-8026-A,,2253
8027,Sunita Kumar,38,7,False,172.71,94.14,DEV-8027-A,,3498
8028,Rajesh Johnson,60,8,False,3098.45,1197.31,DEV-8028-A,,3241
8029,George Rao,69,5,True,1597.99,882.16,DEV-8029-A,+91 98765 15466,1074
8030,Arthur Taylor,81,4,True,1613.36,388.15,DEV-8030-A,+91 98765 93275,826
8031,Sunita Singhania,24,10,False,3036.12,793.03,DEV-8031-A,,2523
8032,Lakshmi Nair,48,7,False,938.78,508.85,DEV-8032-A,,2975
8033,Ramesh Gupta,68,4,True,2779.89,1300.65,DEV-8033-A,+91 98765 91805,969
8034,Arthur Joshi,91,3,True,5216.89,1808.97,DEV-8034-A,+91 98765 40083,3638
8035,Kavita Sharma,62,10,False,4833.07,1629.73,DEV-8035-A,,176
8036,Meena Smith,45,9,False,2132.39,1077.21,DEV-8036-A,,313
8037,George Deshmukh,25,9,False,355.93,171.71,DEV-8037-A,,1972
8038,Kavita Smith,87,5,True,3508.09,1134.21,DEV-8038-A,+91 98765 18776,3481
8039,Martha Nair,78,4,True,1226.46,711.88,DEV-8039-A,+91 98765 32577,1172
8040,Anish Gupta,44,7,False,2328.52,853.02,DEV-8040-A,,2774
8041,Eleanor Gupta,73,2,True,875.32,404.94,DEV-8041-A,+91 98765 44326,1781
8042,Sunita Joshi,43,8,False,4257.46,1552.78,DEV-8042-A,,2207
8043,Vikram Joshi,82,5,True,1040.31,586.37,DEV-8043-A,+91 98765 80134,3630
8044,Eleanor Taylor,77,5,True,1996.14,729.52,DEV-8044-A,+91 98765 18645,1976
8045,Vikram Deshmukh,59,6,False,501.54,142.35,DEV-8045-A,,2915
8046,Meena Sharma,20,9,False,2214.04,465.46,DEV-8046-A,,2658
8047,Arthur Rao,30,10,False,1227.6,329.6,DEV-8047-A,,2666
8048,Meena Verma,21,9,False,1927.41,412.65,DEV-8048-A,,2228
8049,Devi Smith,40,6,False,2439.13,718.03,DEV-8049-A,,2129
8050,Anish Joshi,52,3,True,1407.55,786.76,DEV-8050-A,+91 98765 80630,3041
8051,George Kumar,22,9,False,2159.55,1285.47,DEV-8051-A,,2578
8052,Martha Johnson,64,5,False,437.43,149.02,DEV-8052-A,,2191
8053,Ramesh Kumar,57,8,False,2850.45,1045.08,DEV-8053-A,,2858
8054,Sunita Gupta,66,4,True,5540.82,2286.2,DEV-8054-A,+91 98765 51222,2001
8055,Ramesh Joshi,29,7,False,771.99,203.63,DEV-8055-A,,1993
8056,Meena Gupta,55,8,False,10290.82,2208.11,DEV-8056-A,,3469
8057,Devi Williams,21,7,False,1675.87,761.06,DEV-8057-A,,593
8058,Anish Singhania,60,6,False,3135.59,1236.49,DEV-8058-A,,982
8059,Sunita Kumar,47,9,False,1202.09,292.96,DEV-8059-A,,396
8060,George Taylor,44,5,False,245.44,133.65,DEV-8060-A,,1064
8061,Priya Gupta,32,7,False,929.26,250.47,DEV-8061-A,,571
8062,Vikram Joshi,22,5,False,1340.64,461.83,DEV-8062-A,,2310
8063,Lakshmi Johnson,34,7,False,900.36,189.8,DEV-8063-A,,1871
8064,Priya Smith,88,5,True,783.17,410.49,DEV-8064-A,+91 98765 40862,1005
8065,Meena Verma,36,8,False,2733.38,810.52,DEV-8065-A,,491
8066,Suresh Sharma,91,2,True,2885.06,1382.82,DEV-8066-A,+91 98765 61366,3376
8067,Priya Johnson,78,3,True,2868.87,1688.17,DEV-8067-A,+91 98765 37536,736
8068,Sunita Taylor,44,7,False,539.94,248.33,DEV-8068-A,,2397
8069,Vikram Verma,47,4,False,6259.09,2565.63,DEV-8069-A,,626
8070,Meena Sharma,87,1,True,1806.38,909.51,DEV-8070-A,+91 98765 25331,91
8071,Priya Rao,39,6,False,1450.03,339.49,DEV-8071-A,,749
8072,Aarav Sharma,60,8,False,1426.94,580.14,DEV-8072-A,,288
8073,George Deshmukh,37,8,False,5712.57,2969.61,DEV-8073-A,,1807
8074,George Patel,59,8,False,839.21,299.28,DEV-8074-A,,215
8075,Aarav Smith,47,7,False,3048.05,1355.72,DEV-8075-A,,3475
8076,Suresh Taylor,41,7,False,882.62,387.32,DEV-8076-A,,1612
8077,Meena Sharma,44,9,False,1309.33,277.41,DEV-8077-A,,2273
8078,Rajesh Joshi,37,8,False,1528.98,427.46,DEV-8078-A,,1240
8079,Vikram Nair,32,7,False,1314.43,663.23,DEV-8079-A,,1601
8080,Rajesh Gupta,50,10,False,690.87,384.19,DEV-8080-A,,282
8081,Lakshmi Smith,23,8,False,2138.17,610.11,DEV-8081-A,,1215
8082,Arthur Williams,77,4,True,599.59,240.41,DEV-8082-A,+91 98765 41977,2656
8083,Rajesh Johnson,52,8,False,739.07,226.57,DEV-8083-A,,2120
8084,Sunita Kumar,43,9,False,744.15,175.69,DEV-8084-A,,2006
8085,Anish Singhania,31,7,False,1610.74,455.9,DEV-8085-A,,3237
8086,Ramesh Rao,57,8,False,4895.08,1909.45,DEV-8086-A,,1319
8087,Kavita Singhania,21,8,False,2218.22,1062.77,DEV-8087-A,,3578
8088,Arthur Joshi,32,9,False,6048.96,2965.2,DEV-8088-A,,2800
8089,Meena Sharma,18,8,False,3336.84,855.41,DEV-8089-A,,44
8090,Vikram Taylor,40,7,False,11065.07,2722.42,DEV-8090-A,,3196
8091,Aarav Deshmukh,23,6,False,2559.41,688.06,DEV-8091-A,,3451
8092,George Verma,76,5,True,6444.93,2524.73,DEV-8092-A,+91 98765 10459,1545
8093,Anish Nair,54,8,False,1940.78,561.25,DEV-8093-A,,3070
8094,George Deshmukh,31,7,False,1244.46,522.2,DEV-8094-A,,3446
8095,Rajesh Nair,25,5,False,1245.03,414.09,DEV-8095-A,,110
8096,Sunita Singhania,87,3,True,7685.46,4592.89,DEV-8096-A,+91 98765 66734,2767
8097,George Singhania,67,5,True,1931.33,930.75,DEV-8097-A,+91 98765 45215,406
8098,Rajesh Sharma,33,10,False,5388.35,2050.23,DEV-8098-A,,2681
8099,George Nair,29,6,False,861.9,175.92,DEV-8099-A,,1255
8100,Rajesh Taylor,84,4,True,4407.98,1890.72,DEV-8100-A,+91 98765 21835,2913
8101,Lakshmi Gupta,63,7,False,2101.3,1019.15,DEV-8101-A,,36
8102,Devi Smith,41,6,False,1303.9,497.56,DEV-8102-A,,1356
8103,Meena Singhania,50,8,False,847.09,260.83,DEV-8103-A,,2545
8104,Anish Kumar,78,2,True,743.63,333.81,DEV-8104-A,+91 98765 91082,1952
8105,Sunita Smith,57,8,False,2235.21,1222.78,DEV-8105-A,,2549
8106,Aarav Nair,53,7,False,5188.11,1477.64,DEV-8106-A,,3196
8107,Vikram Singhania,83,2,True,3965.02,1333.83,DEV-8107-A,+91 98765 65009,2275
8108,Vikram Gupta,63,6,False,1744.85,447.69,DEV-8108-A,,2299
8109,Ramesh Singhania,68,3,True,346.2,175.4,DEV-8109-A,+91 98765 80031,3002
8110,George Verma,69,5,True,2861.26,742.83,DEV-8110-A,+91 98765 60910,2515
8111,Devi Kumar,42,6,False,1684.03,510.39,DEV-8111-A,,93
8112,Lakshmi Smith,33,7,False,498.06,215.8,DEV-8112-A,,1805
8113,Meena Deshmukh,25,7,False,3611.6,1585.13,DEV-8113-A,,2197
8114,Suresh Kumar,90,4,True,2105.36,662.14,DEV-8114-A,+91 98765 90526,327
8115,Eleanor Sharma,33,10,False,23708.45,6889.52,DEV-8115-A,,1549
8116,Martha Verma,64,10,False,1281.53,500.86,DEV-8116-A,,1516
8117,Devi Joshi,89,3,True,1271.27,485.23,DEV-8117-A,+91 98765 20162,2362
8118,Devi Singhania,75,4,True,2901.15,690.17,DEV-8118-A,+91 98765 13063,2869
8119,Lakshmi Verma,75,3,True,542.52,269.55,DEV-8119-A,+91 98765 12919,386
8120,Ramesh Singhania,32,7,False,941.97,559.11,DEV-8120-A,,3639
8121,Eleanor Deshmukh,56,8,False,7755.93,3978.32,DEV-8121-A,,3508
8122,Priya Singhania,89,1,True,4762.64,2591.53,DEV-8122-A,+91 98765 11925,1269
8123,Rajesh Smith,89,3,True,792.97,409.95,DEV-8123-A,+91 98765 10766,3147
8124,Eleanor Verma,52,10,False,798.77,246.06,DEV-8124-A,,328
8125,Devi Nair,40,7,False,2266.25,1044.54,DEV-8125-A,,1404
8126,Arthur Patel,77,4,True,596.12,260.05,DEV-8126-A,+91 98765 70367,2023
8127,Devi Gupta,58,6,False,963.16,303.07,DEV-8127-A,,2922
8128,Rajesh Williams,56,6,False,794.56,170.37,DEV-8128-A,,3093
8129,Ramesh Deshmukh,43,6,False,891.64,257.1,DEV-8129-A,,1245
8130,George Johnson,40,8,False,4451.19,2289.59,DEV-8130-A,,787
8131,Rajesh Patel,55,6,False,993.34,202.24,DEV-8131-A,,2249
8132,Ramesh Gupta,71,4,True,2857.75,656.6,DEV-8132-A,+91 98765 22045,2522
8133,George Verma,70,2,True,215.2,113.29,DEV-8133-A,+91 98765 67113,1120
8134,Priya Verma,62,6,False,1162.47,365.33,DEV-8134-A,,607
8135,Suresh Nair,25,9,False,855.95,253.84,DEV-8135-A,,2128
8136,Rajesh Deshmukh,76,1,True,1373.85,501.41,DEV-8136-A,+91 98765 16998,3352
8137,Anish Taylor,65,7,False,1819.77,1035.32,DEV-8137-A,,3025
8138,Eleanor Gupta,22,7,False,6209.75,2498.12,DEV-8138-A,,570
8139,Meena Joshi,22,8,False,1021.17,568.29,DEV-8139-A,,2297
8140,Eleanor Williams,52,6,False,1574.07,744.33,DEV-8140-A,,1232
8141,Eleanor Deshmukh,35,7,False,1286.49,507.25,DEV-8141-A,,3443
8142,Sunita Nair,18,8,False,1072.58,241.83,DEV-8142-A,,1812
8143,Ramesh Sharma,79,2,True,1464.6,738.02,DEV-8143-A,+91 98765 85756,609
8144,Ramesh Joshi,51,6,False,481.84,100.49,DEV-8144-A,,3592
8145,Eleanor Deshmukh,61,9,False,895.76,404.23,DEV-8145-A,,3431
8146,Aarav Taylor,60,8,False,4780.95,1756.95,DEV-8146-A,,2383
8147,Aarav Taylor,43,7,False,1326.87,669.33,DEV-8147-A,,233
8148,Rajesh Williams,33,7,False,4185.79,1638.63,DEV-8148-A,,1665
8149,Lakshmi Taylor,19,9,False,647.61,152.77,DEV-8149-A,,1431
8150,Martha Gupta,47,10,False,12389.49,2694.79,DEV-8150-A,,246
8151,Devi Verma,88,3,True,2681.46,642.49,DEV-8151-A,+91 98765 37691,3418
8152,Ramesh Gupta,31,7,False,614.52,173.98,DEV-8152-A,,3501
8153,Suresh Verma,64,6,False,1856.68,923.93,DEV-8153-A,,2090
8154,Priya Smith,30,6,False,4240.56,1422.49,DEV-8154-A,,2532
8155,Arthur Taylor,18,6,False,1582.07,758.85,DEV-8155-A,,3255
8156,Anish Sharma,36,7,False,1157.83,348.85,DEV-8156-A,,269
8157,Rajesh Deshmukh,22,8,False,2783.03,975.03,DEV-8157-A,,2160
8158,Priya Verma,19,2,True,1259.4,546.73,DEV-8158-A,+91 98765 44316,2967
8159,Devi Rao,71,2,True,1326.08,689.59,DEV-8159-A,+91 98765 21808,588
8160,Martha Patel,39,8,False,967.96,555.28,DEV-8160-A,,1625
8161,Eleanor Sharma,84,3,True,729.95,173.11,DEV-8161-A,+91 98765 73107,299
8162,Sunita Kumar,88,2,True,1127.99,626.66,DEV-8162-A,+91 98765 56062,2333
8163,Sunita Patel,89,2,True,2423.49,955.68,DEV-8163-A,+91 98765 25226,2382
8164,Eleanor Sharma,75,2,True,2135.56,573.94,DEV-8164-A,+91 98765 90008,759
8165,Devi Kumar,79,5,True,2198.0,767.6,DEV-8165-A,+91 98765 24314,3373
8166,Rajesh Nair,52,6,False,2727.46,678.31,DEV-8166-A,,791
8167,Martha Patel,72,4,True,3796.52,999.54,DEV-8167-A,+91 98765 15717,3076
8168,Eleanor Rao,33,7,False,2693.27,1420.82,DEV-8168-A,,3376
8169,Devi Sharma,36,6,False,1155.57,443.67,DEV-8169-A,,3392
8170,Ramesh Rao,55,8,False,426.17,114.33,DEV-8170-A,,209
8171,Sunita Deshmukh,19,8,False,15575.21,7411.64,DEV-8171-A,,320
8172,Martha Johnson,59,7,False,3842.26,781.32,DEV-8172-A,,1315
8173,Aarav Sharma,58,7,False,9143.25,4349.64,DEV-8173-A,,2011
8174,Anish Taylor,38,8,False,871.1,259.65,DEV-8174-A,,3429
8175,Rajesh Smith,47,2,True,692.53,304.28,DEV-8175-A,+91 98765 85235,3246
8176,Kavita Smith,19,5,False,1403.49,325.71,DEV-8176-A,,2943
8177,Arthur Taylor,62,5,False,1007.19,354.51,DEV-8177-A,,1230
8178,Lakshmi Kumar,56,9,False,5389.9,2939.15,DEV-8178-A,,2675
8179,Ramesh Kumar,32,6,False,2239.87,938.89,DEV-8179-A,,2354
8180,Devi Singhania,55,6,False,629.31,334.09,DEV-8180-A,,2459
8181,Vikram Joshi,27,8,False,1656.77,665.43,DEV-8181-A,,3542
8182,Martha Nair,66,2,True,2750.76,790.26,DEV-8182-A,+91 98765 27236,2467
8183,Anish Gupta,69,2,True,486.11,258.42,DEV-8183-A,+91 98765 71894,3167
8184,Meena Singhania,45,8,False,4443.04,1585.09,DEV-8184-A,,3455
8185,Rajesh Johnson,22,4,False,4049.28,1378.21,DEV-8185-A,,3278
8186,Ramesh Deshmukh,63,9,False,1498.78,538.47,DEV-8186-A,,858
8187,Kavita Kumar,27,8,False,1731.8,901.59,DEV-8187-A,,2235
8188,Rajesh Rao,31,8,False,1573.19,392.48,DEV-8188-A,,3186
8189,Rajesh Sharma,34,8,False,501.0,182.51,DEV-8189-A,,1086
8190,Arthur Sharma,23,6,False,2215.38,980.45,DEV-8190-A,,659
8191,Eleanor Kumar,50,6,False,1792.0,816.59,DEV-8191-A,,2329
8192,George Rao,45,10,False,515.77,228.23,DEV-8192-A,,2834
8193,Priya Patel,18,6,False,1227.7,578.48,DEV-8193-A,,1948
8194,Kavita Rao,55,8,False,3609.48,1953.71,DEV-8194-A,,3641
8195,Eleanor Deshmukh,42,9,False,1236.81,364.91,DEV-8195-A,,1078
8196,Lakshmi Nair,47,5,False,1277.95,609.33,DEV-8196-A,,3599
8197,Ramesh Singhania,33,7,False,2768.5,1289.72,DEV-8197-A,,2200
8198,Sunita Singhania,40,8,False,2498.81,601.59,DEV-8198-A,,3560
8199,Anish Smith,85,4,True,2333.25,1105.43,DEV-8199-A,+91 98765 67071,189
8200,Martha Deshmukh,31,6,False,2140.32,1023.69,DEV-8200-A,,823
8201,Lakshmi Taylor,44,8,False,4047.9,1870.26,DEV-8201-A,,1059
8202,Kavita Smith,24,7,False,1974.87,831.88,DEV-8202-A,,2091
8203,Vikram Smith,46,7,False,2701.19,1233.17,DEV-8203-A,,1273
8204,Priya Nair,42,9,False,3581.37,1611.12,DEV-8204-A,,3307
8205,Lakshmi Singhania,51,8,False,606.13,341.48,DEV-8205-A,,3297
8206,Kavita Singhania,18,7,False,2884.19,1674.89,DEV-8206-A,,594
8207,Sunita Nair,55,9,False,1554.76,411.04,DEV-8207-A,,1398
8208,Sunita Deshmukh,42,4,False,1408.39,490.84,DEV-8208-A,,3373
8209,Devi Gupta,23,6,False,765.44,396.77,DEV-8209-A,,2916
8210,Sunita Singhania,29,6,False,1554.74,657.41,DEV-8210-A,,1504
8211,Devi Johnson,57,7,False,2227.84,699.88,DEV-8211-A,,1404
8212,Eleanor Patel,26,7,False,1966.49,500.89,DEV-8212-A,,1521
8213,George Verma,49,8,False,1142.76,490.57,DEV-8213-A,,873
8214,Priya Taylor,57,5,False,1476.5,643.4,DEV-8214-A,,3407
8215,Aarav Johnson,66,3,True,281.41,150.8,DEV-8215-A,+91 98765 14458,2245
8216,Arthur Kumar,27,4,False,2953.37,1420.92,DEV-8216-A,,1359
8217,Meena Sharma,19,6,False,2300.86,519.78,DEV-8217-A,,2050
8218,Kavita Taylor,66,4,True,2264.32,923.53,DEV-8218-A,+91 98765 13611,2758
8219,Meena Rao,52,5,False,4672.52,1003.49,DEV-8219-A,,438
8220,Rajesh Patel,32,6,False,706.66,408.01,DEV-8220-A,,1925
8221,George Patel,74,1,True,1357.6,575.62,DEV-8221-A,+91 98765 88777,2842
8222,Aarav Verma,81,4,True,136.78,34.71,DEV-8222-A,+91 98765 53061,3329
8223,Kavita Taylor,45,5,False,690.15,382.98,DEV-8223-A,,1853
8224,George Sharma,21,7,False,3060.12,1471.85,DEV-8224-A,,2842
8225,Priya Verma,30,8,False,2353.58,602.03,DEV-8225-A,,2626
8226,Aarav Singhania,26,6,False,1214.55,296.66,DEV-8226-A,,2967
8227,Eleanor Rao,62,8,False,745.16,405.94,DEV-8227-A,,1320
8228,Anish Taylor,60,7,False,818.61,292.61,DEV-8228-A,,370
8229,Priya Sharma,40,8,False,1533.38,762.09,DEV-8229-A,,368
8230,Ramesh Verma,26,4,False,1465.99,866.66,DEV-8230-A,,1822
8231,Arthur Kumar,89,2,True,613.74,269.9,DEV-8231-A,+91 98765 84172,1493
8232,Sunita Sharma,48,8,False,731.81,244.17,DEV-8232-A,,676
8233,Martha Kumar,60,9,False,893.17,417.22,DEV-8233-A,,3357
8234,Sunita Patel,50,6,False,7865.13,1938.4,DEV-8234-A,,1338
8235,Meena Nair,29,6,False,5596.7,1328.71,DEV-8235-A,,908
8236,Priya Nair,75,2,True,8300.95,2481.74,DEV-8236-A,+91 98765 95809,2841
8237,Anish Deshmukh,27,9,False,1657.75,456.47,DEV-8237-A,,2625
8238,Arthur Sharma,54,7,False,2432.94,914.75,DEV-8238-A,,1824
8239,Kavita Sharma,66,3,True,4760.83,2612.42,DEV-8239-A,+91 98765 74528,439
8240,Devi Taylor,51,10,False,1851.35,821.61,DEV-8240-A,,813
8241,Ramesh Deshmukh,72,4,True,3178.01,1525.99,DEV-8241-A,+91 98765 87982,2285
8242,Sunita Nair,65,7,False,1158.89,611.05,DEV-8242-A,,2931
8243,Eleanor Williams,85,4,True,565.39,294.98,DEV-8243-A,+91 98765 13676,974
8244,Rajesh Sharma,69,3,True,1873.09,916.98,DEV-8244-A,+91 98765 11274,1638
8245,Kavita Williams,71,4,True,3366.41,1253.54,DEV-8245-A,+91 98765 91532,915
8246,Kavita Kumar,91,4,True,5783.67,3317.96,DEV-8246-A,+91 98765 11599,862
8247,Meena Sharma,83,3,True,5136.5,2110.28,DEV-8247-A,+91 98765 46363,1456
8248,Ramesh Sharma,39,7,False,476.92,205.61,DEV-8248-A,,3627
8249,Vikram Singhania,33,7,False,3402.87,1397.23,DEV-8249-A,,216
8250,Kavita Patel,46,9,False,597.88,264.84,DEV-8250-A,,324
8251,Kavita Williams,55,5,False,1970.64,615.32,DEV-8251-A,,2542
8252,Meena Rao,51,7,False,5559.61,1565.41,DEV-8252-A,,2708
8253,Arthur Johnson,23,6,False,7808.2,1953.21,DEV-8253-A,,2555
8254,Priya Smith,62,7,False,560.73,180.82,DEV-8254-A,,1501
8255,Eleanor Kumar,85,2,True,568.57,331.93,DEV-8255-A,+91 98765 41933,1561
8256,Arthur Verma,38,5,False,4293.69,1048.82,DEV-8256-A,,217
8257,Eleanor Singhania,58,7,False,3531.73,1590.94,DEV-8257-A,,319
8258,Sunita Sharma,57,10,False,623.71,189.44,DEV-8258-A,,1699
8259,Suresh Johnson,42,9,False,1574.51,534.28,DEV-8259-A,,2395
8260,Aarav Williams,59,6,False,954.68,438.55,DEV-8260-A,,108
8261,George Johnson,70,1,True,1245.25,702.46,DEV-8261-A,+91 98765 66160,3406
8262,Sunita Patel,26,8,False,4406.44,2097.9,DEV-8262-A,,2269
8263,George Taylor,86,2,True,4256.29,1452.94,DEV-8263-A,+91 98765 67571,1985
8264,Anish Sharma,43,7,False,1268.26,624.07,DEV-8264-A,,3217
8265,Lakshmi Deshmukh,77,5,True,2498.98,802.4,DEV-8265-A,+91 98765 75661,1123
8266,Ramesh Taylor,68,4,True,1449.13,384.53,DEV-8266-A,+91 98765 38548,2742
8267,Vikram Johnson,38,9,False,1798.12,898.2,DEV-8267-A,,3504
8268,Kavita Gupta,31,6,False,954.55,375.62,DEV-8268-A,,2409
8269,Eleanor Joshi,52,10,False,945.48,350.8,DEV-8269-A,,951
8270,Aarav Sharma,87,4,True,598.49,266.06,DEV-8270-A,+91 98765 61462,2040
8271,Devi Singhania,36,4,False,709.88,190.96,DEV-8271-A,,3137
8272,Priya Nair,48,5,False,1301.34,494.45,DEV-8272-A,,1373
8273,Aarav Rao,45,9,False,3887.53,2241.05,DEV-8273-A,,688
8274,Eleanor Joshi,23,10,False,2909.66,1051.58,DEV-8274-A,,75
8275,Rajesh Deshmukh,73,3,True,2515.75,1059.06,DEV-8275-A,+91 98765 37854,1584
8276,Arthur Gupta,38,6,False,1255.25,411.91,DEV-8276-A,,562
8277,George Verma,57,7,False,2587.06,1068.67,DEV-8277-A,,1200
8278,Meena Deshmukh,20,7,False,3706.89,991.17,DEV-8278-A,,2230
8279,Anish Verma,47,6,False,1367.82,600.28,DEV-8279-A,,2414
8280,Sunita Williams,23,7,False,1942.8,1112.74,DEV-8280-A,,795
8281,Ramesh Rao,24,6,False,2005.87,860.13,DEV-8281-A,,3262
8282,Lakshmi Gupta,75,4,True,1972.65,1027.1,DEV-8282-A,+91 98765 53388,3536
8283,Meena Patel,35,5,False,1156.74,664.95,DEV-8283-A,,92
8284,Sunita Johnson,44,9,False,3558.8,1812.44,DEV-8284-A,,193
8285,Martha Joshi,67,4,True,727.71,305.35,DEV-8285-A,+91 98765 98705,220
8286,Eleanor Rao,56,7,False,2433.4,913.03,DEV-8286-A,,53
8287,Martha Smith,30,6,False,1287.52,542.64,DEV-8287-A,,1067
8288,Lakshmi Sharma,84,2,True,705.98,300.5,DEV-8288-A,+91 98765 29853,507
8289,Rajesh Singhania,41,7,False,3306.82,1310.09,DEV-8289-A,,1638
8290,Devi Rao,52,7,False,5736.23,1695.99,DEV-8290-A,,3284
8291,Ramesh Johnson,26,8,False,13826.15,2832.86,DEV-8291-A,,56
8292,Kavita Williams,71,4,True,921.28,190.1,DEV-8292-A,+91 98765 53845,1899
8293,Arthur Kumar,73,2,True,1223.26,480.04,DEV-8293-A,+91 98765 83737,2309
8294,Devi Nair,36,7,False,1875.9,800.24,DEV-8294-A,,3541
8295,Priya Patel,32,6,False,1493.46,754.21,DEV-8295-A,,730
8296,Martha Gupta,39,6,False,5305.42,3159.39,DEV-8296-A,,716
8297,George Sharma,29,7,False,2529.77,592.7,DEV-8297-A,,975
8298,Lakshmi Singhania,52,8,False,1281.84,714.71,DEV-8298-A,,2778
8299,Priya Kumar,65,10,False,2635.17,1267.67,DEV-8299-A,,64
8300,Ramesh Deshmukh,73,3,True,3112.82,676.06,DEV-8300-A,+91 98765 58502,1478
8301,Priya Patel,41,5,False,3047.81,1597.02,DEV-8301-A,,1077
8302,Devi Deshmukh,32,7,False,1440.36,706.62,DEV-8302-A,,131
8303,Ramesh Sharma,40,6,False,6433.45,1728.58,DEV-8303-A,,1852
8304,Meena Patel,23,6,False,6039.88,3413.19,DEV-8304-A,,3311
8305,Eleanor Joshi,52,5,False,636.33,160.72,DEV-8305-A,,693
8306,Lakshmi Taylor,56,9,False,2419.23,678.54,DEV-8306-A,,3109
8307,Aarav Verma,36,7,False,1147.95,426.17,DEV-8307-A,,804
8308,Martha Taylor,88,4,True,2998.23,990.03,DEV-8308-A,+91 98765 32052,435
8309,Priya Patel,27,6,False,906.06,392.55,DEV-8309-A,,1474
8310,Meena Smith,40,9,False,820.53,379.9,DEV-8310-A,,2376
8311,Suresh Taylor,30,6,False,5010.35,1737.75,DEV-8311-A,,47
8312,Eleanor Johnson,47,7,False,1125.69,250.17,DEV-8312-A,,416
8313,Martha Patel,63,8,False,2536.4,1261.95,DEV-8313-A,,3195
8314,Meena Smith,84,3,True,591.2,353.28,DEV-8314-A,+91 98765 67216,896
8315,Eleanor Nair,62,8,False,3247.25,871.24,DEV-8315-A,,2283
8316,Rajesh Taylor,19,8,False,1538.85,719.03,DEV-8316-A,,2440
8317,Arthur Johnson,84,4,True,1685.7,649.3,DEV-8317-A,+91 98765 70784,2857
8318,Suresh Verma,31,6,False,1247.75,253.75,DEV-8318-A,,2913
8319,Meena Singhania,36,7,False,3991.99,1808.27,DEV-8319-A,,2307
8320,Sunita Taylor,84,4,True,1877.88,618.82,DEV-8320-A,+91 98765 16598,3103
8321,Arthur Rao,89,3,True,1335.01,619.75,DEV-8321-A,+91 98765 72750,2221
8322,Vikram Patel,30,5,False,858.34,204.11,DEV-8322-A,,2272
8323,George Johnson,55,7,False,2034.28,850.54,DEV-8323-A,,663
8324,Suresh Verma,20,7,False,725.99,431.29,DEV-8324-A,,3321
8325,Anish Nair,80,4,True,356.14,149.96,DEV-8325-A,+91 98765 50762,3578
8326,Sunita Williams,63,9,False,3069.78,644.62,DEV-8326-A,,423
8327,Ramesh Verma,86,3,True,975.01,553.64,DEV-8327-A,+91 98765 72491,695
8328,Aarav Sharma,49,6,False,2050.05,757.43,DEV-8328-A,,757
8329,Vikram Johnson,39,6,False,6934.61,3017.25,DEV-8329-A,,1236
8330,Ramesh Williams,31,9,False,4041.34,921.8,DEV-8330-A,,3465
8331,Lakshmi Verma,75,5,True,6877.16,1409.7,DEV-8331-A,+91 98765 96833,666
8332,Sunita Gupta,40,7,False,2644.1,1515.82,DEV-8332-A,,393
8333,Anish Gupta,62,8,False,7143.2,1791.95,DEV-8333-A,,2025
8334,Anish Williams,57,8,False,3244.26,968.3,DEV-8334-A,,895
8335,Ramesh Taylor,34,8,False,1180.36,312.44,DEV-8335-A,,3553
8336,Meena Patel,30,7,False,4370.3,1326.75,DEV-8336-A,,1756
8337,Eleanor Johnson,78,5,True,3624.75,1762.83,DEV-8337-A,+91 98765 88963,2940
8338,Vikram Taylor,66,2,True,866.2,465.73,DEV-8338-A,+91 98765 11337,2787
8339,Ramesh Taylor,82,3,True,3993.74,1325.06,DEV-8339-A,+91 98765 92221,3039
8340,Aarav Verma,40,4,False,661.91,282.35,DEV-8340-A,,177
8341,Vikram Sharma,23,5,False,3070.39,674.85,DEV-8341-A,,1164
8342,Ramesh Rao,24,7,False,352.73,210.69,DEV-8342-A,,3521
8343,Ramesh Verma,46,10,False,2194.32,597.5,DEV-8343-A,,2966
8344,Devi Deshmukh,85,1,True,2172.59,1247.16,DEV-8344-A,+91 98765 57077,3513
8345,Ramesh Taylor,58,10,False,1177.02,587.71,DEV-8345-A,,3617
8346,Meena Rao,27,10,False,3092.81,1682.28,DEV-8346-A,,1557
8347,Vikram Sharma,42,10,False,977.47,399.46,DEV-8347-A,,3211
8348,Ramesh Smith,25,7,False,5471.16,2835.91,DEV-8348-A,,413
8349,Martha Nair,28,9,False,2162.85,1287.59,DEV-8349-A,,222
8350,Martha Gupta,81,3,True,2853.09,1526.96,DEV-8350-A,+91 98765 61887,837
8351,Aarav Williams,28,7,False,1610.87,874.76,DEV-8351-A,,3408
8352,Sunita Nair,24,6,False,1142.57,490.24,DEV-8352-A,,2959
8353,Lakshmi Joshi,81,5,True,298.77,79.65,DEV-8353-A,+91 98765 67667,1901
8354,Devi Nair,35,7,False,791.87,345.36,DEV-8354-A,,1659
8355,Meena Johnson,36,6,False,2820.1,962.38,DEV-8355-A,,2230
8356,Lakshmi Verma,43,7,False,2999.34,648.59,DEV-8356-A,,3175
8357,Rajesh Williams,18,6,False,801.39,315.6,DEV-8357-A,,123
8358,Priya Johnson,77,2,True,545.84,181.07,DEV-8358-A,+91 98765 21751,1732
8359,Rajesh Deshmukh,18,6,False,1318.89,522.57,DEV-8359-A,,1252
8360,George Joshi,85,3,True,869.32,181.64,DEV-8360-A,+91 98765 89707,197
8361,Priya Johnson,71,5,True,3948.89,1535.86,DEV-8361-A,+91 98765 79584,923
8362,Meena Kumar,83,3,True,230.44,110.18,DEV-8362-A,+91 98765 13823,1109
8363,Lakshmi Joshi,51,6,False,821.82,194.7,DEV-8363-A,,3068
8364,Anish Patel,45,6,False,2235.02,1010.75,DEV-8364-A,,2569
8365,George Singhania,82,2,True,1058.52,589.81,DEV-8365-A,+91 98765 31260,647
8366,Rajesh Kumar,63,7,False,884.79,415.53,DEV-8366-A,,3587
8367,Vikram Patel,55,9,False,8844.33,4592.19,DEV-8367-A,,1749
8368,Suresh Sharma,38,9,False,1224.52,365.45,DEV-8368-A,,2082
8369,Sunita Nair,36,7,False,542.1,195.56,DEV-8369-A,,1692
8370,Eleanor Joshi,58,8,False,295.75,125.63,DEV-8370-A,,1740
8371,George Deshmukh,56,5,False,2307.77,1167.32,DEV-8371-A,,3114
8372,Sunita Singhania,23,8,False,952.93,297.21,DEV-8372-A,,987
8373,George Verma,49,7,False,348.2,117.92,DEV-8373-A,,374
8374,George Nair,91,5,True,560.11,311.05,DEV-8374-A,+91 98765 57404,277
8375,Kavita Johnson,59,10,False,7470.2,2977.5,DEV-8375-A,,1205
8376,Anish Gupta,74,4,True,2254.68,460.31,DEV-8376-A,+91 98765 95986,178
8377,Devi Singhania,80,3,True,1100.84,403.58,DEV-8377-A,+91 98765 61316,834
8378,Kavita Johnson,62,5,False,2505.18,1016.72,DEV-8378-A,,3184
8379,Vikram Taylor,35,9,False,2520.14,585.94,DEV-8379-A,,950
8380,Martha Nair,51,5,False,3607.78,2096.85,DEV-8380-A,,64
8381,Kavita Williams,51,4,False,3247.35,899.58,DEV-8381-A,,2506
8382,George Verma,19,10,False,5287.2,1357.34,DEV-8382-A,,1888
8383,Vikram Verma,56,7,False,2045.24,580.33,DEV-8383-A,,3497
8384,Priya Singhania,28,10,False,834.99,451.12,DEV-8384-A,,581
8385,Martha Joshi,32,10,False,1421.07,537.5,DEV-8385-A,,511
8386,Rajesh Gupta,47,10,False,392.5,112.81,DEV-8386-A,,631
8387,Anish Rao,51,6,False,1076.42,334.0,DEV-8387-A,,3248
8388,Martha Williams,18,4,False,4794.5,2682.41,DEV-8388-A,,592
8389,Arthur Williams,20,8,False,1284.8,669.49,DEV-8389-A,,2302
8390,Arthur Gupta,39,7,False,9590.58,5388.89,DEV-8390-A,,2788
8391,Ramesh Patel,21,6,False,2541.38,906.38,DEV-8391-A,,2811
8392,Sunita Smith,30,9,False,4642.72,1946.04,DEV-8392-A,,3040
8393,Suresh Johnson,64,9,False,2978.31,880.87,DEV-8393-A,,2844
8394,Meena Taylor,45,7,False,723.26,347.65,DEV-8394-A,,2580
8395,Martha Verma,63,5,False,4401.57,2046.23,DEV-8395-A,,2649
8396,Lakshmi Taylor,41,7,False,2609.76,1151.45,DEV-8396-A,,1304
8397,Rajesh Williams,69,3,True,3639.98,1252.86,DEV-8397-A,+91 98765 88746,2368
8398,George Gupta,45,9,False,632.63,362.55,DEV-8398-A,,933
8399,Vikram Smith,26,8,False,2024.31,485.93,DEV-8399-A,,1417
8400,Lakshmi Verma,49,6,False,1827.83,442.8,DEV-8400-A,,2979
8401,Kavita Deshmukh,55,8,False,3448.66,1852.31,DEV-8401-A,,794
8402,Eleanor Williams,24,8,False,1272.9,621.73,DEV-8402-A,,265
8403,Eleanor Smith,74,1,True,2141.05,916.09,DEV-8403-A,+91 98765 40913,951
8404,Lakshmi Gupta,59,9,False,1031.84,244.65,DEV-8404-A,,858
8405,Sunita Kumar,71,3,True,1198.18,652.5,DEV-8405-A,+91 98765 41573,347
8406,Rajesh Taylor,23,5,False,1903.53,1062.03,DEV-8406-A,,3447
8407,Eleanor Joshi,76,2,True,2889.44,927.51,DEV-8407-A,+91 98765 97616,2196
8408,Suresh Singhania,50,9,False,2561.26,744.77,DEV-8408-A,,144
8409,Eleanor Taylor,26,5,False,1719.98,821.28,DEV-8409-A,,1123
8410,Eleanor Joshi,55,7,False,1880.28,1101.62,DEV-8410-A,,1942
8411,George Taylor,18,9,False,715.48,156.02,DEV-8411-A,,2338
8412,Anish Deshmukh,23,7,False,987.32,551.29,DEV-8412-A,,1385
8413,Devi Singhania,53,5,False,4398.11,912.59,DEV-8413-A,,2433
8414,Anish Taylor,19,8,False,2022.17,697.48,DEV-8414-A,,3192
8415,Arthur Rao,67,1,True,796.69,223.65,DEV-8415-A,+91 98765 57250,1012
8416,Martha Nair,75,2,True,827.26,496.02,DEV-8416-A,+91 98765 83966,1964
8417,Anish Singhania,39,7,False,1768.64,614.99,DEV-8417-A,,1613
8418,George Kumar,41,6,False,3768.66,1106.16,DEV-8418-A,,290
8419,Martha Rao,45,7,False,1863.92,651.56,DEV-8419-A,,1178
8420,Ramesh Patel,40,8,False,675.64,213.5,DEV-8420-A,,755
8421,Arthur Gupta,57,5,False,1841.83,564.75,DEV-8421-A,,1545
8422,Aarav Smith,29,7,False,1151.34,540.11,DEV-8422-A,,2887
8423,Aarav Johnson,28,7,False,1871.7,430.04,DEV-8423-A,,1390
8424,Kavita Smith,49,5,False,1372.26,545.17,DEV-8424-A,,388
8425,Arthur Verma,22,6,False,1834.28,901.45,DEV-8425-A,,3144
8426,George Johnson,49,5,False,1556.39,536.18,DEV-8426-A,,614
8427,Arthur Kumar,29,6,False,3014.47,1346.57,DEV-8427-A,,1550
8428,George Singhania,36,8,False,9361.24,3457.81,DEV-8428-A,,1267
8429,Devi Verma,62,9,False,1394.81,686.02,DEV-8429-A,,492
8430,Lakshmi Sharma,52,6,False,1890.79,806.23,DEV-8430-A,,1886
8431,Anish Verma,40,10,False,2860.08,1309.73,DEV-8431-A,,1011
8432,Eleanor Kumar,62,6,False,2343.41,648.39,DEV-8432-A,,2968
8433,Meena Gupta,58,9,False,1207.42,301.81,DEV-8433-A,,773
8434,George Patel,30,7,False,18840.09,5775.6,DEV-8434-A,,3362
8435,Kavita Sharma,44,7,False,906.5,494.48,DEV-8435-A,,2764
8436,Anish Williams,34,5,False,1351.16,327.71,DEV-8436-A,,2260
8437,Vikram Rao,59,7,False,2284.57,1277.41,DEV-8437-A,,3276
8438,Priya Singhania,31,8,False,1055.12,367.78,DEV-8438-A,,3374
8439,Meena Gupta,38,5,False,4846.26,2079.16,DEV-8439-A,,3211
8440,Arthur Gupta,37,6,False,4139.39,1713.7,DEV-8440-A,,904
8441,Sunita Deshmukh,19,8,False,4931.53,1365.52,DEV-8441-A,,2350
8442,Martha Rao,31,8,False,507.96,213.0,DEV-8442-A,,2724
8443,Devi Rao,35,8,False,2361.51,513.41,DEV-8443-A,,457
8444,Aarav Sharma,44,9,False,7144.87,1484.81,DEV-8444-A,,2217
8445,Meena Deshmukh,31,7,False,1046.3,479.37,DEV-8445-A,,2204
8446,Eleanor Verma,28,5,False,689.34,363.92,DEV-8446-A,,611
8447,Meena Patel,30,9,False,2209.76,1175.22,DEV-8447-A,,1538
8448,Devi Patel,61,8,False,1162.64,577.68,DEV-8448-A,,2311
8449,Anish Nair,64,7,False,2016.63,1027.45,DEV-8449-A,,670
8450,Vikram Nair,76,1,True,2548.03,1200.36,DEV-8450-A,+91 98765 96237,1174
8451,Priya Singhania,65,8,False,2035.39,706.02,DEV-8451-A,,2100
8452,Devi Gupta,20,8,False,2459.34,796.97,DEV-8452-A,,1123
8453,Suresh Sharma,76,4,True,1102.4,251.27,DEV-8453-A,+91 98765 24736,2066
8454,Vikram Williams,60,7,False,9200.75,4368.85,DEV-8454-A,,700
8455,Aarav Taylor,84,5,True,232.35,70.98,DEV-8455-A,+91 98765 79341,1713
8456,Arthur Taylor,90,3,True,1212.25,386.8,DEV-8456-A,+91 98765 29344,941
8457,Devi Deshmukh,42,7,False,3148.89,1784.76,DEV-8457-A,,1885
8458,Ramesh Johnson,45,7,False,4595.97,1491.58,DEV-8458-A,,1791
8459,George Williams,47,5,False,1214.14,383.49,DEV-8459-A,,1356
8460,Martha Rao,30,9,False,544.09,192.95,DEV-8460-A,,828
8461,Devi Sharma,65,5,False,1618.58,577.65,DEV-8461-A,,486
8462,Anish Sharma,67,2,True,1179.3,413.4,DEV-8462-A,+91 98765 94633,3419
8463,Sunita Kumar,75,4,True,1991.16,1118.67,DEV-8463-A,+91 98765 92483,2898
8464,Eleanor Joshi,27,7,False,1213.26,496.02,DEV-8464-A,,654
8465,Devi Smith,51,6,False,767.29,264.77,DEV-8465-A,,287
8466,Aarav Nair,50,7,False,9006.92,5227.62,DEV-8466-A,,1363
8467,Sunita Sharma,24,6,False,4291.42,1506.37,DEV-8467-A,,133
8468,Ramesh Deshmukh,65,7,False,2400.09,1224.87,DEV-8468-A,,3537
8469,Priya Taylor,69,4,True,967.1,496.9,DEV-8469-A,+91 98765 26780,299
8470,Kavita Verma,52,9,False,2164.78,1140.43,DEV-8470-A,,1339
8471,Devi Williams,39,8,False,2729.05,801.39,DEV-8471-A,,3498
8472,Vikram Patel,66,4,True,2045.96,438.21,DEV-8472-A,+91 98765 65760,138
8473,Kavita Rao,76,4,True,1837.89,987.67,DEV-8473-A,+91 98765 85191,2865
8474,Meena Kumar,80,4,True,2606.79,704.9,DEV-8474-A,+91 98765 38523,3155
8475,George Smith,37,8,False,910.97,238.18,DEV-8475-A,,3331
8476,Rajesh Deshmukh,29,8,False,3104.47,1707.93,DEV-8476-A,,703
8477,Sunita Rao,27,5,False,1012.2,206.36,DEV-8477-A,,528
8478,Vikram Singhania,36,6,False,1506.55,642.69,DEV-8478-A,,2579
8479,Eleanor Nair,42,7,False,1623.87,798.48,DEV-8479-A,,2934
8480,Ramesh Smith,76,4,True,1785.57,1009.96,DEV-8480-A,+91 98765 61218,750
8481,Aarav Johnson,53,8,False,7205.65,4143.38,DEV-8481-A,,2671
8482,Priya Johnson,56,7,False,2342.49,608.43,DEV-8482-A,,3004
8483,Suresh Kumar,73,2,True,3019.75,1527.69,DEV-8483-A,+91 98765 42260,1438
8484,Ramesh Taylor,55,7,False,816.03,467.14,DEV-8484-A,,1559
8485,Eleanor Joshi,50,4,False,1799.14,825.19,DEV-8485-A,,3551
8486,Vikram Rao,84,3,True,690.8,181.35,DEV-8486-A,+91 98765 29445,722
8487,Ramesh Williams,50,8,False,1898.84,693.09,DEV-8487-A,,2869
8488,Devi Rao,54,6,False,3250.94,1526.85,DEV-8488-A,,2894
8489,Vikram Smith,69,2,True,1230.33,493.56,DEV-8489-A,+91 98765 89087,2520
8490,Priya Sharma,41,9,False,1818.23,505.7,DEV-8490-A,,1206
8491,Eleanor Joshi,86,4,True,2807.47,999.2,DEV-8491-A,+91 98765 72086,2861
8492,Lakshmi Kumar,49,9,False,2554.47,1378.45,DEV-8492-A,,1480
8493,Lakshmi Verma,23,5,False,2432.57,1282.85,DEV-8493-A,,958
8494,Martha Singhania,53,8,False,2645.27,620.82,DEV-8494-A,,386
8495,Eleanor Sharma,57,8,False,1771.65,564.55,DEV-8495-A,,1953
8496,George Patel,31,5,False,4220.65,1802.8,DEV-8496-A,,230
8497,Devi Sharma,57,8,False,1715.8,433.64,DEV-8497-A,,2124
8498,Priya Singhania,43,10,False,790.59,286.91,DEV-8498-A,,2516
8499,Suresh Kumar,24,7,False,2926.7,986.5,DEV-8499-A,,524
8500,Priya Joshi,46,7,False,1585.66,411.37,DEV-8500-A,,3526
8501,Vikram Singhania,28,6,False,626.72,281.75,DEV-8501-A,,188
8502,Meena Sharma,58,9,False,700.33,187.13,DEV-8502-A,,2042
8503,Meena Verma,75,2,True,860.13,340.9,DEV-8503-A,+91 98765 61960,438
8504,Eleanor Williams,56,6,False,2019.37,744.48,DEV-8504-A,,3492
8505,Lakshmi Smith,84,3,True,4029.92,1728.55,DEV-8505-A,+91 98765 98836,2324
8506,Priya Taylor,25,6,False,973.14,384.66,DEV-8506-A,,397
8507,Suresh Williams,67,2,True,1653.7,621.36,DEV-8507-A,+91 98765 92610,1810
8508,Anish Smith,28,6,False,2721.0,1069.39,DEV-8508-A,,3550
8509,Anish Kumar,63,6,False,1944.58,846.1,DEV-8509-A,,1678
8510,Suresh Rao,69,3,True,346.15,197.83,DEV-8510-A,+91 98765 52508,1842
8511,Anish Verma,48,8,False,5159.9,2832.38,DEV-8511-A,,624
8512,Vikram Rao,23,6,False,1309.71,750.78,DEV-8512-A,,2859
8513,Ramesh Verma,45,7,False,2751.4,689.36,DEV-8513-A,,691
8514,Aarav Williams,37,9,False,2321.31,822.11,DEV-8514-A,,464
8515,Kavita Gupta,84,4,True,772.68,381.92,DEV-8515-A,+91 98765 30180,1447
8516,Ramesh Taylor,35,7,False,1484.39,323.71,DEV-8516-A,,3371
8517,Priya Verma,82,2,True,3441.2,790.0,DEV-8517-A,+91 98765 56365,1688
8518,Sunita Singhania,73,5,True,2939.8,1504.76,DEV-8518-A,+91 98765 33991,3393
8519,Arthur Rao,44,8,False,1278.71,487.84,DEV-8519-A,,1552
8520,Sunita Singhania,76,1,True,1402.35,376.39,DEV-8520-A,+91 98765 41751,3442
8521,Suresh Joshi,68,1,True,5859.74,2325.42,DEV-8521-A,+91 98765 42065,303
8522,Meena Smith,53,6,False,615.43,195.07,DEV-8522-A,,257
8523,Anish Singhania,43,5,False,1811.29,647.37,DEV-8523-A,,2830
8524,Suresh Gupta,42,7,False,1103.26,297.63,DEV-8524-A,,458
8525,Lakshmi Sharma,77,3,True,3374.78,1786.58,DEV-8525-A,+91 98765 73644,2770
8526,Arthur Rao,34,6,False,937.68,315.69,DEV-8526-A,,3539
8527,Kavita Kumar,43,5,False,437.56,211.78,DEV-8527-A,,529
8528,Arthur Verma,33,7,False,1325.7,502.86,DEV-8528-A,,85
8529,Rajesh Rao,21,7,False,740.97,217.77,DEV-8529-A,,3203
8530,George Verma,80,3,True,1762.32,799.3,DEV-8530-A,+91 98765 62598,2737
8531,Sunita Smith,40,7,False,1347.28,380.72,DEV-8531-A,,3243
8532,Kavita Williams,59,5,False,2822.2,642.2,DEV-8532-A,,1665
8533,Lakshmi Johnson,69,4,True,2273.63,691.0,DEV-8533-A,+91 98765 72066,2720
8534,Eleanor Singhania,60,6,False,1068.02,494.08,DEV-8534-A,,289
8535,Arthur Taylor,76,4,True,1102.9,519.58,DEV-8535-A,+91 98765 46287,3268
8536,Suresh Sharma,40,7,False,4238.25,1946.62,DEV-8536-A,,1510
8537,Arthur Gupta,50,9,False,1590.74,505.67,DEV-8537-A,,2359
8538,Rajesh Kumar,20,7,False,1843.07,638.85,DEV-8538-A,,743
8539,Rajesh Nair,29,6,False,2177.67,804.65,DEV-8539-A,,384
8540,Martha Taylor,23,6,False,1921.12,867.76,DEV-8540-A,,1126
8541,Rajesh Patel,62,5,False,1734.59,417.27,DEV-8541-A,,2349
8542,Arthur Nair,38,10,False,1186.29,237.85,DEV-8542-A,,1784
8543,Anish Sharma,65,6,False,7357.76,2482.23,DEV-8543-A,,2362
8544,Rajesh Johnson,77,4,True,1492.86,350.76,DEV-8544-A,+91 98765 59279,2456
8545,Vikram Johnson,44,3,True,578.3,260.26,DEV-8545-A,+91 98765 52079,1876
8546,Suresh Nair,28,7,False,4311.26,2421.56,DEV-8546-A,,3326
8547,Priya Sharma,18,5,False,7550.98,3035.79,DEV-8547-A,,1984
8548,Aarav Kumar,68,2,True,1088.33,523.71,DEV-8548-A,+91 98765 27968,104
8549,Anish Verma,51,7,False,509.98,195.74,DEV-8549-A,,1810
8550,Priya Williams,63,9,False,2982.81,1657.52,DEV-8550-A,,91
8551,Rajesh Johnson,46,6,False,1432.58,479.53,DEV-8551-A,,3580
8552,Suresh Patel,22,8,False,2785.62,1022.03,DEV-8552-A,,586
8553,Rajesh Verma,34,6,False,2889.74,1296.64,DEV-8553-A,,1289
8554,Rajesh Rao,34,5,False,2205.43,452.0,DEV-8554-A,,2371
8555,Lakshmi Kumar,24,9,False,677.56,190.43,DEV-8555-A,,2964
8556,Martha Johnson,81,2,True,678.6,194.89,DEV-8556-A,+91 98765 62891,1925
8557,Devi Singhania,34,7,False,1285.24,698.97,DEV-8557-A,,178
8558,Suresh Rao,63,5,False,1479.53,722.73,DEV-8558-A,,333
8559,Priya Singhania,89,2,True,758.9,273.34,DEV-8559-A,+91 98765 74297,2011
8560,Lakshmi Patel,44,6,False,2475.82,651.38,DEV-8560-A,,3298
8561,Priya Verma,58,5,False,2189.43,1184.28,DEV-8561-A,,1823
8562,George Williams,39,5,False,409.05,134.61,DEV-8562-A,,3161
8563,Aarav Deshmukh,54,5,False,1058.51,594.66,DEV-8563-A,,1419
8564,Suresh Williams,37,5,False,5188.34,1940.9,DEV-8564-A,,2261
8565,Martha Nair,33,8,False,3664.6,765.52,DEV-8565-A,,1001
8566,Vikram Williams,21,3,True,15777.74,8282.83,DEV-8566-A,+91 98765 99776,2371
8567,Kavita Rao,26,6,False,9977.85,4962.31,DEV-8567-A,,502
8568,Rajesh Williams,19,9,False,9759.59,5234.45,DEV-8568-A,,3183
8569,George Nair,62,5,False,1463.11,661.49,DEV-8569-A,,1294
8570,Vikram Sharma,80,3,True,972.11,239.14,DEV-8570-A,+91 98765 77173,2782
8571,Arthur Verma,19,9,False,4541.55,1999.48,DEV-8571-A,,985
8572,Meena Verma,79,3,True,4443.98,1374.17,DEV-8572-A,+91 98765 15987,679
8573,Meena Johnson,68,3,True,3060.83,1581.75,DEV-8573-A,+91 98765 19077,1471
8574,Aarav Kumar,36,8,False,1295.89,577.9,DEV-8574-A,,1459
8575,Suresh Kumar,33,10,False,2217.91,637.47,DEV-8575-A,,1578
8576,Anish Gupta,60,7,False,1653.8,776.61,DEV-8576-A,,2336
8577,Devi Kumar,27,8,False,1428.94,671.21,DEV-8577-A,,1193
8578,Suresh Sharma,50,6,False,731.37,314.29,DEV-8578-A,,2942
8579,Sunita Sharma,28,3,True,1202.0,469.59,DEV-8579-A,+91 98765 28386,1753
8580,Devi Singhania,24,7,False,2382.23,1228.27,DEV-8580-A,,1284
8581,Kavita Smith,60,6,False,1060.97,345.3,DEV-8581-A,,2755
8582,Martha Deshmukh,56,8,False,2027.22,1046.07,DEV-8582-A,,1672
8583,Kavita Johnson,78,3,True,2083.35,694.07,DEV-8583-A,+91 98765 68697,2459
8584,Devi Gupta,31,10,False,3097.3,1098.39,DEV-8584-A,,394
8585,Martha Joshi,78,3,True,2755.5,1054.36,DEV-8585-A,+91 98765 36385,1609
8586,Eleanor Singhania,77,4,True,3192.49,1169.9,DEV-8586-A,+91 98765 14426,1082
8587,Arthur Sharma,81,5,True,579.42,262.9,DEV-8587-A,+91 98765 13021,1695
8588,Lakshmi Nair,29,8,False,1498.23,409.57,DEV-8588-A,,1319
8589,Lakshmi Deshmukh,29,6,False,1744.19,973.0,DEV-8589-A,,845
8590,Sunita Johnson,24,5,False,4472.09,2333.13,DEV-8590-A,,3057
8591,George Gupta,56,7,False,1755.06,397.51,DEV-8591-A,,2344
8592,Martha Johnson,55,5,False,822.54,212.53,DEV-8592-A,,793
8593,Devi Deshmukh,39,9,False,1028.34,562.01,DEV-8593-A,,353
8594,Meena Williams,68,4,True,3119.19,1545.24,DEV-8594-A,+91 98765 84112,2692
8595,Eleanor Verma,48,5,False,852.3,402.07,DEV-8595-A,,2361
8596,George Rao,88,4,True,2055.84,422.87,DEV-8596-A,+91 98765 52086,873
8597,Sunita Taylor,73,3,True,4011.55,2301.12,DEV-8597-A,+91 98765 58622,2461
8598,Devi Taylor,56,6,False,1041.34,439.79,DEV-8598-A,,62
8599,Priya Nair,83,3,True,1038.15,527.3,DEV-8599-A,+91 98765 55844,481
8600,Priya Smith,25,7,False,907.27,280.85,DEV-8600-A,,689
8601,Devi Singhania,30,6,False,1449.23,643.95,DEV-8601-A,,2792
8602,Vikram Singhania,63,7,False,8021.76,4661.95,DEV-8602-A,,1257
8603,Lakshmi Patel,81,3,True,2644.9,1457.64,DEV-8603-A,+91 98765 51158,2545
8604,Kavita Smith,70,2,True,1417.22,670.41,DEV-8604-A,+91 98765 91364,3511
8605,Arthur Johnson,26,7,False,401.12,189.31,DEV-8605-A,,1641
8606,Eleanor Gupta,85,5,True,3795.65,1229.81,DEV-8606-A,+91 98765 64256,2722
8607,Martha Rao,63,9,False,1547.02,552.26,DEV-8607-A,,1252
8608,Arthur Kumar,48,9,False,1439.92,837.28,DEV-8608-A,,1102
8609,Kavita Taylor,39,10,False,1509.19,842.36,DEV-8609-A,,936
8610,Kavita Taylor,49,7,False,929.85,390.67,DEV-8610-A,,1084
8611,Rajesh Kumar,44,7,False,2798.52,1501.72,DEV-8611-A,,1280
8612,Meena Singhania,34,6,False,2059.33,994.4,DEV-8612-A,,2362
8613,Lakshmi Kumar,89,3,True,4462.53,2300.42,DEV-8613-A,+91 98765 89621,1023
8614,Anish Gupta,86,4,True,1095.28,337.28,DEV-8614-A,+91 98765 85801,1876
8615,Kavita Rao,80,2,True,2809.56,739.54,DEV-8615-A,+91 98765 85355,3638
8616,Anish Singhania,53,6,False,3282.39,1760.86,DEV-8616-A,,1110
8617,Aarav Smith,74,5,True,4011.01,867.09,DEV-8617-A,+91 98765 98607,3457
8618,Priya Verma,41,6,False,1251.59,445.4,DEV-8618-A,,949
8619,Sunita Johnson,40,8,False,6172.27,3488.81,DEV-8619-A,,1374
8620,Martha Verma,27,7,False,1030.61,206.55,DEV-8620-A,,2509
8621,Suresh Taylor,72,1,True,7066.28,2437.86,DEV-8621-A,+91 98765 38642,2387
8622,Anish Patel,42,7,False,1747.85,407.98,DEV-8622-A,,1050
8623,Priya Patel,50,8,False,1191.05,368.98,DEV-8623-A,,62
8624,Devi Verma,24,6,False,662.86,141.94,DEV-8624-A,,280
8625,Priya Patel,27,5,False,746.86,388.48,DEV-8625-A,,3554
8626,Suresh Kumar,77,3,True,1517.35,688.37,DEV-8626-A,+91 98765 15682,1991
8627,Arthur Gupta,74,5,True,1139.28,605.44,DEV-8627-A,+91 98765 77970,1454
8628,Vikram Gupta,22,5,False,4013.92,922.55,DEV-8628-A,,2611
8629,Martha Nair,49,8,False,1028.63,510.72,DEV-8629-A,,1409
8630,Suresh Kumar,77,3,True,469.03,224.01,DEV-8630-A,+91 98765 86756,570
8631,Ramesh Sharma,42,10,False,14394.54,3828.85,DEV-8631-A,,1031
8632,Aarav Sharma,58,9,False,1463.62,697.04,DEV-8632-A,,1266
8633,Anish Johnson,25,10,False,1661.96,390.24,DEV-8633-A,,1802
8634,Kavita Singhania,73,3,True,530.74,305.83,DEV-8634-A,+91 98765 18400,637
8635,Lakshmi Johnson,54,7,False,1788.63,453.18,DEV-8635-A,,253
8636,Aarav Verma,55,4,False,1664.65,947.66,DEV-8636-A,,3049
8637,Eleanor Patel,39,10,False,5099.1,2095.67,DEV-8637-A,,588
8638,Meena Rao,48,8,False,1463.02,556.42,DEV-8638-A,,3035
8639,Devi Nair,52,6,False,2116.81,1084.9,DEV-8639-A,,3546
8640,George Joshi,51,9,False,3120.35,1715.07,DEV-8640-A,,1489
8641,George Rao,43,6,False,3353.82,1556.62,DEV-8641-A,,1384
8642,Arthur Williams,24,5,False,4139.85,2047.36,DEV-8642-A,,2805
8643,Suresh Sharma,20,6,False,604.72,213.5,DEV-8643-A,,2304
8644,Martha Kumar,26,6,False,3216.77,1772.89,DEV-8644-A,,353
8645,Vikram Patel,43,7,False,3208.84,652.86,DEV-8645-A,,1099
8646,Eleanor Smith,51,5,False,1908.9,561.19,DEV-8646-A,,1252
8647,Vikram Gupta,72,3,True,1162.98,479.34,DEV-8647-A,+91 98765 52894,1654
8648,George Rao,63,7,False,1225.86,246.69,DEV-8648-A,,376
8649,Rajesh Rao,35,8,False,1807.06,452.91,DEV-8649-A,,2250
8650,Eleanor Sharma,28,5,False,5982.96,2688.55,DEV-8650-A,,868
8651,Kavita Verma,91,4,True,1820.99,431.33,DEV-8651-A,+91 98765 34968,3424
8652,Martha Verma,47,5,False,893.58,534.08,DEV-8652-A,,2777
8653,Ramesh Sharma,67,4,True,1326.95,525.29,DEV-8653-A,+91 98765 42592,828
8654,Kavita Deshmukh,80,2,True,1005.05,300.42,DEV-8654-A,+91 98765 48371,780
8655,Anish Singhania,52,6,False,1257.79,751.97,DEV-8655-A,,881
8656,Meena Sharma,82,4,True,2267.32,1301.86,DEV-8656-A,+91 98765 49486,980
8657,Devi Taylor,62,9,False,1882.69,804.13,DEV-8657-A,,2403
8658,Martha Smith,26,6,False,345.41,198.32,DEV-8658-A,,3066
8659,George Kumar,60,8,False,2708.82,877.51,DEV-8659-A,,3395
8660,Aarav Sharma,66,3,True,645.69,337.33,DEV-8660-A,+91 98765 82373,3271
8661,Arthur Taylor,57,6,False,3222.28,1610.82,DEV-8661-A,,2929
8662,Ramesh Johnson,31,4,False,6112.63,2583.14,DEV-8662-A,,3554
8663,Anish Singhania,26,9,False,710.22,300.72,DEV-8663-A,,3115
8664,Sunita Verma,53,8,False,1832.52,1051.55,DEV-8664-A,,3326
8665,Rajesh Williams,41,8,False,361.24,86.06,DEV-8665-A,,2744
8666,Suresh Deshmukh,37,6,False,1024.78,466.69,DEV-8666-A,,1201
8667,Rajesh Deshmukh,42,6,False,1610.22,390.8,DEV-8667-A,,1109
8668,Vikram Sharma,35,8,False,1408.42,837.37,DEV-8668-A,,1267
8669,Vikram Joshi,75,4,True,6348.92,3225.02,DEV-8669-A,+91 98765 51751,269
8670,Ramesh Rao,87,2,True,2340.81,621.59,DEV-8670-A,+91 98765 80328,3281
8671,Eleanor Sharma,55,8,False,1465.81,651.78,DEV-8671-A,,699
8672,Priya Joshi,62,7,False,1520.63,566.38,DEV-8672-A,,2320
8673,Anish Singhania,65,7,False,1716.25,803.34,DEV-8673-A,,1630
8674,Arthur Verma,60,8,False,1185.31,314.02,DEV-8674-A,,1866
8675,Arthur Taylor,47,7,False,948.36,367.4,DEV-8675-A,,3602
8676,Priya Rao,58,9,False,6141.27,1950.54,DEV-8676-A,,853
8677,Ramesh Smith,77,2,True,19058.96,11336.76,DEV-8677-A,+91 98765 30095,2584
8678,Lakshmi Sharma,36,10,False,2304.86,576.42,DEV-8678-A,,588
8679,Aarav Verma,40,6,False,3191.5,1268.03,DEV-8679-A,,1382
8680,George Johnson,58,9,False,3710.01,2027.12,DEV-8680-A,,471
8681,Vikram Rao,43,9,False,3764.79,1205.15,DEV-8681-A,,3625
8682,Aarav Rao,89,3,True,3208.91,1508.28,DEV-8682-A,+91 98765 12879,928
8683,Vikram Gupta,66,4,True,1536.99,731.75,DEV-8683-A,+91 98765 63515,1948
8684,Devi Patel,60,6,False,597.5,223.21,DEV-8684-A,,3036
8685,Meena Williams,67,2,True,2142.72,692.27,DEV-8685-A,+91 98765 66069,3238
8686,Devi Nair,48,8,False,3617.11,1433.16,DEV-8686-A,,3371
8687,Aarav Deshmukh,25,5,False,909.58,466.08,DEV-8687-A,,3535
8688,Martha Verma,29,10,False,1299.06,761.14,DEV-8688-A,,3208
8689,Suresh Johnson,91,4,True,3422.42,1865.36,DEV-8689-A,+91 98765 89948,1452
8690,Arthur Rao,87,1,True,597.04,229.37,DEV-8690-A,+91 98765 17427,740
8691,Anish Williams,60,8,False,2367.14,905.39,DEV-8691-A,,1546
8692,Vikram Sharma,41,8,False,853.86,232.13,DEV-8692-A,,350
8693,Priya Rao,43,6,False,1186.32,512.35,DEV-8693-A,,3039
8694,Anish Joshi,42,5,False,1575.08,798.8,DEV-8694-A,,2027
8695,Priya Rao,38,5,False,967.15,361.48,DEV-8695-A,,148
8696,Vikram Gupta,47,8,False,1855.37,1042.49,DEV-8696-A,,2965
8697,Ramesh Sharma,57,7,False,1267.48,298.96,DEV-8697-A,,550
8698,Kavita Deshmukh,65,9,False,1353.35,780.9,DEV-8698-A,,308
8699,Aarav Patel,44,10,False,798.12,222.56,DEV-8699-A,,1890
8700,Priya Verma,85,2,True,1486.23,750.68,DEV-8700-A,+91 98765 96758,3294
8701,Ramesh Gupta,32,7,False,738.36,345.99,DEV-8701-A,,243
8702,Eleanor Sharma,54,6,False,2345.4,915.66,DEV-8702-A,,1829
8703,Martha Joshi,41,7,False,1614.71,958.17,DEV-8703-A,,1090
8704,Devi Taylor,75,3,True,970.26,349.34,DEV-8704-A,+91 98765 23315,3436
8705,Suresh Williams,74,2,True,1752.78,836.23,DEV-8705-A,+91 98765 93369,2860
8706,Suresh Nair,75,2,True,7469.09,4118.12,DEV-8706-A,+91 98765 44137,1725
8707,Meena Johnson,26,7,False,459.49,103.17,DEV-8707-A,,3252
8708,Priya Gupta,24,8,False,1619.93,912.61,DEV-8708-A,,234
8709,George Nair,48,7,False,1433.48,503.18,DEV-8709-A,,2650
8710,Lakshmi Smith,31,7,False,1129.68,488.68,DEV-8710-A,,3603
8711,Devi Verma,36,8,False,3165.31,1254.73,DEV-8711-A,,3260
8712,Suresh Williams,24,7,False,2909.32,869.36,DEV-8712-A,,637
8713,Arthur Smith,57,10,False,687.61,267.86,DEV-8713-A,,3602
8714,Rajesh Verma,49,8,False,5762.21,1336.72,DEV-8714-A,,667
8715,Arthur Johnson,22,6,False,439.49,136.28,DEV-8715-A,,194
8716,Arthur Singhania,60,8,False,863.0,439.49,DEV-8716-A,,1644
8717,Kavita Taylor,26,7,False,1969.24,545.73,DEV-8717-A,,1073
8718,Ramesh Rao,83,5,True,7125.69,1573.13,DEV-8718-A,+91 98765 73631,1050
8719,Vikram Deshmukh,68,5,True,1570.49,822.42,DEV-8719-A,+91 98765 85157,3181
8720,Rajesh Kumar,51,6,False,1282.02,338.71,DEV-8720-A,,793
8721,Meena Verma,79,3,True,855.78,285.58,DEV-8721-A,+91 98765 21080,382
8722,Sunita Patel,79,3,True,1797.91,889.65,DEV-8722-A,+91 98765 79588,1905
8723,Sunita Rao,78,3,True,1297.29,329.74,DEV-8723-A,+91 98765 55436,2849
8724,Martha Kumar,47,6,False,2763.91,696.69,DEV-8724-A,,3072
8725,Sunita Williams,57,7,False,517.76,114.14,DEV-8725-A,,332
8726,Devi Joshi,62,10,False,2892.06,897.01,DEV-8726-A,,232
8727,Suresh Gupta,36,8,False,3653.57,1577.95,DEV-8727-A,,2870
8728,Sunita Kumar,58,8,False,5645.05,3203.22,DEV-8728-A,,2607
8729,Lakshmi Johnson,28,7,False,1852.06,600.07,DEV-8729-A,,648
8730,Eleanor Patel,18,5,False,6043.24,1700.18,DEV-8730-A,,2437
8731,Anish Taylor,82,2,True,4818.9,1511.5,DEV-8731-A,+91 98765 56525,759
8732,Arthur Taylor,67,4,True,3417.92,1558.56,DEV-8732-A,+91 98765 24338,2053
8733,Meena Verma,32,8,False,2976.62,1211.22,DEV-8733-A,,748
8734,Ramesh Deshmukh,51,9,False,2226.96,1106.58,DEV-8734-A,,1618
8735,Anish Rao,78,6,True,2018.12,1093.48,DEV-8735-A,+91 98765 38876,2313
8736,Devi Verma,33,10,False,833.04,471.55,DEV-8736-A,,699
8737,Aarav Nair,19,6,False,1010.5,334.12,DEV-8737-A,,3540
8738,Kavita Verma,36,8,False,2155.66,980.38,DEV-8738-A,,621
8739,Meena Singhania,33,8,False,3871.17,1113.29,DEV-8739-A,,751
8740,George Williams,41,8,False,3498.46,1506.55,DEV-8740-A,,1342
8741,Anish Johnson,27,6,False,3932.08,2000.01,DEV-8741-A,,3630
8742,George Joshi,59,6,False,1041.29,262.78,DEV-8742-A,,817
8743,Vikram Taylor,33,8,False,763.82,335.71,DEV-8743-A,,3044
8744,Aarav Taylor,55,9,False,2697.46,1525.2,DEV-8744-A,,2240
8745,Vikram Rao,32,6,False,2050.72,508.7,DEV-8745-A,,1217
8746,Kavita Gupta,60,9,False,1690.23,625.84,DEV-8746-A,,1843
8747,Aarav Gupta,26,6,False,923.13,552.14,DEV-8747-A,,2087
8748,Suresh Smith,44,9,False,1822.5,828.45,DEV-8748-A,,2484
8749,Arthur Sharma,77,4,True,1788.34,927.66,DEV-8749-A,+91 98765 45515,1933
8750,Aarav Kumar,43,8,False,1564.49,741.2,DEV-8750-A,,710
8751,Aarav Joshi,58,8,False,6254.96,1649.22,DEV-8751-A,,1562
8752,George Kumar,38,6,False,1868.7,700.65,DEV-8752-A,,2108
8753,Eleanor Patel,69,3,True,4362.39,1180.6,DEV-8753-A,+91 98765 90226,3167
8754,Arthur Rao,74,1,True,4793.87,1680.15,DEV-8754-A,+91 98765 99374,1865
8755,Suresh Gupta,28,7,False,4967.87,2100.45,DEV-8755-A,,2585
8756,Priya Singhania,81,4,True,5688.24,1617.28,DEV-8756-A,+91 98765 65985,2629
8757,Vikram Verma,27,8,False,7027.58,2312.04,DEV-8757-A,,3624
8758,Arthur Singhania,45,8,False,5385.51,2343.27,DEV-8758-A,,985
8759,Anish Verma,50,6,False,998.49,419.18,DEV-8759-A,,1882
8760,Suresh Deshmukh,22,7,False,976.7,554.69,DEV-8760-A,,1336
8761,Priya Verma,84,4,True,2240.03,1303.2,DEV-8761-A,+91 98765 57014,2353
8762,Ramesh Sharma,79,2,True,2954.21,676.66,DEV-8762-A,+91 98765 64835,359
8763,George Nair,21,6,False,1961.1,972.11,DEV-8763-A,,2253
8764,Rajesh Verma,65,8,False,1881.37,1054.78,DEV-8764-A,,3345
8765,Ramesh Sharma,30,6,False,1401.24,714.62,DEV-8765-A,,2709
8766,Eleanor Johnson,50,6,False,2124.74,925.05,DEV-8766-A,,3000
8767,Priya Verma,29,7,False,1630.46,499.64,DEV-8767-A,,2456
8768,Kavita Patel,72,5,True,984.67,203.33,DEV-8768-A,+91 98765 19350,1351
8769,Martha Rao,18,9,False,504.25,299.71,DEV-8769-A,,202
8770,Ramesh Johnson,40,7,False,2946.1,1520.42,DEV-8770-A,,1331
8771,Arthur Kumar,26,6,False,2586.88,1182.88,DEV-8771-A,,2753
8772,George Rao,51,5,False,2123.33,964.2,DEV-8772-A,,1815
8773,Lakshmi Deshmukh,20,7,False,1368.11,728.72,DEV-8773-A,,2767
8774,Ramesh Williams,34,6,False,1776.89,411.44,DEV-8774-A,,1703
8775,Priya Joshi,57,8,False,839.73,431.75,DEV-8775-A,,2579
8776,Kavita Williams,78,3,True,753.04,435.88,DEV-8776-A,+91 98765 33577,205
8777,Martha Singhania,71,3,True,791.65,450.41,DEV-8777-A,+91 98765 19961,1403
8778,Anish Johnson,46,7,False,4930.66,1196.79,DEV-8778-A,,2136
8779,Aarav Williams,27,7,False,3356.47,1663.27,DEV-8779-A,,2769
8780,Arthur Patel,58,5,False,1189.88,678.52,DEV-8780-A,,826
8781,Vikram Taylor,51,7,False,1798.79,636.0,DEV-8781-A,,468
8782,Lakshmi Williams,78,3,True,2742.57,652.56,DEV-8782-A,+91 98765 80557,3144
8783,Sunita Sharma,89,6,True,1779.76,908.45,DEV-8783-A,+91 98765 45731,2380
8784,Lakshmi Taylor,86,2,True,1148.78,597.51,DEV-8784-A,+91 98765 30582,293
8785,Rajesh Verma,44,6,False,2306.91,624.32,DEV-8785-A,,3513
8786,Ramesh Patel,48,7,False,249.74,143.85,DEV-8786-A,,3424
8787,Priya Kumar,60,6,False,1171.83,431.26,DEV-8787-A,,342
8788,Eleanor Taylor,47,5,False,3046.06,1544.36,DEV-8788-A,,1242
8789,Meena Taylor,24,10,False,4019.98,1136.58,DEV-8789-A,,1555
8790,Ramesh Joshi,76,5,True,4857.13,1938.47,DEV-8790-A,+91 98765 67074,2255
8791,Martha Smith,83,2,True,6086.65,1798.25,DEV-8791-A,+91 98765 75470,1674
8792,Kavita Sharma,22,8,False,1536.32,412.08,DEV-8792-A,,455
8793,Meena Smith,45,8,False,2072.24,1201.64,DEV-8793-A,,1368
8794,Anish Smith,77,3,True,3805.64,1096.67,DEV-8794-A,+91 98765 80416,269
8795,George Gupta,67,3,True,2515.53,765.42,DEV-8795-A,+91 98765 50054,3102
8796,Ramesh Joshi,55,5,False,3059.1,1491.85,DEV-8796-A,,3457
8797,Aarav Sharma,55,5,False,3707.42,971.74,DEV-8797-A,,3284
8798,George Verma,58,4,False,3838.08,1221.88,DEV-8798-A,,2364
8799,Suresh Deshmukh,40,8,False,1794.12,906.79,DEV-8799-A,,2644
8800,Suresh Rao,78,7,True,3225.37,908.68,DEV-8800-A,+91 98765 51114,2163
8801,Arthur Kumar,66,5,True,1206.82,438.83,DEV-8801-A,+91 98765 60818,2642
8802,George Gupta,25,8,False,1249.55,379.17,DEV-8802-A,,3594
8803,George Taylor,35,7,False,2830.65,695.56,DEV-8803-A,,1303
8804,Meena Johnson,27,8,False,520.87,261.02,DEV-8804-A,,1813
8805,Ramesh Rao,35,6,False,2126.25,836.64,DEV-8805-A,,1243
8806,Priya Patel,51,7,False,3185.42,1206.34,DEV-8806-A,,2530
8807,Ramesh Taylor,25,5,False,2870.48,663.12,DEV-8807-A,,1816
8808,Ramesh Verma,91,2,True,1281.06,614.65,DEV-8808-A,+91 98765 19843,821
8809,Priya Sharma,75,4,True,7376.13,3430.81,DEV-8809-A,+91 98765 50060,2856
8810,Rajesh Sharma,50,7,False,5188.03,2944.2,DEV-8810-A,,1194
8811,Priya Johnson,49,6,False,5279.29,1974.93,DEV-8811-A,,1066
8812,Vikram Kumar,78,3,True,849.5,416.71,DEV-8812-A,+91 98765 24780,1182
8813,Suresh Smith,69,2,True,10272.15,3125.95,DEV-8813-A,+91 98765 84495,3194
8814,Meena Patel,83,4,True,1190.78,253.24,DEV-8814-A,+91 98765 71742,3563
8815,Devi Verma,33,9,False,705.56,231.23,DEV-8815-A,,3410
8816,Martha Johnson,20,6,False,1002.86,271.19,DEV-8816-A,,2526
8817,Anish Johnson,31,6,False,5695.11,2062.04,DEV-8817-A,,2858
8818,Meena Williams,88,4,True,1675.27,535.46,DEV-8818-A,+91 98765 31087,2134
8819,Vikram Patel,43,8,False,304.73,132.16,DEV-8819-A,,3042
8820,Aarav Sharma,34,7,False,5810.03,1178.38,DEV-8820-A,,928
8821,Martha Singhania,56,6,False,3346.07,719.9,DEV-8821-A,,1708
8822,Aarav Taylor,74,3,True,2805.6,1617.64,DEV-8822-A,+91 98765 32032,2922
8823,Aarav Sharma,59,7,False,2286.55,482.92,DEV-8823-A,,52
8824,Eleanor Rao,22,5,False,1920.86,738.4,DEV-8824-A,,3093
8825,Priya Smith,87,3,True,400.87,141.79,DEV-8825-A,+91 98765 54126,822
8826,George Rao,58,6,False,962.3,523.02,DEV-8826-A,,3605
8827,Meena Sharma,74,4,True,3174.94,1218.46,DEV-8827-A,+91 98765 52174,2617
8828,Sunita Nair,67,2,True,1498.39,535.45,DEV-8828-A,+91 98765 33522,1136
8829,Lakshmi Smith,28,5,False,926.51,407.35,DEV-8829-A,,992
8830,Aarav Nair,41,7,False,8137.63,4620.52,DEV-8830-A,,2295
8831,Priya Singhania,23,9,False,4756.95,2760.22,DEV-8831-A,,3480
8832,Priya Williams,42,6,False,1180.99,361.52,DEV-8832-A,,3218
8833,Sunita Sharma,50,6,False,3409.64,897.07,DEV-8833-A,,1877
8834,George Smith,35,6,False,3289.31,982.83,DEV-8834-A,,2886
8835,Martha Verma,83,3,True,3588.98,722.06,DEV-8835-A,+91 98765 69950,3127
8836,Martha Rao,32,9,False,1236.67,661.91,DEV-8836-A,,3543
8837,Lakshmi Verma,48,8,False,588.55,179.81,DEV-8837-A,,3486
8838,Vikram Joshi,34,6,False,2430.54,491.48,DEV-8838-A,,2084
8839,George Williams,39,10,False,1691.92,867.02,DEV-8839-A,,3264
8840,Vikram Rao,61,9,False,4482.15,1383.24,DEV-8840-A,,3366
8841,Suresh Singhania,42,6,False,2068.93,658.19,DEV-8841-A,,3089
8842,Rajesh Smith,44,5,False,20035.56,9762.38,DEV-8842-A,,1407
8843,Meena Williams,48,7,False,3408.74,1398.09,DEV-8843-A,,2251
8844,George Verma,18,8,False,1310.35,436.91,DEV-8844-A,,1658
8845,Devi Patel,34,6,False,1933.37,797.79,DEV-8845-A,,1045
8846,Martha Smith,37,9,False,1204.19,559.69,DEV-8846-A,,1278
8847,Meena Sharma,46,9,False,2545.44,1268.43,DEV-8847-A,,334
8848,Vikram Verma,29,5,False,627.43,172.55,DEV-8848-A,,2749
8849,Priya Rao,18,8,False,1233.22,515.94,DEV-8849-A,,954
8850,Ramesh Patel,40,9,False,3064.7,1047.43,DEV-8850-A,,2786
8851,Lakshmi Nair,48,7,False,1069.0,366.2,DEV-8851-A,,795
8852,Devi Taylor,46,10,False,751.63,322.44,DEV-8852-A,,2487
8853,Rajesh Smith,45,7,False,1637.24,903.48,DEV-8853-A,,1983
8854,Arthur Taylor,70,3,True,541.64,159.43,DEV-8854-A,+91 98765 12593,1693
8855,Suresh Deshmukh,20,5,False,1009.11,308.29,DEV-8855-A,,1609
8856,Meena Williams,87,2,True,1355.57,339.07,DEV-8856-A,+91 98765 15694,1760
8857,Eleanor Joshi,74,2,True,2479.39,713.82,DEV-8857-A,+91 98765 86284,714
8858,Aarav Williams,68,1,True,2088.4,1135.09,DEV-8858-A,+91 98765 80546,2170
8859,Meena Joshi,38,6,False,689.09,349.56,DEV-8859-A,,2709
8860,Anish Rao,29,6,False,1684.33,893.79,DEV-8860-A,,3185
8861,Rajesh Johnson,40,8,False,534.81,257.78,DEV-8861-A,,551
8862,Devi Johnson,74,4,True,1184.44,457.14,DEV-8862-A,+91 98765 68273,1708
8863,Meena Deshmukh,24,7,False,4667.04,2058.11,DEV-8863-A,,2090
8864,Meena Nair,86,3,True,1830.25,1003.43,DEV-8864-A,+91 98765 87780,1746
8865,Lakshmi Smith,36,5,False,1820.66,580.41,DEV-8865-A,,2867
8866,Kavita Nair,63,10,False,763.7,404.33,DEV-8866-A,,2736
8867,Suresh Verma,40,9,False,2406.63,1169.74,DEV-8867-A,,3038
8868,Aarav Taylor,52,5,False,454.92,169.8,DEV-8868-A,,3396
8869,Ramesh Taylor,40,6,False,2451.5,1438.99,DEV-8869-A,,1630
8870,George Nair,71,4,True,3740.18,2189.68,DEV-8870-A,+91 98765 62330,2216
8871,George Kumar,34,8,False,840.13,188.41,DEV-8871-A,,729
8872,Eleanor Johnson,70,3,True,1005.23,415.1,DEV-8872-A,+91 98765 22347,596
8873,Arthur Deshmukh,87,4,True,12100.53,3056.39,DEV-8873-A,+91 98765 36757,1291
8874,Priya Nair,49,5,False,882.32,448.99,DEV-8874-A,,1365
8875,Lakshmi Johnson,21,9,False,2664.04,1499.65,DEV-8875-A,,1147
8876,Martha Williams,68,4,True,520.28,133.48,DEV-8876-A,+91 98765 93422,66
8877,Devi Taylor,25,8,False,2468.87,560.18,DEV-8877-A,,1250
8878,Ramesh Johnson,24,5,False,2364.57,1051.59,DEV-8878-A,,3559
8879,Aarav Deshmukh,31,7,False,806.46,439.42,DEV-8879-A,,1128
8880,Suresh Verma,63,6,False,3380.62,1874.19,DEV-8880-A,,3162
8881,Martha Singhania,42,7,False,4621.72,1419.53,DEV-8881-A,,2447
8882,Kavita Patel,34,6,False,2000.85,1144.53,DEV-8882-A,,3161
8883,Devi Johnson,35,5,False,1018.42,204.91,DEV-8883-A,,2564
8884,George Deshmukh,63,9,False,2433.95,526.72,DEV-8884-A,,118
8885,Aarav Smith,85,4,True,1474.04,357.97,DEV-8885-A,+91 98765 88025,1903
8886,Kavita Williams,68,1,True,4139.58,958.96,DEV-8886-A,+91 98765 99091,2069
8887,Anish Smith,57,7,False,1245.23,550.0,DEV-8887-A,,1471
8888,Kavita Singhania,67,2,True,647.62,319.04,DEV-8888-A,+91 98765 46149,338
8889,Vikram Kumar,85,4,True,1612.17,813.19,DEV-8889-A,+91 98765 89726,3314
8890,Kavita Patel,28,8,False,4944.25,1432.56,DEV-8890-A,,1713
8891,Devi Rao,68,3,True,1438.5,744.66,DEV-8891-A,+91 98765 47876,3466
8892,Devi Smith,89,2,True,432.2,167.42,DEV-8892-A,+91 98765 92564,1436
8893,Vikram Singhania,58,7,False,2155.65,774.66,DEV-8893-A,,3032
8894,Meena Singhania,50,7,False,7457.12,3732.45,DEV-8894-A,,1229
8895,Aarav Gupta,48,7,False,1365.24,614.46,DEV-8895-A,,1217
8896,Arthur Sharma,90,3,True,1134.95,271.55,DEV-8896-A,+91 98765 89289,712
8897,George Sharma,27,5,False,2832.74,1415.43,DEV-8897-A,,1368
8898,Priya Patel,51,7,False,538.57,107.9,DEV-8898-A,,3453
8899,Sunita Verma,79,3,True,1921.26,1042.04,DEV-8899-A,+91 98765 62228,601
8900,Devi Sharma,34,8,False,694.0,367.16,DEV-8900-A,,1654
8901,George Gupta,41,6,False,1575.16,411.32,DEV-8901-A,,2294
8902,Sunita Sharma,54,7,False,1627.83,478.37,DEV-8902-A,,3470
8903,Priya Gupta,46,7,False,1102.29,629.93,DEV-8903-A,,2219
8904,Anish Nair,19,9,False,2521.32,819.39,DEV-8904-A,,2160
8905,Meena Kumar,26,7,False,1315.98,553.89,DEV-8905-A,,937
8906,Aarav Smith,32,8,False,3270.57,1015.75,DEV-8906-A,,3623
8907,Vikram Joshi,69,4,True,725.29,179.45,DEV-8907-A,+91 98765 97257,3325
8908,Sunita Nair,63,8,False,541.16,145.56,DEV-8908-A,,2006
8909,Kavita Williams,66,4,True,2436.2,493.09,DEV-8909-A,+91 98765 80891,2287
8910,Lakshmi Johnson,25,8,False,1878.22,872.03,DEV-8910-A,,2467
8911,Suresh Gupta,42,7,False,1626.27,561.23,DEV-8911-A,,3443
8912,Meena Smith,65,7,False,2071.04,1134.33,DEV-8912-A,,1453
8913,Martha Joshi,30,6,False,1712.05,369.85,DEV-8913-A,,998
8914,Aarav Verma,86,3,True,5397.08,2213.79,DEV-8914-A,+91 98765 68599,3258
8915,Eleanor Sharma,69,4,True,1012.25,398.83,DEV-8915-A,+91 98765 16192,32
8916,Vikram Sharma,59,7,False,2767.32,1016.61,DEV-8916-A,,2813
8917,Eleanor Taylor,83,1,True,3055.47,904.9,DEV-8917-A,+91 98765 61167,3142
8918,George Patel,20,6,False,3358.89,1486.83,DEV-8918-A,,2455
8919,Eleanor Williams,84,4,True,1221.4,506.37,DEV-8919-A,+91 98765 36647,100
8920,Eleanor Singhania,74,3,True,4505.33,1548.0,DEV-8920-A,+91 98765 48375,427
8921,Anish Kumar,47,5,False,5699.1,2906.51,DEV-8921-A,,2345
8922,Vikram Joshi,83,4,True,2290.32,553.26,DEV-8922-A,+91 98765 67445,2247
8923,Kavita Singhania,34,5,False,770.04,206.94,DEV-8923-A,,1868
8924,Sunita Smith,79,4,True,1688.14,731.62,DEV-8924-A,+91 98765 72895,2983
8925,Aarav Williams,26,7,False,1833.19,781.06,DEV-8925-A,,514
8926,Suresh Verma,18,7,False,8712.85,2876.75,DEV-8926-A,,1727
8927,Sunita Sharma,36,4,False,1947.01,469.11,DEV-8927-A,,492
8928,Vikram Singhania,28,4,False,2163.18,469.04,DEV-8928-A,,1555
8929,Meena Sharma,47,8,False,2292.22,995.08,DEV-8929-A,,975
8930,Anish Gupta,66,3,True,291.47,143.36,DEV-8930-A,+91 98765 49716,1062
8931,Ramesh Johnson,67,5,True,289.98,165.16,DEV-8931-A,+91 98765 88027,207
8932,George Deshmukh,58,9,False,2926.37,720.15,DEV-8932-A,,1153
8933,Arthur Singhania,51,7,False,2467.74,784.67,DEV-8933-A,,2318
8934,George Joshi,56,7,False,556.56,145.96,DEV-8934-A,,1562
8935,Priya Gupta,55,5,False,7695.42,2717.24,DEV-8935-A,,188
8936,George Verma,33,7,False,341.75,102.2,DEV-8936-A,,3255
8937,Ramesh Patel,72,2,True,3787.69,905.16,DEV-8937-A,+91 98765 52415,1439
8938,Martha Joshi,18,5,False,2586.62,530.34,DEV-8938-A,,1986
8939,Ramesh Nair,41,7,False,1892.84,1028.01,DEV-8939-A,,1772
8940,Priya Verma,27,7,False,2003.97,769.13,DEV-8940-A,,3532
8941,Priya Patel,43,6,False,4385.29,1816.3,DEV-8941-A,,2524
8942,Aarav Nair,91,5,True,357.96,143.55,DEV-8942-A,+91 98765 40921,912
8943,Kavita Deshmukh,74,2,True,1179.19,591.53,DEV-8943-A,+91 98765 13853,1089
8944,Suresh Gupta,44,7,False,3131.19,1333.06,DEV-8944-A,,1997
8945,George Gupta,22,8,False,4451.21,2029.88,DEV-8945-A,,2246
8946,Kavita Williams,35,7,False,2421.88,631.85,DEV-8946-A,,3247
8947,Arthur Nair,90,2,True,6128.16,3519.81,DEV-8947-A,+91 98765 88287,942
8948,Martha Nair,23,7,False,1129.58,306.33,DEV-8948-A,,729
8949,Meena Joshi,84,2,True,3595.82,1997.61,DEV-8949-A,+91 98765 40377,2218
8950,Lakshmi Nair,20,8,False,1928.42,1045.5,DEV-8950-A,,55
8951,Suresh Joshi,41,6,False,1140.05,462.64,DEV-8951-A,,365
8952,Ramesh Gupta,56,7,False,1267.16,674.33,DEV-8952-A,,1394
8953,Eleanor Rao,46,8,False,1075.84,298.56,DEV-8953-A,,446
8954,Priya Taylor,45,7,False,75.63,30.75,DEV-8954-A,,3425
8955,Sunita Sharma,32,3,True,11241.3,3186.77,DEV-8955-A,+91 98765 42654,1645
8956,Ramesh Williams,90,2,True,2662.54,1137.54,DEV-8956-A,+91 98765 34226,404
8957,Rajesh Taylor,75,3,True,1148.01,411.5,DEV-8957-A,+91 98765 71905,1000
8958,Ramesh Williams,31,7,False,1770.9,866.5,DEV-8958-A,,1927
8959,Suresh Verma,37,5,False,2910.06,1293.05,DEV-8959-A,,1773
8960,Anish Smith,82,5,True,2501.03,953.73,DEV-8960-A,+91 98765 94218,2264
8961,Lakshmi Johnson,51,8,False,2888.64,1339.7,DEV-8961-A,,1449
8962,Arthur Taylor,89,4,True,2962.38,1593.88,DEV-8962-A,+91 98765 98487,1345
8963,Arthur Verma,36,10,False,402.52,154.95,DEV-8963-A,,771
8964,Kavita Verma,78,2,True,686.46,343.43,DEV-8964-A,+91 98765 99295,3477
8965,Eleanor Verma,54,6,False,3082.04,919.06,DEV-8965-A,,2949
8966,Arthur Patel,50,7,False,1062.36,363.61,DEV-8966-A,,1693
8967,Meena Smith,28,7,False,4045.06,2397.78,DEV-8967-A,,1372
8968,Suresh Nair,82,3,True,587.65,258.99,DEV-8968-A,+91 98765 90602,374
8969,Devi Patel,75,3,True,3636.66,778.44,DEV-8969-A,+91 98765 17174,1406
8970,Sunita Smith,49,8,False,2976.02,1631.03,DEV-8970-A,,3518
8971,Sunita Nair,62,7,False,815.28,409.94,DEV-8971-A,,1293
8972,Rajesh Gupta,42,7,False,733.62,245.78,DEV-8972-A,,1865
8973,Devi Gupta,40,8,False,2316.49,980.89,DEV-8973-A,,1132
8974,Suresh Rao,63,8,False,8882.83,2880.73,DEV-8974-A,,3162
8975,Eleanor Williams,42,8,False,1487.35,789.26,DEV-8975-A,,909
8976,Eleanor Kumar,55,8,False,6082.78,3002.05,DEV-8976-A,,608
8977,Kavita Deshmukh,35,6,False,6871.57,3666.92,DEV-8977-A,,3609
8978,Kavita Patel,73,2,True,1181.93,575.71,DEV-8978-A,+91 98765 70456,517
8979,Eleanor Johnson,53,9,False,2408.56,1305.41,DEV-8979-A,,1259
8980,Devi Rao,33,9,False,2141.88,1176.14,DEV-8980-A,,1094
8981,Kavita Joshi,36,7,False,1360.91,786.88,DEV-8981-A,,2500
8982,Vikram Sharma,47,7,False,1755.01,386.81,DEV-8982-A,,1395
8983,Lakshmi Deshmukh,61,9,False,7897.72,1928.06,DEV-8983-A,,2121
8984,Aarav Rao,40,6,False,2582.87,1428.52,DEV-8984-A,,829
8985,Meena Smith,25,7,False,649.99,375.77,DEV-8985-A,,921
8986,Martha Patel,39,8,False,7372.62,1915.77,DEV-8986-A,,3609
8987,Rajesh Taylor,34,7,False,848.57,245.72,DEV-8987-A,,853
8988,Lakshmi Joshi,32,7,False,928.64,462.96,DEV-8988-A,,2669
8989,Priya Singhania,62,5,False,636.53,186.4,DEV-8989-A,,183
8990,Suresh Smith,27,9,False,1736.68,1010.43,DEV-8990-A,,2221
8991,Priya Kumar,26,8,False,2525.75,898.13,DEV-8991-A,,2310
8992,Rajesh Nair,25,7,False,2445.66,875.74,DEV-8992-A,,3283
8993,Priya Deshmukh,33,7,False,1271.95,446.23,DEV-8993-A,,2255
8994,Suresh Rao,34,5,False,5457.55,1969.63,DEV-8994-A,,69
8995,Kavita Joshi,19,6,False,2174.53,620.88,DEV-8995-A,,2302
8996,Martha Verma,66,2,True,1216.25,524.17,DEV-8996-A,+91 98765 51414,2832
8997,Rajesh Nair,31,8,False,574.75,285.04,DEV-8997-A,,773
8998,Meena Deshmukh,68,1,True,747.71,385.11,DEV-8998-A,+91 98765 50072,1703
8999,Arthur Joshi,30,8,False,862.7,313.85,DEV-8999-A,,2737
9000,Vikram Nair,65,6,False,714.31,399.06,DEV-9000-A,,3015
9001,Lakshmi Deshmukh,45,6,False,2136.1,580.02,DEV-9001-A,,3356
9002,Sunita Patel,20,7,False,1763.11,968.92,DEV-9002-A,,2126
9003,Meena Nair,58,7,False,4177.3,1451.64,DEV-9003-A,,1770
9004,Suresh Rao,29,5,False,2802.64,1028.49,DEV-9004-A,,1228
9005,Anish Joshi,76,3,True,546.96,164.47,DEV-9005-A,+91 98765 60006,2063
9006,Rajesh Taylor,50,7,False,388.12,120.73,DEV-9006-A,,1992
9007,Devi Taylor,90,5,True,1736.25,833.78,DEV-9007-A,+91 98765 59663,695
9008,George Johnson,49,7,False,498.9,235.67,DEV-9008-A,,297
9009,Kavita Rao,47,6,False,1271.0,714.91,DEV-9009-A,,889
9010,George Verma,29,9,False,975.74,513.4,DEV-9010-A,,2437
9011,Anish Singhania,48,6,False,954.47,350.85,DEV-9011-A,,2606
9012,Martha Gupta,41,6,False,1352.21,764.44,DEV-9012-A,,1428
9013,Sunita Johnson,19,8,False,1744.63,809.32,DEV-9013-A,,2436
9014,Aarav Taylor,40,5,False,7653.54,4207.61,DEV-9014-A,,181
9015,Meena Sharma,53,8,False,6030.58,1298.48,DEV-9015-A,,2210
9016,Arthur Deshmukh,31,7,False,1460.81,396.55,DEV-9016-A,,963
9017,Aarav Smith,78,4,True,6246.93,2471.34,DEV-9017-A,+91 98765 40664,3440
9018,Arthur Verma,34,10,False,1323.14,678.63,DEV-9018-A,,419
9019,Rajesh Smith,23,9,False,3628.23,1536.88,DEV-9019-A,,2464
9020,Martha Williams,31,7,False,23061.11,9000.38,DEV-9020-A,,2168
9021,Kavita Gupta,47,7,False,1358.18,414.78,DEV-9021-A,,727
9022,Kavita Singhania,33,8,False,923.19,486.91,DEV-9022-A,,1164
9023,Kavita Johnson,39,8,False,1233.91,554.73,DEV-9023-A,,3106
9024,Devi Johnson,36,6,False,5082.09,2208.79,DEV-9024-A,,1548
9025,Devi Verma,91,4,True,1549.03,508.49,DEV-9025-A,+91 98765 83536,3621
9026,Eleanor Joshi,52,9,False,1529.43,343.26,DEV-9026-A,,3204
9027,Suresh Nair,58,7,False,6492.46,1571.94,DEV-9027-A,,2631
9028,Eleanor Kumar,33,8,False,2317.7,854.4,DEV-9028-A,,2159
9029,Ramesh Smith,54,6,False,578.33,193.58,DEV-9029-A,,3068
9030,Meena Joshi,60,7,False,635.55,143.99,DEV-9030-A,,2456
9031,Sunita Verma,33,6,False,815.46,384.51,DEV-9031-A,,617
9032,Rajesh Deshmukh,50,5,False,727.71,214.23,DEV-9032-A,,3082
9033,Devi Taylor,91,4,True,1599.96,569.89,DEV-9033-A,+91 98765 80623,2525
9034,Rajesh Joshi,31,5,False,1221.54,546.0,DEV-9034-A,,593
9035,Kavita Smith,26,8,False,216.35,58.56,DEV-9035-A,,2243
9036,Vikram Williams,21,7,False,286.42,144.98,DEV-9036-A,,2522
9037,Devi Patel,50,6,False,2218.81,500.53,DEV-9037-A,,1922
9038,Aarav Nair,28,8,False,3356.85,861.19,DEV-9038-A,,3104
9039,Kavita Gupta,20,8,False,2560.95,1284.68,DEV-9039-A,,1376
9040,Meena Kumar,31,9,False,2664.99,805.71,DEV-9040-A,,1119
9041,Vikram Singhania,52,5,False,1017.38,598.05,DEV-9041-A,,2063
9042,Priya Smith,84,2,True,1585.29,778.64,DEV-9042-A,+91 98765 61277,2173
9043,Meena Patel,34,6,False,740.6,305.08,DEV-9043-A,,776
9044,Vikram Williams,24,7,False,1869.48,1040.83,DEV-9044-A,,151
9045,Vikram Smith,84,3,True,7146.6,2157.98,DEV-9045-A,+91 98765 75900,1429
9046,Martha Joshi,68,1,True,1355.63,464.57,DEV-9046-A,+91 98765 80303,497
9047,Rajesh Johnson,44,8,False,1793.12,700.07,DEV-9047-A,,1036
9048,Suresh Joshi,79,3,True,652.2,210.95,DEV-9048-A,+91 98765 80617,356
9049,Anish Nair,45,9,False,630.51,160.77,DEV-9049-A,,2391
9050,Aarav Joshi,75,3,True,1858.58,686.49,DEV-9050-A,+91 98765 12970,3052
9051,Priya Joshi,30,9,False,935.87,433.91,DEV-9051-A,,461
9052,Devi Deshmukh,71,3,True,1000.83,573.34,DEV-9052-A,+91 98765 85640,222
9053,Eleanor Nair,24,7,False,1202.02,391.95,DEV-9053-A,,635
9054,Martha Singhania,60,7,False,1850.12,1027.97,DEV-9054-A,,2426
9055,Vikram Rao,62,6,False,887.76,490.84,DEV-9055-A,,3401
9056,Eleanor Patel,55,7,False,5711.94,1377.89,DEV-9056-A,,2602
9057,Arthur Taylor,39,8,False,1168.03,560.89,DEV-9057-A,,2096
9058,Aarav Kumar,23,8,False,2302.78,1102.91,DEV-9058-A,,2986
9059,Devi Taylor,51,8,False,1379.13,509.07,DEV-9059-A,,78
9060,Arthur Rao,78,4,True,2785.3,1659.81,DEV-9060-A,+91 98765 26585,2787
9061,George Sharma,69,3,True,1013.0,214.03,DEV-9061-A,+91 98765 25930,529
9062,Lakshmi Kumar,48,7,False,2535.1,1464.23,DEV-9062-A,,2424
9063,Rajesh Sharma,32,4,False,2368.77,941.65,DEV-9063-A,,1048
9064,Ramesh Joshi,53,8,False,3273.37,1400.28,DEV-9064-A,,2379
9065,Suresh Gupta,35,6,False,1543.78,897.36,DEV-9065-A,,580
9066,Arthur Nair,79,1,True,2575.56,1477.75,DEV-9066-A,+91 98765 25894,1026
9067,Martha Sharma,69,3,True,5304.09,2423.71,DEV-9067-A,+91 98765 85231,271
9068,Arthur Joshi,36,8,False,909.9,345.88,DEV-9068-A,,2221
9069,Meena Joshi,33,7,False,770.89,377.91,DEV-9069-A,,2087
9070,Meena Sharma,36,6,False,2875.34,964.29,DEV-9070-A,,1190
9071,Arthur Sharma,68,2,True,3632.22,903.89,DEV-9071-A,+91 98765 27777,1256
9072,Vikram Taylor,20,7,False,1272.78,481.45,DEV-9072-A,,1918
9073,Vikram Singhania,72,3,True,498.11,117.63,DEV-9073-A,+91 98765 19132,1435
9074,Suresh Rao,48,6,False,1149.76,398.66,DEV-9074-A,,1582
9075,George Verma,70,2,True,6171.02,1527.13,DEV-9075-A,+91 98765 67654,353
9076,Vikram Taylor,36,9,False,1831.26,1075.5,DEV-9076-A,,1458
9077,George Johnson,59,9,False,790.63,264.46,DEV-9077-A,,1034
9078,Vikram Nair,58,6,False,882.44,203.04,DEV-9078-A,,1021
9079,Sunita Taylor,45,9,False,2740.99,1436.66,DEV-9079-A,,59
9080,Arthur Smith,91,3,True,895.57,365.88,DEV-9080-A,+91 98765 52173,3609
9081,Martha Patel,74,3,True,1621.57,527.83,DEV-9081-A,+91 98765 58066,2622
9082,Kavita Deshmukh,90,3,True,3557.77,1958.58,DEV-9082-A,+91 98765 97249,1038
9083,Rajesh Williams,20,9,False,861.99,248.75,DEV-9083-A,,1399
9084,George Joshi,30,7,False,4017.64,2392.94,DEV-9084-A,,1568
9085,Lakshmi Johnson,26,5,False,782.82,432.16,DEV-9085-A,,2026
9086,Priya Nair,34,6,False,1327.63,677.3,DEV-9086-A,,1450
9087,Meena Patel,33,7,False,1009.33,359.91,DEV-9087-A,,1585
9088,Kavita Rao,29,7,False,3561.19,1130.88,DEV-9088-A,,1639
9089,Sunita Williams,62,8,False,3197.32,1701.7,DEV-9089-A,,578
9090,Lakshmi Deshmukh,35,6,False,2501.18,1011.21,DEV-9090-A,,2021
9091,Priya Deshmukh,57,6,False,632.04,350.87,DEV-9091-A,,145
9092,Priya Smith,52,6,False,2787.11,675.57,DEV-9092-A,,2465
9093,Martha Kumar,33,8,False,397.6,219.67,DEV-9093-A,,2693
9094,George Singhania,45,7,False,1818.21,387.87,DEV-9094-A,,49
9095,Arthur Rao,23,7,False,8350.65,2314.67,DEV-9095-A,,1238
9096,Priya Smith,56,6,False,1949.17,889.14,DEV-9096-A,,366
9097,George Kumar,70,4,True,732.3,204.96,DEV-9097-A,+91 98765 43408,1080
9098,Rajesh Joshi,69,3,True,3569.12,1063.06,DEV-9098-A,+91 98765 99516,1718
9099,Rajesh Sharma,43,6,False,1991.91,566.01,DEV-9099-A,,459
9100,Devi Nair,66,2,True,2147.75,996.6,DEV-9100-A,+91 98765 93179,868
9101,Arthur Smith,85,3,True,1000.62,492.08,DEV-9101-A,+91 98765 93206,1257
9102,Martha Joshi,61,6,False,1237.04,635.47,DEV-9102-A,,1117
9103,Sunita Nair,87,4,True,2066.95,984.23,DEV-9103-A,+91 98765 26310,183
9104,Vikram Williams,83,3,True,1305.36,363.8,DEV-9104-A,+91 98765 83428,2269
9105,Aarav Verma,19,4,False,2110.46,458.84,DEV-9105-A,,2038
9106,Vikram Sharma,90,4,True,2272.56,1362.7,DEV-9106-A,+91 98765 44610,614
9107,Suresh Singhania,43,6,False,1137.92,462.08,DEV-9107-A,,884
9108,Martha Verma,57,3,True,1142.08,305.29,DEV-9108-A,+91 98765 76730,3603
9109,Meena Gupta,46,7,False,1218.85,292.59,DEV-9109-A,,2625
9110,Anish Williams,71,2,True,1378.75,568.87,DEV-9110-A,+91 98765 45466,1886
9111,Meena Smith,84,3,True,2394.66,1168.27,DEV-9111-A,+91 98765 85892,971
9112,Arthur Kumar,19,7,False,746.02,217.47,DEV-9112-A,,895
9113,Aarav Johnson,73,3,True,538.69,229.07,DEV-9113-A,+91 98765 63970,2385
9114,Sunita Singhania,84,3,True,3467.0,1050.35,DEV-9114-A,+91 98765 74919,1677
9115,Anish Taylor,72,3,True,1688.03,397.29,DEV-9115-A,+91 98765 96412,3553
9116,Aarav Johnson,44,9,False,4069.73,2092.77,DEV-9116-A,,741
9117,Priya Smith,56,8,False,1418.73,744.04,DEV-9117-A,,2227
9118,Anish Johnson,28,5,False,3616.81,1600.94,DEV-9118-A,,2115
9119,Devi Kumar,40,8,False,8609.21,4922.71,DEV-9119-A,,1134
9120,Arthur Kumar,57,8,False,890.28,285.2,DEV-9120-A,,1466
9121,Meena Joshi,35,7,False,1797.57,1056.35,DEV-9121-A,,2925
9122,Lakshmi Joshi,52,6,False,3537.56,1763.99,DEV-9122-A,,3435
9123,Arthur Smith,54,8,False,1710.33,679.92,DEV-9123-A,,3096
9124,Devi Verma,60,7,False,2559.67,1061.5,DEV-9124-A,,3494
9125,Suresh Patel,82,6,True,1142.94,403.3,DEV-9125-A,+91 98765 69442,1119
9126,Vikram Sharma,58,6,False,520.62,305.36,DEV-9126-A,,2658
9127,Martha Kumar,25,6,False,488.42,116.15,DEV-9127-A,,2294
9128,Meena Kumar,53,9,False,2703.05,1595.85,DEV-9128-A,,462
9129,George Joshi,58,8,False,4694.63,1242.98,DEV-9129-A,,3438
9130,Anish Kumar,34,8,False,6343.31,2753.0,DEV-9130-A,,2982
9131,Sunita Rao,31,9,False,2958.72,1639.43,DEV-9131-A,,1279
9132,Vikram Johnson,67,5,True,3415.12,1345.71,DEV-9132-A,+91 98765 76044,3142
9133,Rajesh Smith,32,7,False,4108.0,1798.18,DEV-9133-A,,2051
9134,Vikram Smith,91,3,True,2190.5,467.85,DEV-9134-A,+91 98765 71589,1845
9135,Eleanor Smith,43,7,False,2307.92,1384.08,DEV-9135-A,,941
9136,Lakshmi Rao,23,8,False,16141.61,4877.04,DEV-9136-A,,1687
9137,Kavita Kumar,87,1,True,2892.12,1022.71,DEV-9137-A,+91 98765 72245,1871
9138,Aarav Joshi,66,4,True,1350.32,359.55,DEV-9138-A,+91 98765 42908,416
9139,Lakshmi Taylor,35,7,False,1631.8,503.65,DEV-9139-A,,64
9140,Aarav Johnson,58,8,False,3506.0,713.31,DEV-9140-A,,491
9141,Eleanor Rao,60,7,False,11273.97,3964.87,DEV-9141-A,,2129
9142,Martha Sharma,73,2,True,1042.88,337.93,DEV-9142-A,+91 98765 34417,2262
9143,Ramesh Singhania,46,8,False,632.01,349.93,DEV-9143-A,,575
9144,Eleanor Gupta,56,9,False,1478.63,738.15,DEV-9144-A,,3255
9145,Priya Sharma,41,9,False,3121.63,930.82,DEV-9145-A,,1103
9146,Rajesh Williams,41,9,False,1721.06,589.21,DEV-9146-A,,3500
9147,Priya Joshi,70,4,True,5574.72,2999.24,DEV-9147-A,+91 98765 40493,378
9148,Sunita Taylor,18,7,False,2314.34,758.39,DEV-9148-A,,2702
9149,Eleanor Deshmukh,38,7,False,1173.65,298.66,DEV-9149-A,,1921
9150,Ramesh Sharma,21,7,False,2061.27,1042.28,DEV-9150-A,,1129
9151,Anish Patel,76,4,True,2168.11,864.39,DEV-9151-A,+91 98765 12579,261
9152,Suresh Taylor,90,4,True,7881.89,3864.68,DEV-9152-A,+91 98765 87537,3465
9153,Anish Patel,77,3,True,2195.96,612.27,DEV-9153-A,+91 98765 84059,911
9154,Priya Gupta,19,6,False,1104.67,539.54,DEV-9154-A,,1550
9155,Lakshmi Joshi,48,7,False,6625.82,2797.68,DEV-9155-A,,2286
9156,Rajesh Sharma,25,8,False,3353.4,1083.23,DEV-9156-A,,2575
9157,Suresh Taylor,39,8,False,1161.41,579.31,DEV-9157-A,,2553
9158,Kavita Patel,57,6,False,1190.63,262.07,DEV-9158-A,,2628
9159,Ramesh Verma,20,4,False,3431.94,1297.2,DEV-9159-A,,3104
9160,Anish Smith,56,9,False,5262.5,1601.6,DEV-9160-A,,1937
9161,Aarav Johnson,74,3,True,2812.74,581.75,DEV-9161-A,+91 98765 83140,1974
9162,Ramesh Taylor,82,4,True,1479.69,424.22,DEV-9162-A,+91 98765 61088,1077
9163,Martha Rao,79,3,True,1537.21,905.8,DEV-9163-A,+91 98765 34029,756
9164,Eleanor Patel,32,9,False,576.62,279.26,DEV-9164-A,,2061
9165,Kavita Kumar,81,1,True,3629.39,1246.82,DEV-9165-A,+91 98765 28894,789
9166,Kavita Sharma,78,4,True,2239.69,1311.59,DEV-9166-A,+91 98765 44736,3439
9167,Vikram Verma,37,10,False,2702.51,717.62,DEV-9167-A,,1747
9168,Meena Patel,21,7,False,4341.42,1859.47,DEV-9168-A,,2215
9169,Sunita Sharma,53,6,False,2549.93,1136.3,DEV-9169-A,,818
9170,Kavita Singhania,48,7,False,3888.04,2244.08,DEV-9170-A,,2183
9171,Martha Patel,40,4,False,4155.29,1455.89,DEV-9171-A,,2846
9172,George Rao,71,1,True,5921.22,2690.73,DEV-9172-A,+91 98765 16587,1975
9173,Aarav Verma,67,3,True,1445.13,535.85,DEV-9173-A,+91 98765 81585,1665
9174,Devi Taylor,74,3,True,1800.43,611.44,DEV-9174-A,+91 98765 95563,725
9175,Sunita Verma,88,3,True,7579.56,3835.63,DEV-9175-A,+91 98765 14606,160
9176,Arthur Kumar,79,4,True,738.74,327.29,DEV-9176-A,+91 98765 40991,1631
9177,Martha Taylor,79,2,True,1674.05,719.3,DEV-9177-A,+91 98765 27765,317
9178,Eleanor Rao,88,4,True,991.08,326.37,DEV-9178-A,+91 98765 63643,2257
9179,Aarav Sharma,33,6,False,2012.91,539.94,DEV-9179-A,,1418
9180,Devi Deshmukh,44,5,False,650.21,158.28,DEV-9180-A,,2507
9181,Arthur Sharma,41,6,False,5229.17,2271.91,DEV-9181-A,,275
9182,Meena Deshmukh,28,5,False,621.45,342.47,DEV-9182-A,,1026
9183,Ramesh Nair,65,8,False,4397.41,1065.57,DEV-9183-A,,3298
9184,Aarav Sharma,88,3,True,2252.9,1175.11,DEV-9184-A,+91 98765 70475,915
9185,Devi Patel,44,6,False,2699.03,1121.24,DEV-9185-A,,806
9186,Sunita Williams,26,5,False,2167.38,825.74,DEV-9186-A,,1879
9187,Priya Verma,61,7,False,3616.86,1944.13,DEV-9187-A,,413
9188,Meena Rao,51,8,False,3642.48,1469.69,DEV-9188-A,,2244
9189,George Johnson,38,5,False,1318.23,674.69,DEV-9189-A,,198
9190,Suresh Patel,91,4,True,1504.61,376.38,DEV-9190-A,+91 98765 95863,1626
9191,Suresh Verma,87,2,True,4931.15,1587.1,DEV-9191-A,+91 98765 34331,521
9192,Aarav Kumar,59,8,False,2071.75,1049.34,DEV-9192-A,,3403
9193,Anish Nair,52,7,False,3201.45,1728.38,DEV-9193-A,,3594
9194,Anish Taylor,77,2,True,12875.97,5101.68,DEV-9194-A,+91 98765 63413,3275
9195,Meena Deshmukh,47,6,False,3739.59,1440.12,DEV-9195-A,,484
9196,Priya Smith,30,8,False,682.46,168.41,DEV-9196-A,,3338
9197,Rajesh Deshmukh,30,6,False,1861.98,466.93,DEV-9197-A,,3447
9198,Aarav Deshmukh,79,2,True,3921.0,1329.99,DEV-9198-A,+91 98765 43663,1284
9199,Lakshmi Singhania,86,3,True,1324.44,581.37,DEV-9199-A,+91 98765 17050,622
9200,Lakshmi Kumar,72,3,True,2567.92,963.31,DEV-9200-A,+91 98765 49522,1230
9201,Ramesh Verma,61,8,False,2518.42,589.52,DEV-9201-A,,1506
9202,Ramesh Patel,42,8,False,2281.59,1033.82,DEV-9202-A,,2683
9203,George Sharma,61,7,False,1014.74,387.37,DEV-9203-A,,620
9204,Arthur Verma,60,8,False,438.17,161.96,DEV-9204-A,,909
9205,Anish Kumar,54,7,False,773.0,270.33,DEV-9205-A,,367
9206,Ramesh Taylor,67,4,True,2238.52,1013.65,DEV-9206-A,+91 98765 97073,3021
9207,Aarav Johnson,38,7,False,6039.73,1675.4,DEV-9207-A,,1142
9208,Kavita Taylor,68,3,True,1504.6,757.57,DEV-9208-A,+91 98765 68468,3297
9209,Suresh Verma,70,2,True,3857.34,2108.56,DEV-9209-A,+91 98765 59260,2557
9210,Aarav Rao,66,4,True,3509.45,1515.52,DEV-9210-A,+91 98765 98395,778
9211,Martha Williams,25,9,False,4414.18,1434.59,DEV-9211-A,,2592
9212,Eleanor Nair,67,5,True,7420.99,2575.39,DEV-9212-A,+91 98765 22369,950
9213,Ramesh Deshmukh,25,8,False,1015.21,313.27,DEV-9213-A,,1705
9214,Rajesh Williams,18,8,False,2141.75,942.12,DEV-9214-A,,1937
9215,Kavita Taylor,73,1,True,3605.15,1416.77,DEV-9215-A,+91 98765 83032,128
9216,Ramesh Gupta,77,3,True,2040.33,895.48,DEV-9216-A,+91 98765 55212,3418
9217,Eleanor Johnson,48,6,False,3798.49,1260.61,DEV-9217-A,,2242
9218,Eleanor Patel,77,2,True,1660.41,779.84,DEV-9218-A,+91 98765 60104,181
9219,Ramesh Patel,82,5,True,1129.9,668.61,DEV-9219-A,+91 98765 23933,2385
9220,Meena Nair,33,6,False,3660.46,1356.33,DEV-9220-A,,2229
9221,Rajesh Verma,36,7,False,1787.55,574.47,DEV-9221-A,,3329
9222,Martha Smith,46,9,False,5375.22,2330.23,DEV-9222-A,,3637
9223,George Kumar,36,7,False,2828.7,811.15,DEV-9223-A,,2909
9224,Kavita Taylor,53,8,False,1162.61,468.31,DEV-9224-A,,2514
9225,Martha Gupta,44,5,False,4517.97,1031.59,DEV-9225-A,,1991
9226,Martha Kumar,31,7,False,1925.88,841.42,DEV-9226-A,,3629
9227,Martha Verma,88,2,True,4463.39,1139.43,DEV-9227-A,+91 98765 38035,1928
9228,George Sharma,48,8,False,1695.26,1010.29,DEV-9228-A,,69
9229,Anish Gupta,44,7,False,5802.18,2008.38,DEV-9229-A,,1898
9230,Anish Sharma,46,7,False,3517.4,1022.51,DEV-9230-A,,2123
9231,Lakshmi Deshmukh,18,5,False,2420.25,1095.18,DEV-9231-A,,3392
9232,Rajesh Johnson,36,7,False,894.36,380.81,DEV-9232-A,,478
9233,Sunita Deshmukh,47,10,False,762.61,313.08,DEV-9233-A,,1224
9234,Ramesh Patel,26,6,False,1392.89,664.85,DEV-9234-A,,1820
9235,Kavita Sharma,52,9,False,1399.4,462.25,DEV-9235-A,,236
9236,George Johnson,54,7,False,1496.2,715.3,DEV-9236-A,,3048
9237,Vikram Singhania,73,3,True,2612.85,1405.18,DEV-9237-A,+91 98765 89682,3021
9238,Ramesh Joshi,40,8,False,1587.96,898.52,DEV-9238-A,,838
9239,Arthur Rao,53,8,False,1375.0,452.88,DEV-9239-A,,1171
9240,Anish Smith,27,6,False,1995.4,701.66,DEV-9240-A,,1820
9241,Anish Deshmukh,74,3,True,1560.28,908.6,DEV-9241-A,+91 98765 15121,2095
9242,Priya Patel,75,3,True,2303.93,985.34,DEV-9242-A,+91 98765 39360,2381
9243,Martha Nair,77,1,True,1541.8,687.49,DEV-9243-A,+91 98765 45955,1798
9244,Priya Verma,60,8,False,4644.64,2314.37,DEV-9244-A,,2956
9245,Aarav Verma,62,5,False,1723.5,886.18,DEV-9245-A,,300
9246,Priya Rao,19,7,False,1887.93,840.11,DEV-9246-A,,3075
9247,Suresh Williams,21,4,False,2598.09,903.59,DEV-9247-A,,3071
9248,Ramesh Joshi,47,7,False,6238.48,2432.21,DEV-9248-A,,89
9249,Eleanor Nair,37,5,False,2220.85,676.02,DEV-9249-A,,36
9250,Vikram Kumar,69,2,True,1605.28,541.74,DEV-9250-A,+91 98765 38548,38
9251,Sunita Sharma,59,6,False,6352.27,2030.49,DEV-9251-A,,104
9252,George Rao,26,7,False,11634.59,5480.83,DEV-9252-A,,3279
9253,Kavita Taylor,33,5,False,807.51,419.15,DEV-9253-A,,2955
9254,George Deshmukh,29,6,False,2010.89,844.19,DEV-9254-A,,1010
9255,Meena Johnson,22,5,False,653.1,346.51,DEV-9255-A,,49
9256,Aarav Smith,32,7,False,973.11,462.21,DEV-9256-A,,2164
9257,Rajesh Patel,37,9,False,2714.0,920.1,DEV-9257-A,,1062
9258,Meena Singhania,51,8,False,6442.89,3090.84,DEV-9258-A,,3299
9259,Aarav Sharma,65,5,False,1029.21,234.89,DEV-9259-A,,2404
9260,Rajesh Singhania,44,5,False,2528.28,814.13,DEV-9260-A,,2355
9261,Ramesh Joshi,59,9,False,2161.6,1116.45,DEV-9261-A,,992
9262,Ramesh Williams,88,5,True,3414.77,1858.33,DEV-9262-A,+91 98765 74811,855
9263,Devi Taylor,77,3,True,7745.46,2395.54,DEV-9263-A,+91 98765 86280,2787
9264,Devi Taylor,80,4,True,2625.09,672.85,DEV-9264-A,+91 98765 90973,213
9265,George Sharma,38,9,False,1465.69,816.62,DEV-9265-A,,2249
9266,Arthur Gupta,36,6,False,2170.93,789.85,DEV-9266-A,,2255
9267,Rajesh Joshi,49,8,False,2229.33,746.63,DEV-9267-A,,3579
9268,Martha Deshmukh,52,5,False,4582.58,2723.04,DEV-9268-A,,1086
9269,George Rao,80,3,True,397.5,116.2,DEV-9269-A,+91 98765 15325,237
9270,Aarav Johnson,51,6,False,2214.68,1213.75,DEV-9270-A,,3372
9271,Anish Williams,56,8,False,2758.99,698.41,DEV-9271-A,,927
9272,Lakshmi Singhania,39,7,False,4089.07,1474.16,DEV-9272-A,,516
9273,Meena Taylor,83,3,True,878.39,404.89,DEV-9273-A,+91 98765 42023,1855
9274,Rajesh Patel,57,8,False,488.55,236.18,DEV-9274-A,,2173
9275,Rajesh Nair,55,5,False,3557.02,1896.39,DEV-9275-A,,408
9276,Eleanor Taylor,47,5,False,1278.02,539.64,DEV-9276-A,,1091
9277,Arthur Smith,33,8,False,2380.76,676.98,DEV-9277-A,,609
9278,Kavita Verma,28,7,False,3671.12,1372.39,DEV-9278-A,,104
9279,Vikram Williams,32,5,False,1303.25,607.8,DEV-9279-A,,1094
9280,Aarav Patel,50,6,False,4111.96,1653.99,DEV-9280-A,,1516
9281,Vikram Nair,34,7,False,3281.94,884.11,DEV-9281-A,,3153
9282,Lakshmi Gupta,35,4,False,2356.28,1379.62,DEV-9282-A,,1721
9283,Martha Sharma,29,6,False,4106.59,1188.51,DEV-9283-A,,1858
9284,Arthur Singhania,89,4,True,4667.59,2235.07,DEV-9284-A,+91 98765 85334,2517
9285,Anish Gupta,91,2,True,2129.45,481.14,DEV-9285-A,+91 98765 86284,2913
9286,Anish Joshi,61,9,False,3378.1,822.61,DEV-9286-A,,1686
9287,Martha Deshmukh,86,5,True,3151.78,674.29,DEV-9287-A,+91 98765 29434,2963
9288,Sunita Patel,88,5,True,7918.12,4572.1,DEV-9288-A,+91 98765 17675,2284
9289,Ramesh Gupta,85,2,True,558.0,241.69,DEV-9289-A,+91 98765 94405,2983
9290,Aarav Kumar,64,8,False,1262.79,679.74,DEV-9290-A,,600
9291,Rajesh Taylor,59,8,False,1106.48,643.18,DEV-9291-A,,2106
9292,Ramesh Verma,26,9,False,1997.92,1031.28,DEV-9292-A,,2703
9293,Lakshmi Smith,67,6,True,2518.88,1208.99,DEV-9293-A,+91 98765 68554,2473
9294,Kavita Sharma,49,9,False,2309.69,751.0,DEV-9294-A,,641
9295,George Verma,51,7,False,588.78,167.26,DEV-9295-A,,167
9296,Eleanor Smith,19,3,True,1122.41,415.36,DEV-9296-A,+91 98765 19178,2065
9297,Anish Taylor,31,7,False,2717.11,730.44,DEV-9297-A,,1360
9298,Ramesh Deshmukh,48,7,False,770.78,298.51,DEV-9298-A,,961
9299,Eleanor Williams,73,2,True,779.92,466.72,DEV-9299-A,+91 98765 35251,1715
9300,Kavita Verma,54,7,False,4003.94,1958.28,DEV-9300-A,,940
9301,Eleanor Deshmukh,36,7,False,3604.88,1879.91,DEV-9301-A,,101
9302,Aarav Gupta,34,6,False,6753.91,1435.72,DEV-9302-A,,387
9303,Priya Johnson,44,5,False,2069.11,566.04,DEV-9303-A,,417
9304,Ramesh Smith,48,6,False,378.66,145.53,DEV-9304-A,,2902
9305,Arthur Patel,27,8,False,1395.45,369.92,DEV-9305-A,,2278
9306,Meena Williams,61,8,False,1699.74,384.89,DEV-9306-A,,1744
9307,Rajesh Williams,76,3,True,1802.9,550.72,DEV-9307-A,+91 98765 33159,3250
9308,Arthur Nair,44,5,False,584.37,331.14,DEV-9308-A,,2342
9309,Aarav Gupta,41,9,False,1250.2,647.02,DEV-9309-A,,2756
9310,George Patel,23,7,False,8152.52,2067.0,DEV-9310-A,,3648
9311,Sunita Sharma,35,7,False,1287.43,389.01,DEV-9311-A,,1933
9312,Priya Rao,42,9,False,2808.96,1241.96,DEV-9312-A,,256
9313,Anish Singhania,62,7,False,475.28,163.26,DEV-9313-A,,1702
9314,Aarav Sharma,26,6,False,421.7,85.42,DEV-9314-A,,379
9315,Ramesh Smith,66,2,True,1548.04,909.35,DEV-9315-A,+91 98765 41759,2169
9316,Ramesh Deshmukh,71,5,True,1055.22,298.08,DEV-9316-A,+91 98765 21359,151
9317,Rajesh Taylor,64,7,False,1759.0,676.84,DEV-9317-A,,3630
9318,Priya Rao,51,6,False,2202.9,600.08,DEV-9318-A,,550
9319,Martha Patel,57,7,False,1826.73,760.19,DEV-9319-A,,1467
9320,Rajesh Verma,72,3,True,1029.7,340.42,DEV-9320-A,+91 98765 13848,2712
9321,Anish Smith,84,2,True,825.43,461.73,DEV-9321-A,+91 98765 59055,77
9322,Suresh Taylor,39,6,False,1858.55,1103.91,DEV-9322-A,,1788
9323,Martha Kumar,75,2,True,2072.12,476.48,DEV-9323-A,+91 98765 52611,949
9324,Anish Gupta,53,8,False,564.04,247.77,DEV-9324-A,,1593
9325,Sunita Gupta,77,4,True,482.75,246.66,DEV-9325-A,+91 98765 95864,757
9326,Ramesh Deshmukh,49,7,False,2006.71,990.43,DEV-9326-A,,1746
9327,Lakshmi Joshi,86,2,True,571.77,133.46,DEV-9327-A,+91 98765 93101,1258
9328,George Joshi,59,6,False,1901.79,952.58,DEV-9328-A,,133
9329,Meena Johnson,76,3,True,3676.44,1400.84,DEV-9329-A,+91 98765 21549,1393
9330,Lakshmi Sharma,80,5,True,757.64,338.02,DEV-9330-A,+91 98765 57965,2074
9331,Vikram Taylor,42,6,False,213.15,112.77,DEV-9331-A,,1296
9332,Suresh Joshi,44,7,False,436.95,128.99,DEV-9332-A,,639
9333,Anish Rao,23,6,False,1017.1,208.58,DEV-9333-A,,1462
9334,Martha Patel,32,6,False,3236.3,790.6,DEV-9334-A,,2041
9335,Martha Smith,87,2,True,2057.26,462.67,DEV-9335-A,+91 98765 32161,698
9336,Arthur Kumar,57,6,False,1912.11,553.99,DEV-9336-A,,445
9337,Ramesh Joshi,85,1,True,8911.46,2673.99,DEV-9337-A,+91 98765 70142,2766
9338,Priya Singhania,26,8,False,1578.38,346.43,DEV-9338-A,,1885
9339,Aarav Smith,91,2,True,620.26,135.23,DEV-9339-A,+91 98765 61378,3500
9340,Martha Taylor,55,10,False,1534.18,639.86,DEV-9340-A,,3344
9341,George Nair,43,5,False,1968.46,737.0,DEV-9341-A,,2892
9342,George Verma,72,3,True,3818.93,772.91,DEV-9342-A,+91 98765 27042,1160
9343,Rajesh Johnson,72,5,True,1619.94,612.3,DEV-9343-A,+91 98765 67924,3650
9344,Martha Joshi,54,6,False,1233.92,615.25,DEV-9344-A,,2265
9345,Devi Smith,18,9,False,2174.11,627.25,DEV-9345-A,,3537
9346,Anish Kumar,39,5,False,2732.46,1472.78,DEV-9346-A,,2584
9347,Kavita Deshmukh,41,5,False,2544.65,551.06,DEV-9347-A,,1943
9348,Rajesh Williams,29,7,False,1106.72,481.04,DEV-9348-A,,683
9349,Sunita Williams,20,7,False,885.97,460.41,DEV-9349-A,,880
9350,Eleanor Sharma,58,7,False,2879.4,1285.38,DEV-9350-A,,179
9351,Martha Patel,49,7,False,3168.91,1850.6,DEV-9351-A,,3332
9352,Kavita Smith,30,9,False,1082.82,555.97,DEV-9352-A,,2346
9353,Suresh Gupta,67,4,True,3329.46,1513.02,DEV-9353-A,+91 98765 29080,544
9354,Lakshmi Nair,47,3,True,922.45,413.34,DEV-9354-A,+91 98765 45635,3354
9355,Vikram Gupta,44,7,False,849.17,259.14,DEV-9355-A,,249
9356,Kavita Taylor,44,8,False,3237.04,782.4,DEV-9356-A,,1747
9357,George Smith,61,9,False,3379.53,1317.27,DEV-9357-A,,654
9358,Meena Verma,35,5,False,5869.51,1687.96,DEV-9358-A,,385
9359,Arthur Kumar,44,7,False,6450.1,2063.68,DEV-9359-A,,2639
9360,Martha Joshi,76,3,True,4007.67,1402.18,DEV-9360-A,+91 98765 43132,2506
9361,Eleanor Verma,57,7,False,1361.18,698.17,DEV-9361-A,,1491
9362,Anish Johnson,43,5,False,3442.72,1327.36,DEV-9362-A,,3248
9363,Priya Sharma,42,7,False,633.36,243.11,DEV-9363-A,,1667
9364,Anish Kumar,58,6,False,1038.1,545.77,DEV-9364-A,,1189
9365,Rajesh Kumar,64,6,False,2329.29,674.6,DEV-9365-A,,536
9366,Meena Williams,55,7,False,1091.77,452.7,DEV-9366-A,,2939
9367,Suresh Kumar,33,9,False,1872.63,1023.91,DEV-9367-A,,831
9368,Rajesh Smith,86,1,True,1254.46,584.97,DEV-9368-A,+91 98765 29235,1928
9369,Lakshmi Sharma,44,6,False,497.17,288.47,DEV-9369-A,,3540
9370,Martha Rao,48,7,False,951.35,223.83,DEV-9370-A,,1286
9371,Lakshmi Nair,24,6,False,3335.7,1572.68,DEV-9371-A,,2803
9372,Kavita Smith,50,7,False,532.5,121.2,DEV-9372-A,,3611
9373,Priya Taylor,40,5,False,2007.04,931.42,DEV-9373-A,,295
9374,Anish Johnson,21,10,False,1630.36,606.46,DEV-9374-A,,3312
9375,Martha Smith,80,3,True,1989.87,624.12,DEV-9375-A,+91 98765 13040,1689
9376,George Gupta,86,5,True,2997.49,1681.19,DEV-9376-A,+91 98765 12396,1452
9377,Meena Joshi,53,7,False,4417.6,1942.33,DEV-9377-A,,442
9378,Sunita Verma,46,7,False,725.62,428.83,DEV-9378-A,,403
9379,Priya Joshi,72,4,True,5089.33,1726.11,DEV-9379-A,+91 98765 58636,1303
9380,Vikram Williams,28,9,False,2840.25,873.56,DEV-9380-A,,3100
9381,Anish Patel,23,5,False,820.36,312.02,DEV-9381-A,,3315
9382,Priya Rao,35,8,False,1460.93,487.85,DEV-9382-A,,3565
9383,Aarav Patel,72,1,True,4554.52,2400.76,DEV-9383-A,+91 98765 62618,238
9384,Kavita Johnson,56,6,False,6453.51,2337.48,DEV-9384-A,,3077
9385,Martha Sharma,27,8,False,1242.22,660.37,DEV-9385-A,,3404
9386,Lakshmi Deshmukh,54,8,False,1567.62,704.78,DEV-9386-A,,612
9387,Meena Taylor,73,3,True,1696.13,930.12,DEV-9387-A,+91 98765 94129,3602
9388,George Sharma,39,8,False,4975.37,1298.01,DEV-9388-A,,269
9389,Vikram Verma,71,3,True,1153.03,687.65,DEV-9389-A,+91 98765 18189,2892
9390,Vikram Patel,88,3,True,5585.02,2624.57,DEV-9390-A,+91 98765 87945,1859
9391,Sunita Patel,67,3,True,3702.45,1122.24,DEV-9391-A,+91 98765 21726,3337
9392,Anish Sharma,43,7,False,1339.02,577.51,DEV-9392-A,,84
9393,Vikram Gupta,55,6,False,3151.84,1299.88,DEV-9393-A,,1974
9394,Meena Rao,38,7,False,816.97,197.98,DEV-9394-A,,468
9395,Suresh Taylor,54,8,False,2098.53,945.49,DEV-9395-A,,435
9396,Devi Kumar,90,5,True,531.29,172.04,DEV-9396-A,+91 98765 95489,2302
9397,Martha Sharma,28,8,False,2245.68,614.04,DEV-9397-A,,3227
9398,Meena Williams,84,4,True,1075.65,627.94,DEV-9398-A,+91 98765 60849,667
9399,Eleanor Williams,27,4,False,984.42,349.85,DEV-9399-A,,2959
9400,Sunita Taylor,69,3,True,1898.37,520.52,DEV-9400-A,+91 98765 76496,1088
9401,Meena Johnson,53,8,False,1669.89,341.07,DEV-9401-A,,2684
9402,Kavita Joshi,91,6,True,1341.63,461.55,DEV-9402-A,+91 98765 93379,1941
9403,Arthur Joshi,78,5,True,3244.03,1490.83,DEV-9403-A,+91 98765 57796,68
9404,Meena Patel,41,8,False,1244.19,551.75,DEV-9404-A,,873
9405,Devi Nair,40,10,False,4426.21,2136.41,DEV-9405-A,,945
9406,Arthur Smith,75,4,True,1466.2,422.55,DEV-9406-A,+91 98765 31711,2922
9407,Meena Sharma,19,4,False,3318.51,1970.48,DEV-9407-A,,1965
9408,Priya Smith,24,8,False,588.23,236.6,DEV-9408-A,,2194
9409,Devi Smith,40,7,False,1492.19,408.35,DEV-9409-A,,3080
9410,Aarav Deshmukh,68,4,True,3151.47,1851.85,DEV-9410-A,+91 98765 28035,3222
9411,Devi Johnson,81,1,True,1711.41,969.18,DEV-9411-A,+91 98765 17371,2958
9412,Lakshmi Deshmukh,57,8,False,445.53,265.92,DEV-9412-A,,488
9413,Martha Patel,78,3,True,1469.13,473.22,DEV-9413-A,+91 98765 65935,142
9414,Meena Kumar,62,7,False,3630.27,1327.83,DEV-9414-A,,2551
9415,Suresh Joshi,84,4,True,1007.4,514.59,DEV-9415-A,+91 98765 30267,561
9416,Vikram Williams,66,1,True,5127.17,1365.28,DEV-9416-A,+91 98765 88082,3630
9417,George Gupta,81,1,True,2438.13,1299.41,DEV-9417-A,+91 98765 73061,2038
9418,Meena Smith,40,7,False,7575.85,3156.17,DEV-9418-A,,840
9419,Suresh Nair,79,4,True,1664.78,574.97,DEV-9419-A,+91 98765 39712,195
9420,Devi Singhania,29,7,False,150.47,58.89,DEV-9420-A,,2322
9421,Meena Sharma,74,4,True,2055.79,833.98,DEV-9421-A,+91 98765 33863,3299
9422,Kavita Smith,32,7,False,1044.65,431.49,DEV-9422-A,,91
9423,Eleanor Kumar,19,3,True,2411.6,1228.61,DEV-9423-A,+91 98765 56123,1936
9424,Sunita Sharma,76,3,True,8702.04,2492.78,DEV-9424-A,+91 98765 32245,2697
9425,Anish Williams,78,2,True,606.71,343.64,DEV-9425-A,+91 98765 48425,825
9426,Ramesh Rao,89,3,True,3221.12,1022.8,DEV-9426-A,+91 98765 61807,792
9427,Priya Joshi,87,3,True,2681.43,1060.95,DEV-9427-A,+91 98765 25930,1630
9428,Sunita Kumar,22,7,False,2868.16,854.94,DEV-9428-A,,1604
9429,George Smith,36,7,False,2133.69,785.78,DEV-9429-A,,1473
9430,Devi Gupta,50,7,False,14111.35,4849.52,DEV-9430-A,,1661
9431,Suresh Sharma,54,6,False,1546.52,414.16,DEV-9431-A,,1623
9432,Devi Williams,24,7,False,671.07,332.33,DEV-9432-A,,2826
9433,Eleanor Patel,35,8,False,1653.55,526.37,DEV-9433-A,,1819
9434,Meena Rao,73,3,True,1350.53,516.53,DEV-9434-A,+91 98765 85768,3510
9435,Eleanor Taylor,33,9,False,6141.64,1390.53,DEV-9435-A,,3096
9436,Ramesh Patel,67,5,True,1484.29,787.82,DEV-9436-A,+91 98765 52186,254
9437,Meena Joshi,38,4,False,1654.46,464.25,DEV-9437-A,,1695
9438,Kavita Joshi,18,7,False,2730.54,560.38,DEV-9438-A,,624
9439,George Patel,18,6,False,1578.07,340.39,DEV-9439-A,,48
9440,Suresh Sharma,61,7,False,3520.0,1882.17,DEV-9440-A,,921
9441,Vikram Nair,19,8,False,2736.41,1161.86,DEV-9441-A,,220
9442,Anish Kumar,35,6,False,8894.54,1797.89,DEV-9442-A,,671
9443,Kavita Joshi,48,9,False,4754.59,1251.61,DEV-9443-A,,897
9444,Meena Johnson,45,4,False,782.15,195.25,DEV-9444-A,,2234
9445,Lakshmi Johnson,20,7,False,1606.58,937.35,DEV-9445-A,,590
9446,Kavita Smith,74,2,True,1321.14,578.94,DEV-9446-A,+91 98765 48382,2091
9447,Rajesh Rao,59,10,False,1041.22,519.23,DEV-9447-A,,126
9448,Aarav Gupta,72,5,True,1824.86,383.57,DEV-9448-A,+91 98765 24042,3055
9449,Martha Johnson,62,6,False,878.83,207.86,DEV-9449-A,,3345
9450,Rajesh Joshi,30,7,False,1923.48,1098.51,DEV-9450-A,,93
9451,Arthur Joshi,28,7,False,591.87,201.13,DEV-9451-A,,966
9452,Sunita Verma,59,9,False,1396.44,520.35,DEV-9452-A,,443
9453,Eleanor Patel,54,9,False,792.63,366.11,DEV-9453-A,,1574
9454,Suresh Taylor,43,8,False,554.31,319.98,DEV-9454-A,,1523
9455,George Taylor,26,7,False,5562.66,2281.94,DEV-9455-A,,1221
9456,George Taylor,88,4,True,2428.26,985.37,DEV-9456-A,+91 98765 42121,976
9457,Arthur Rao,34,8,False,2160.38,1159.03,DEV-9457-A,,1299
9458,Rajesh Patel,30,7,False,367.43,157.5,DEV-9458-A,,42
9459,Arthur Sharma,30,8,False,970.38,477.55,DEV-9459-A,,3389
9460,Meena Kumar,77,3,True,2543.92,1383.48,DEV-9460-A,+91 98765 46193,2072
9461,Martha Gupta,61,8,False,785.61,448.87,DEV-9461-A,,3178
9462,Ramesh Deshmukh,75,2,True,5891.55,2869.81,DEV-9462-A,+91 98765 76265,3389
9463,Martha Joshi,73,4,True,4493.89,983.5,DEV-9463-A,+91 98765 26027,1340
9464,Suresh Rao,60,8,False,1770.28,784.01,DEV-9464-A,,2290
9465,Arthur Nair,57,8,False,651.01,212.29,DEV-9465-A,,3079
9466,Meena Verma,40,7,False,3783.51,912.38,DEV-9466-A,,2266
9467,Rajesh Deshmukh,38,7,False,965.72,260.08,DEV-9467-A,,2048
9468,Arthur Kumar,78,2,True,1982.73,635.17,DEV-9468-A,+91 98765 22908,578
9469,Lakshmi Johnson,57,7,False,337.25,190.12,DEV-9469-A,,1554
9470,Suresh Smith,40,9,False,1188.22,389.15,DEV-9470-A,,433
9471,Arthur Nair,23,5,False,2059.3,967.61,DEV-9471-A,,1093
9472,Ramesh Singhania,29,6,False,1400.06,747.02,DEV-9472-A,,3528
9473,Sunita Kumar,70,4,True,2232.54,883.39,DEV-9473-A,+91 98765 98007,3356
9474,Devi Verma,26,7,False,1291.31,303.11,DEV-9474-A,,960
9475,George Sharma,52,7,False,1422.55,386.06,DEV-9475-A,,658
9476,Kavita Kumar,41,5,False,5291.41,1780.75,DEV-9476-A,,1228
9477,Martha Kumar,91,3,True,7706.5,3327.28,DEV-9477-A,+91 98765 58471,3190
9478,Anish Singhania,58,5,False,5590.46,1242.08,DEV-9478-A,,3196
9479,Devi Deshmukh,37,6,False,1365.86,615.28,DEV-9479-A,,608
9480,Sunita Nair,51,5,False,8558.89,3311.16,DEV-9480-A,,294
9481,Devi Patel,71,2,True,615.44,358.88,DEV-9481-A,+91 98765 13580,1916
9482,Vikram Sharma,30,6,False,1112.37,231.59,DEV-9482-A,,3417
9483,Devi Patel,35,7,False,1765.79,884.98,DEV-9483-A,,1511
9484,George Kumar,73,3,True,1746.03,823.42,DEV-9484-A,+91 98765 44547,3121
9485,Suresh Smith,68,4,True,1306.88,755.4,DEV-9485-A,+91 98765 94045,3112
9486,Lakshmi Deshmukh,33,9,False,3525.92,1135.58,DEV-9486-A,,2752
9487,Sunita Rao,48,7,False,1039.14,467.72,DEV-9487-A,,430
9488,Suresh Nair,84,1,True,2288.87,512.22,DEV-9488-A,+91 98765 50225,964
9489,Aarav Kumar,81,5,True,1600.01,329.38,DEV-9489-A,+91 98765 34341,1841
9490,Kavita Joshi,49,7,False,6198.76,2065.87,DEV-9490-A,,328
9491,Kavita Smith,74,3,True,1796.83,1038.17,DEV-9491-A,+91 98765 52508,2920
9492,Devi Williams,34,8,False,2550.56,675.77,DEV-9492-A,,771
9493,George Sharma,48,7,False,1352.94,666.18,DEV-9493-A,,693
9494,Priya Nair,33,7,False,791.4,328.27,DEV-9494-A,,1093
9495,George Williams,62,8,False,4181.62,2250.4,DEV-9495-A,,2193
9496,George Verma,32,4,False,3904.51,2283.53,DEV-9496-A,,1876
9497,Priya Smith,46,7,False,7740.04,2920.71,DEV-9497-A,,2144
9498,Kavita Sharma,52,8,False,1442.88,747.03,DEV-9498-A,,1867
9499,Martha Singhania,73,2,True,1648.08,779.92,DEV-9499-A,+91 98765 42856,587
9500,Aarav Deshmukh,42,7,False,2555.42,659.63,DEV-9500-A,,2703
9501,George Williams,56,8,False,7541.13,3058.81,DEV-9501-A,,877
9502,Ramesh Deshmukh,32,8,False,993.45,206.12,DEV-9502-A,,306
9503,Vikram Nair,71,4,True,1874.3,1122.57,DEV-9503-A,+91 98765 37295,3006
9504,George Deshmukh,61,6,False,242.83,68.4,DEV-9504-A,,1740
9505,Ramesh Nair,24,9,False,2371.0,722.46,DEV-9505-A,,2502
9506,Ramesh Rao,45,8,False,1986.14,507.36,DEV-9506-A,,2196
9507,Martha Taylor,33,9,False,5502.92,1944.19,DEV-9507-A,,2094
9508,Suresh Johnson,48,7,False,2166.52,633.98,DEV-9508-A,,243
9509,Martha Williams,51,9,False,408.16,231.97,DEV-9509-A,,2872
9510,Aarav Kumar,84,2,True,798.27,211.4,DEV-9510-A,+91 98765 44504,2147
9511,George Johnson,85,2,True,315.42,164.35,DEV-9511-A,+91 98765 99053,987
9512,Priya Sharma,51,7,False,807.46,365.14,DEV-9512-A,,2872
9513,Arthur Kumar,66,2,True,2339.92,752.84,DEV-9513-A,+91 98765 58564,3214
9514,Lakshmi Gupta,67,3,True,1325.06,555.49,DEV-9514-A,+91 98765 10789,1450
9515,Aarav Williams,28,8,False,1872.83,847.19,DEV-9515-A,,2179
9516,Ramesh Deshmukh,47,6,False,2826.29,1033.66,DEV-9516-A,,849
9517,Martha Taylor,52,8,False,1821.03,577.39,DEV-9517-A,,373
9518,Arthur Johnson,21,8,False,291.18,171.9,DEV-9518-A,,3526
9519,Devi Singhania,52,10,False,613.9,361.17,DEV-9519-A,,1084
9520,Aarav Nair,75,4,True,1227.58,658.52,DEV-9520-A,+91 98765 35146,2822
9521,Arthur Singhania,63,6,False,8639.54,3945.49,DEV-9521-A,,1874
9522,Sunita Taylor,68,3,True,1160.24,322.12,DEV-9522-A,+91 98765 72087,2078
9523,Devi Deshmukh,77,2,True,8368.02,4438.58,DEV-9523-A,+91 98765 54433,1440
9524,Anish Verma,66,5,True,1932.36,546.85,DEV-9524-A,+91 98765 67191,3513
9525,Rajesh Johnson,39,9,False,1341.72,533.24,DEV-9525-A,,2915
9526,Aarav Rao,49,5,False,1338.66,762.0,DEV-9526-A,,3434
9527,Anish Verma,38,5,False,2153.21,804.65,DEV-9527-A,,3491
9528,Priya Deshmukh,83,2,True,903.87,299.09,DEV-9528-A,+91 98765 37532,3553
9529,George Taylor,59,9,False,1775.68,853.25,DEV-9529-A,,3459
9530,Ramesh Deshmukh,34,8,False,2521.4,1107.79,DEV-9530-A,,3014
9531,Vikram Verma,85,4,True,5370.01,3020.45,DEV-9531-A,+91 98765 17816,2922
9532,Priya Verma,56,4,False,2343.55,1296.32,DEV-9532-A,,2665
9533,Ramesh Deshmukh,25,10,False,432.94,182.66,DEV-9533-A,,453
9534,Meena Kumar,60,4,False,1867.5,1013.64,DEV-9534-A,,337
9535,Devi Joshi,60,6,False,3155.77,1435.32,DEV-9535-A,,1549
9536,Suresh Singhania,65,9,False,1265.93,254.46,DEV-9536-A,,2515
9537,Meena Deshmukh,56,8,False,11382.39,5145.06,DEV-9537-A,,466
9538,Martha Verma,28,5,False,4933.32,1878.71,DEV-9538-A,,264
9539,Kavita Verma,39,10,False,1217.22,651.62,DEV-9539-A,,2556
9540,Eleanor Patel,49,7,False,355.72,169.15,DEV-9540-A,,1213
9541,Anish Joshi,40,9,False,362.95,115.27,DEV-9541-A,,2292
9542,George Johnson,31,6,False,859.95,188.62,DEV-9542-A,,2296
9543,Lakshmi Sharma,55,6,False,730.54,224.78,DEV-9543-A,,1565
9544,Priya Patel,58,8,False,4034.52,1682.4,DEV-9544-A,,3452
9545,Martha Johnson,61,7,False,467.65,114.98,DEV-9545-A,,62
9546,Vikram Johnson,86,5,True,2027.1,447.01,DEV-9546-A,+91 98765 33484,796
9547,Aarav Verma,22,7,False,2480.81,536.13,DEV-9547-A,,3089
9548,Martha Johnson,19,7,False,1819.51,1003.52,DEV-9548-A,,3285
9549,Aarav Patel,38,5,False,535.22,264.22,DEV-9549-A,,1120
9550,Priya Williams,40,8,False,1088.21,417.01,DEV-9550-A,,1658
9551,Anish Deshmukh,22,8,False,5370.71,2125.45,DEV-9551-A,,3424
9552,Rajesh Sharma,62,10,False,1926.99,1054.05,DEV-9552-A,,1759
9553,Aarav Joshi,57,9,False,6376.16,2629.99,DEV-9553-A,,322
9554,Devi Deshmukh,29,9,False,769.38,284.82,DEV-9554-A,,3648
9555,Aarav Rao,44,7,False,9111.58,3195.48,DEV-9555-A,,3332
9556,Rajesh Singhania,40,6,False,816.74,291.22,DEV-9556-A,,824
9557,Devi Kumar,46,6,False,8674.47,4497.83,DEV-9557-A,,191
9558,Arthur Williams,59,6,False,921.47,213.5,DEV-9558-A,,74
9559,Sunita Gupta,87,4,True,1933.55,964.57,DEV-9559-A,+91 98765 86454,842
9560,Vikram Verma,49,6,False,850.04,420.34,DEV-9560-A,,1722
9561,Devi Verma,71,2,True,1926.05,1104.68,DEV-9561-A,+91 98765 43266,1175
9562,George Johnson,77,1,True,2294.83,718.97,DEV-9562-A,+91 98765 39343,3523
9563,Meena Joshi,23,5,False,4702.34,2579.23,DEV-9563-A,,3340
9564,Devi Verma,56,7,False,4683.42,1874.59,DEV-9564-A,,2336
9565,Anish Kumar,36,9,False,370.62,214.52,DEV-9565-A,,1846
9566,Martha Rao,56,6,False,4006.34,1306.01,DEV-9566-A,,2304
9567,Aarav Smith,73,3,True,713.97,359.67,DEV-9567-A,+91 98765 39136,2335
9568,Sunita Taylor,83,3,True,1959.68,1036.69,DEV-9568-A,+91 98765 62127,3127
9569,Arthur Gupta,21,6,False,576.46,340.23,DEV-9569-A,,279
9570,Priya Nair,18,8,False,1543.02,497.89,DEV-9570-A,,2552
9571,Arthur Patel,32,8,False,3601.69,1400.59,DEV-9571-A,,2892
9572,Lakshmi Taylor,87,2,True,5207.35,2722.21,DEV-9572-A,+91 98765 89260,951
9573,Ramesh Deshmukh,26,6,False,1494.27,814.7,DEV-9573-A,,2900
9574,Priya Kumar,84,1,True,1093.35,454.41,DEV-9574-A,+91 98765 74652,768
9575,Rajesh Verma,32,6,False,1420.39,537.73,DEV-9575-A,,2375
9576,Meena Joshi,57,7,False,2154.92,1054.24,DEV-9576-A,,1617
9577,Lakshmi Nair,37,9,False,4720.09,1501.11,DEV-9577-A,,2701
9578,Sunita Gupta,91,2,True,1030.43,405.64,DEV-9578-A,+91 98765 83821,3376
9579,Martha Sharma,38,7,False,3373.0,1227.97,DEV-9579-A,,543
9580,Martha Taylor,58,7,False,1509.11,765.66,DEV-9580-A,,1749
9581,Devi Singhania,48,7,False,2806.8,1341.92,DEV-9581-A,,2675
9582,Arthur Joshi,85,2,True,8081.66,1696.41,DEV-9582-A,+91 98765 32497,1888
9583,Priya Smith,67,3,True,2765.29,928.88,DEV-9583-A,+91 98765 94478,1274
9584,Eleanor Rao,51,5,False,1980.65,928.37,DEV-9584-A,,2438
9585,Suresh Gupta,26,6,False,1832.66,798.35,DEV-9585-A,,2583
9586,Eleanor Sharma,38,8,False,2692.25,1613.71,DEV-9586-A,,1884
9587,Aarav Smith,34,7,False,1035.16,241.57,DEV-9587-A,,3549
9588,Martha Gupta,29,9,False,6858.15,1490.49,DEV-9588-A,,3372
9589,Aarav Singhania,46,4,False,2164.9,1188.13,DEV-9589-A,,3094
9590,Suresh Nair,28,6,False,1231.88,303.8,DEV-9590-A,,3116
9591,Martha Joshi,80,4,True,837.25,310.78,DEV-9591-A,+91 98765 12844,724
9592,Sunita Smith,59,4,False,1068.0,500.84,DEV-9592-A,,71
9593,Meena Johnson,87,3,True,1448.6,407.64,DEV-9593-A,+91 98765 32512,2467
9594,Sunita Verma,42,7,False,4210.8,955.78,DEV-9594-A,,792
9595,Rajesh Nair,50,7,False,5831.64,1555.62,DEV-9595-A,,3211
9596,Kavita Joshi,46,7,False,2897.73,1425.55,DEV-9596-A,,1005
9597,Sunita Gupta,72,3,True,927.96,325.13,DEV-9597-A,+91 98765 43953,2250
9598,Sunita Johnson,26,8,False,1074.44,284.29,DEV-9598-A,,952
9599,Priya Verma,38,9,False,1513.71,316.16,DEV-9599-A,,1457
9600,Vikram Rao,25,8,False,6401.17,3111.6,DEV-9600-A,,874
9601,Priya Sharma,32,7,False,5566.61,2472.25,DEV-9601-A,,717
9602,Lakshmi Nair,23,8,False,1045.62,302.77,DEV-9602-A,,305
9603,Sunita Verma,23,9,False,10661.34,4724.65,DEV-9603-A,,3346
9604,Eleanor Williams,57,1,True,2010.52,1145.33,DEV-9604-A,+91 98765 53435,1439
9605,Sunita Patel,52,5,False,3229.95,1771.42,DEV-9605-A,,2562
9606,Lakshmi Nair,19,4,False,4113.18,1816.22,DEV-9606-A,,1191
9607,Arthur Kumar,41,9,False,1384.36,415.42,DEV-9607-A,,2970
9608,Sunita Rao,21,8,False,1803.42,406.97,DEV-9608-A,,3533
9609,George Johnson,22,5,False,2836.12,1032.61,DEV-9609-A,,2095
9610,Kavita Taylor,76,4,True,896.39,360.16,DEV-9610-A,+91 98765 37282,2585
9611,Vikram Kumar,83,3,True,2631.59,1141.74,DEV-9611-A,+91 98765 42191,819
9612,Priya Gupta,68,2,True,1017.88,596.35,DEV-9612-A,+91 98765 42281,1644
9613,Priya Johnson,45,5,False,2390.96,507.02,DEV-9613-A,,1777
9614,Ramesh Sharma,36,8,False,1211.74,456.51,DEV-9614-A,,3355
9615,Aarav Nair,60,7,False,340.07,107.98,DEV-9615-A,,2341
9616,Lakshmi Patel,21,6,False,1002.57,592.02,DEV-9616-A,,547
9617,Anish Kumar,88,2,True,3001.64,1130.54,DEV-9617-A,+91 98765 45418,400
9618,Priya Johnson,46,6,False,1639.83,678.58,DEV-9618-A,,265
9619,Devi Kumar,22,8,False,3956.22,1349.45,DEV-9619-A,,1395
9620,George Nair,59,6,False,896.29,291.88,DEV-9620-A,,3612
9621,Ramesh Sharma,73,3,True,582.9,163.32,DEV-9621-A,+91 98765 25453,614
9622,Lakshmi Deshmukh,36,8,False,666.91,273.89,DEV-9622-A,,1674
9623,Vikram Patel,66,2,True,2375.69,709.2,DEV-9623-A,+91 98765 73061,1913
9624,Kavita Johnson,37,8,False,5405.33,1479.47,DEV-9624-A,,1552
9625,Anish Verma,56,6,False,6143.99,1833.25,DEV-9625-A,,298
9626,Aarav Singhania,62,6,False,2100.53,980.26,DEV-9626-A,,776
9627,Anish Williams,49,6,False,2920.37,885.71,DEV-9627-A,,410
9628,Vikram Deshmukh,53,3,True,1329.07,662.43,DEV-9628-A,+91 98765 54813,2578
9629,Meena Johnson,54,6,False,2643.02,1299.3,DEV-9629-A,,572
9630,Priya Singhania,47,7,False,1271.7,420.11,DEV-9630-A,,1858
9631,Rajesh Taylor,90,3,True,2109.63,844.79,DEV-9631-A,+91 98765 40025,439
9632,Suresh Nair,74,4,True,481.43,171.95,DEV-9632-A,+91 98765 40424,2989
9633,George Verma,29,7,False,983.05,235.0,DEV-9633-A,,1764
9634,Anish Deshmukh,66,5,True,1532.47,482.32,DEV-9634-A,+91 98765 51746,649
9635,George Gupta,84,3,True,2799.18,616.45,DEV-9635-A,+91 98765 60213,451
9636,Ramesh Taylor,57,8,False,1592.74,824.82,DEV-9636-A,,134
9637,Martha Patel,59,8,False,773.0,244.01,DEV-9637-A,,1867
9638,Lakshmi Sharma,20,2,True,11004.91,5559.71,DEV-9638-A,+91 98765 10591,2369
9639,Priya Williams,79,2,True,350.71,136.13,DEV-9639-A,+91 98765 79867,1130
9640,Arthur Joshi,38,7,False,6961.7,3937.41,DEV-9640-A,,592
9641,Anish Sharma,60,6,False,1253.58,437.44,DEV-9641-A,,812
9642,Priya Taylor,40,5,False,1351.92,799.38,DEV-9642-A,,463
9643,Rajesh Nair,27,5,False,944.81,333.34,DEV-9643-A,,2860
9644,Lakshmi Joshi,50,9,False,7519.14,3400.8,DEV-9644-A,,1389
9645,Eleanor Sharma,77,3,True,2766.01,640.54,DEV-9645-A,+91 98765 51654,415
9646,Anish Rao,88,3,True,2091.42,851.16,DEV-9646-A,+91 98765 28294,441
9647,Meena Gupta,34,8,False,2369.99,1104.59,DEV-9647-A,,1003
9648,Sunita Smith,58,6,False,729.72,357.02,DEV-9648-A,,3517
9649,Devi Deshmukh,19,9,False,3078.53,1027.87,DEV-9649-A,,2451
9650,Devi Williams,22,7,False,2245.45,782.14,DEV-9650-A,,602
9651,Anish Deshmukh,65,7,False,2218.94,914.57,DEV-9651-A,,2509
9652,Ramesh Nair,48,7,False,4560.69,1967.76,DEV-9652-A,,2866
9653,Anish Joshi,46,6,False,286.38,99.07,DEV-9653-A,,567
9654,Ramesh Patel,40,6,False,644.29,281.11,DEV-9654-A,,2085
9655,Lakshmi Taylor,83,4,True,2550.47,1386.44,DEV-9655-A,+91 98765 43341,2603
9656,Arthur Taylor,84,3,True,519.3,183.87,DEV-9656-A,+91 98765 80739,3270
9657,Meena Johnson,42,5,False,7007.49,3129.07,DEV-9657-A,,768
9658,Aarav Gupta,42,5,False,611.47,318.88,DEV-9658-A,,3190
9659,Suresh Deshmukh,56,5,False,1682.91,790.23,DEV-9659-A,,199
9660,Martha Deshmukh,67,1,True,1534.66,649.0,DEV-9660-A,+91 98765 93105,1595
9661,Vikram Rao,34,7,False,2841.43,900.09,DEV-9661-A,,3637
9662,Lakshmi Kumar,31,8,False,4124.84,1810.2,DEV-9662-A,,726
9663,Martha Nair,57,5,False,4814.04,2767.91,DEV-9663-A,,420
9664,Eleanor Joshi,48,6,False,869.59,385.49,DEV-9664-A,,2559
9665,Sunita Verma,19,7,False,3939.88,1253.47,DEV-9665-A,,1423
9666,Devi Taylor,38,5,False,1513.7,305.37,DEV-9666-A,,2253
9667,Kavita Singhania,19,6,False,1387.3,289.87,DEV-9667-A,,1156
9668,Sunita Smith,79,3,True,434.37,118.05,DEV-9668-A,+91 98765 53718,2637
9669,Eleanor Taylor,21,6,False,2416.68,508.2,DEV-9669-A,,2189
9670,Vikram Joshi,55,7,False,1454.56,458.96,DEV-9670-A,,3056
9671,Priya Kumar,38,10,False,2989.69,1394.54,DEV-9671-A,,1343
9672,Martha Taylor,73,5,True,2860.16,1085.41,DEV-9672-A,+91 98765 72629,582
9673,George Kumar,41,7,False,2137.07,545.21,DEV-9673-A,,734
9674,Aarav Taylor,53,6,False,2204.04,1260.36,DEV-9674-A,,2110
9675,Anish Singhania,51,5,False,2667.02,815.51,DEV-9675-A,,2005
9676,Ramesh Williams,25,7,False,452.53,241.4,DEV-9676-A,,2424
9677,Priya Nair,52,5,False,7992.11,4745.25,DEV-9677-A,,1279
9678,Vikram Joshi,71,2,True,2896.4,1257.96,DEV-9678-A,+91 98765 93577,3613
9679,Arthur Taylor,46,5,False,2133.85,816.75,DEV-9679-A,,1558
9680,Rajesh Kumar,20,7,False,1392.77,808.75,DEV-9680-A,,2428
9681,George Verma,71,2,True,1741.03,379.56,DEV-9681-A,+91 98765 82803,681
9682,Priya Verma,28,7,False,2342.73,1258.9,DEV-9682-A,,3591
9683,Eleanor Sharma,65,8,False,2009.78,587.19,DEV-9683-A,,3122
9684,Meena Smith,47,7,False,4339.78,1295.76,DEV-9684-A,,781
9685,Eleanor Taylor,31,9,False,6674.12,2878.98,DEV-9685-A,,3289
9686,George Verma,48,8,False,3784.86,1940.67,DEV-9686-A,,3130
9687,Kavita Deshmukh,25,8,False,880.4,350.05,DEV-9687-A,,734
9688,Martha Rao,69,2,True,715.48,397.38,DEV-9688-A,+91 98765 87199,3144
9689,Anish Verma,86,4,True,2218.77,1077.6,DEV-9689-A,+91 98765 94688,82
9690,Rajesh Joshi,87,2,True,2022.46,578.35,DEV-9690-A,+91 98765 32220,3277
9691,Priya Rao,78,3,True,1814.9,448.3,DEV-9691-A,+91 98765 45851,387
9692,Kavita Johnson,44,7,False,344.04,155.98,DEV-9692-A,,2378
9693,Priya Johnson,61,5,False,571.85,217.39,DEV-9693-A,,76
9694,Aarav Johnson,78,3,True,1842.92,842.43,DEV-9694-A,+91 98765 95868,1740
9695,George Verma,34,8,False,1835.4,754.77,DEV-9695-A,,3435
9696,Devi Sharma,42,8,False,1676.53,817.42,DEV-9696-A,,580
9697,Martha Singhania,63,8,False,539.33,184.83,DEV-9697-A,,31
9698,Anish Joshi,33,7,False,3544.78,1109.92,DEV-9698-A,,1433
9699,Sunita Johnson,85,4,True,972.32,448.34,DEV-9699-A,+91 98765 57357,1792
9700,Vikram Verma,84,4,True,3558.16,1159.35,DEV-9700-A,+91 98765 18749,1984
9701,Kavita Williams,50,6,False,3378.95,925.86,DEV-9701-A,,191
9702,Aarav Taylor,33,7,False,4336.0,2107.47,DEV-9702-A,,978
9703,Rajesh Sharma,53,8,False,2417.02,708.47,DEV-9703-A,,3050
9704,Rajesh Johnson,47,7,False,1869.1,884.23,DEV-9704-A,,929
9705,Lakshmi Nair,82,3,True,4484.81,2500.11,DEV-9705-A,+91 98765 36318,2236
9706,Priya Verma,42,9,False,1161.1,294.71,DEV-9706-A,,686
9707,Kavita Joshi,37,5,False,7903.61,4554.77,DEV-9707-A,,1929
9708,Rajesh Patel,88,7,True,2139.62,1048.09,DEV-9708-A,+91 98765 87579,940
9709,George Joshi,47,8,False,988.96,489.65,DEV-9709-A,,53
9710,Sunita Singhania,33,8,False,4437.56,1306.95,DEV-9710-A,,117
9711,Ramesh Deshmukh,60,6,False,895.81,483.02,DEV-9711-A,,2020
9712,Sunita Nair,85,3,True,1638.26,484.14,DEV-9712-A,+91 98765 62425,1180
9713,George Patel,25,8,False,1564.43,464.42,DEV-9713-A,,2836
9714,Martha Joshi,41,6,False,4249.45,2013.17,DEV-9714-A,,3472
9715,Sunita Deshmukh,45,8,False,940.87,198.35,DEV-9715-A,,1815
9716,Ramesh Singhania,36,6,False,334.62,157.92,DEV-9716-A,,1182
9717,Vikram Taylor,47,9,False,6546.74,2286.83,DEV-9717-A,,2183
9718,Eleanor Sharma,85,3,True,2795.52,639.27,DEV-9718-A,+91 98765 11930,2374
9719,Arthur Rao,49,7,False,612.65,168.72,DEV-9719-A,,1926
9720,Priya Rao,64,8,False,761.94,431.86,DEV-9720-A,,1141
9721,Martha Patel,34,7,False,3016.46,1762.25,DEV-9721-A,,1851
9722,Martha Williams,89,4,True,1290.23,357.87,DEV-9722-A,+91 98765 29216,3541
9723,Lakshmi Williams,32,6,False,9678.79,4997.91,DEV-9723-A,,485
9724,Vikram Joshi,39,7,False,1360.63,755.17,DEV-9724-A,,841
9725,Martha Patel,73,1,True,1699.07,348.96,DEV-9725-A,+91 98765 11629,2663
9726,Anish Gupta,50,4,False,1386.23,597.78,DEV-9726-A,,2948
9727,Rajesh Singhania,67,2,True,3694.31,1603.78,DEV-9727-A,+91 98765 49278,592
9728,Vikram Taylor,27,7,False,1347.97,643.65,DEV-9728-A,,436
9729,George Nair,70,2,True,1433.59,451.16,DEV-9729-A,+91 98765 46178,3376
9730,Kavita Patel,29,8,False,1788.64,592.31,DEV-9730-A,,3097
9731,Vikram Deshmukh,57,7,False,3515.53,1212.43,DEV-9731-A,,761
9732,Devi Deshmukh,91,3,True,607.68,315.19,DEV-9732-A,+91 98765 96309,1620
9733,Eleanor Deshmukh,18,5,False,3739.96,1001.9,DEV-9733-A,,1751
9734,Sunita Singhania,35,6,False,1476.46,510.35,DEV-9734-A,,3547
9735,Vikram Kumar,56,8,False,5817.21,1494.63,DEV-9735-A,,1058
9736,Kavita Verma,22,8,False,11603.14,6247.54,DEV-9736-A,,2584
9737,Sunita Joshi,38,7,False,1193.79,701.56,DEV-9737-A,,1166
9738,Martha Kumar,73,1,True,1246.62,422.22,DEV-9738-A,+91 98765 19104,1968
9739,Arthur Joshi,56,10,False,2509.51,1077.73,DEV-9739-A,,1423
9740,Meena Smith,27,8,False,1222.79,568.97,DEV-9740-A,,2284
9741,Devi Sharma,46,6,False,1611.79,633.29,DEV-9741-A,,384
9742,Suresh Johnson,75,4,True,1239.62,597.28,DEV-9742-A,+91 98765 90674,2342
9743,Vikram Verma,26,6,False,2504.16,1156.71,DEV-9743-A,,1257
9744,Priya Sharma,27,9,False,366.95,80.78,DEV-9744-A,,3643
9745,Priya Gupta,27,6,False,376.99,204.85,DEV-9745-A,,2325
9746,Lakshmi Deshmukh,30,6,False,326.12,103.81,DEV-9746-A,,1290
9747,Anish Kumar,58,8,False,994.83,399.98,DEV-9747-A,,1124
9748,Rajesh Kumar,23,9,False,8642.68,2899.09,DEV-9748-A,,2062
9749,Priya Rao,18,6,False,638.05,178.63,DEV-9749-A,,1130
9750,Eleanor Singhania,55,8,False,2578.21,1182.86,DEV-9750-A,,3228
9751,Arthur Kumar,63,7,False,1853.7,564.27,DEV-9751-A,,834
9752,George Johnson,35,7,False,763.75,182.13,DEV-9752-A,,1076
9753,Devi Johnson,35,8,False,1775.89,1039.83,DEV-9753-A,,3146
9754,Aarav Verma,68,4,True,1420.24,781.39,DEV-9754-A,+91 98765 57046,3610
9755,Kavita Kumar,83,2,True,2805.26,663.25,DEV-9755-A,+91 98765 80263,1544
9756,Lakshmi Singhania,84,3,True,1456.72,575.09,DEV-9756-A,+91 98765 27932,1742
9757,Sunita Gupta,19,7,False,2733.81,577.93,DEV-9757-A,,2848
9758,Devi Verma,91,4,True,1344.36,512.73,DEV-9758-A,+91 98765 35933,2142
9759,Martha Taylor,61,7,False,493.8,149.65,DEV-9759-A,,2922
9760,Anish Patel,87,3,True,1536.32,856.1,DEV-9760-A,+91 98765 95568,79
9761,Aarav Johnson,49,10,False,4387.16,1001.9,DEV-9761-A,,1418
9762,Lakshmi Smith,19,7,False,2116.33,745.21,DEV-9762-A,,3611
9763,Arthur Williams,62,8,False,888.54,340.57,DEV-9763-A,,1311
9764,Suresh Taylor,78,2,True,1068.29,569.05,DEV-9764-A,+91 98765 45116,744
9765,Rajesh Singhania,39,9,False,1310.89,595.45,DEV-9765-A,,3004
9766,Anish Rao,46,8,False,972.37,264.65,DEV-9766-A,,1345
9767,Aarav Joshi,85,3,True,1300.1,480.65,DEV-9767-A,+91 98765 14260,2412
9768,Lakshmi Deshmukh,30,5,False,1230.98,313.16,DEV-9768-A,,2215
9769,Rajesh Gupta,33,8,False,2498.54,1433.12,DEV-9769-A,,2782
9770,Martha Sharma,27,6,False,2340.58,798.24,DEV-9770-A,,1278
9771,Suresh Joshi,67,1,True,759.27,187.1,DEV-9771-A,+91 98765 94874,2631
9772,Martha Taylor,22,8,False,5954.26,2931.34,DEV-9772-A,,414
9773,Kavita Rao,60,4,False,928.28,535.18,DEV-9773-A,,1896
9774,Anish Gupta,89,2,True,2826.78,1071.8,DEV-9774-A,+91 98765 37823,1902
9775,Sunita Singhania,50,8,False,4603.01,1868.48,DEV-9775-A,,3010
9776,George Patel,62,8,False,725.58,178.19,DEV-9776-A,,2250
9777,Devi Joshi,25,5,False,4889.3,2518.53,DEV-9777-A,,2699
9778,Eleanor Singhania,58,7,False,12040.79,2446.34,DEV-9778-A,,1080
9779,Martha Joshi,34,7,False,989.42,296.28,DEV-9779-A,,1944
9780,Ramesh Williams,47,6,False,1326.53,773.83,DEV-9780-A,,3621
9781,George Kumar,85,5,True,1715.3,446.77,DEV-9781-A,+91 98765 40649,1685
9782,Rajesh Nair,26,9,False,1669.22,779.5,DEV-9782-A,,2729
9783,Kavita Taylor,29,6,False,1316.02,670.62,DEV-9783-A,,386
9784,Eleanor Joshi,90,5,True,2932.5,1461.67,DEV-9784-A,+91 98765 77833,3087
9785,Sunita Sharma,32,6,False,444.41,194.58,DEV-9785-A,,640
9786,Devi Deshmukh,78,3,True,477.07,238.83,DEV-9786-A,+91 98765 31880,2392
9787,Meena Sharma,23,5,False,1870.21,777.37,DEV-9787-A,,3212
9788,Kavita Nair,70,4,True,1271.73,424.66,DEV-9788-A,+91 98765 15375,2886
9789,Devi Williams,30,9,False,1672.68,380.66,DEV-9789-A,,3475
9790,George Sharma,39,5,False,5398.61,1232.66,DEV-9790-A,,1218
9791,Lakshmi Nair,39,7,False,1183.65,286.59,DEV-9791-A,,1717
9792,Martha Sharma,62,7,False,1733.58,1029.92,DEV-9792-A,,1412
9793,Sunita Rao,28,10,False,8336.27,3175.72,DEV-9793-A,,2921
9794,Lakshmi Deshmukh,85,4,True,3350.85,1031.48,DEV-9794-A,+91 98765 44997,1770
9795,Lakshmi Rao,46,4,False,1643.83,391.11,DEV-9795-A,,140
9796,George Deshmukh,26,6,False,1169.93,347.36,DEV-9796-A,,2670
9797,Devi Williams,34,8,False,160.24,51.85,DEV-9797-A,,894
9798,Aarav Joshi,83,5,True,2237.37,1274.62,DEV-9798-A,+91 98765 63025,1959
9799,Meena Smith,28,4,False,404.54,138.27,DEV-9799-A,,585
9800,Priya Taylor,18,5,False,2234.36,907.5,DEV-9800-A,,781
9801,Martha Singhania,34,8,False,1185.18,417.49,DEV-9801-A,,3542
9802,Suresh Johnson,47,9,False,7796.39,2885.33,DEV-9802-A,,2661
9803,Anish Kumar,76,3,True,3129.04,1196.73,DEV-9803-A,+91 98765 20653,2546
9804,Aarav Kumar,50,8,False,4794.16,1386.15,DEV-9804-A,,2126
9805,Devi Smith,22,9,False,2596.25,831.09,DEV-9805-A,,2680
9806,Martha Nair,59,7,False,1059.0,439.2,DEV-9806-A,,923
9807,Arthur Williams,72,3,True,800.85,256.18,DEV-9807-A,+91 98765 88354,3340
9808,Sunita Singhania,38,8,False,2917.16,1635.2,DEV-9808-A,,1958
9809,Vikram Johnson,58,6,False,413.67,243.19,DEV-9809-A,,1728
9810,Vikram Gupta,81,4,True,1728.48,914.68,DEV-9810-A,+91 98765 99094,3360
9811,Priya Taylor,82,4,True,2542.42,1415.38,DEV-9811-A,+91 98765 77506,2870
9812,Suresh Singhania,23,7,False,2131.26,801.27,DEV-9812-A,,128
9813,Arthur Kumar,72,4,True,2315.24,834.02,DEV-9813-A,+91 98765 93582,1351
9814,Aarav Joshi,42,7,False,1214.2,594.51,DEV-9814-A,,2777
9815,Kavita Johnson,37,5,False,1542.39,785.25,DEV-9815-A,,595
9816,Ramesh Joshi,21,6,False,5920.79,1282.67,DEV-9816-A,,513
9817,Devi Sharma,78,6,True,1409.54,694.64,DEV-9817-A,+91 98765 44388,2683
9818,Martha Kumar,60,8,False,3404.44,1483.18,DEV-9818-A,,2897
9819,Rajesh Smith,41,8,False,1505.33,885.09,DEV-9819-A,,3570
9820,George Williams,41,7,False,1361.13,637.37,DEV-9820-A,,2992
9821,Devi Sharma,29,7,False,958.79,460.24,DEV-9821-A,,1697
9822,George Rao,88,4,True,1765.33,1038.99,DEV-9822-A,+91 98765 34486,3466
9823,Sunita Kumar,32,8,False,1453.2,717.79,DEV-9823-A,,315
9824,George Kumar,89,3,True,2257.58,1137.57,DEV-9824-A,+91 98765 31346,2396
9825,Aarav Deshmukh,21,8,False,4766.15,2776.0,DEV-9825-A,,815
9826,Priya Kumar,88,4,True,1746.06,918.04,DEV-9826-A,+91 98765 76711,3467
9827,Rajesh Williams,88,1,True,3125.08,656.4,DEV-9827-A,+91 98765 84271,3373
9828,Priya Deshmukh,32,8,False,2150.85,706.26,DEV-9828-A,,521
9829,Ramesh Singhania,80,1,True,898.31,362.5,DEV-9829-A,+91 98765 52317,3649
9830,Vikram Kumar,46,7,False,3599.54,1119.22,DEV-9830-A,,3324
9831,Lakshmi Deshmukh,77,2,True,962.76,214.78,DEV-9831-A,+91 98765 21853,1904
9832,Aarav Smith,22,10,False,1601.88,865.24,DEV-9832-A,,1762
9833,Kavita Johnson,29,5,False,1315.84,397.82,DEV-9833-A,,1104
9834,Priya Singhania,37,7,False,1877.68,682.55,DEV-9834-A,,2435
9835,Kavita Verma,30,7,False,2594.82,1419.98,DEV-9835-A,,153
9836,Vikram Taylor,30,6,False,5040.09,1366.26,DEV-9836-A,,2878
9837,Lakshmi Patel,70,2,True,2474.58,814.18,DEV-9837-A,+91 98765 98417,3188
9838,Lakshmi Nair,47,7,False,1330.56,546.43,DEV-9838-A,,1268
9839,Aarav Patel,86,4,True,13564.72,3100.49,DEV-9839-A,+91 98765 46998,1499
9840,Martha Deshmukh,27,9,False,1365.72,615.99,DEV-9840-A,,139
9841,George Johnson,88,3,True,515.91,187.54,DEV-9841-A,+91 98765 33544,290
9842,Arthur Joshi,53,7,False,443.49,199.54,DEV-9842-A,,2236
9843,Devi Rao,23,8,False,4095.29,2261.35,DEV-9843-A,,38
9844,Eleanor Gupta,45,7,False,1022.75,260.85,DEV-9844-A,,2517
9845,Priya Gupta,59,7,False,1232.79,287.41,DEV-9845-A,,980
9846,Anish Williams,18,5,False,2353.49,1328.4,DEV-9846-A,,3250
9847,Lakshmi Kumar,84,3,True,4538.76,1043.37,DEV-9847-A,+91 98765 17117,2886
9848,Ramesh Kumar,23,4,False,1021.84,467.64,DEV-9848-A,,3599
9849,Rajesh Deshmukh,74,4,True,5775.6,1689.97,DEV-9849-A,+91 98765 80618,487
9850,Martha Deshmukh,34,8,False,3001.93,739.84,DEV-9850-A,,2086
9851,Aarav Singhania,30,6,False,6391.81,2718.55,DEV-9851-A,,2626
9852,George Williams,57,8,False,2898.37,904.4,DEV-9852-A,,1140
9853,Lakshmi Williams,52,6,False,3483.63,920.54,DEV-9853-A,,496
9854,Arthur Williams,22,6,False,2047.43,966.87,DEV-9854-A,,2191
9855,Sunita Patel,62,8,False,2268.67,797.01,DEV-9855-A,,1584
9856,Anish Kumar,83,5,True,506.43,107.84,DEV-9856-A,+91 98765 86142,2990
9857,Ramesh Joshi,54,8,False,1378.02,569.55,DEV-9857-A,,2708
9858,Rajesh Nair,55,6,False,214.25,98.38,DEV-9858-A,,36
9859,Vikram Deshmukh,30,7,False,1142.56,584.25,DEV-9859-A,,3203
9860,Sunita Patel,34,7,False,1276.52,601.99,DEV-9860-A,,1979
9861,Sunita Johnson,57,5,False,4640.2,2600.1,DEV-9861-A,,669
9862,Martha Williams,47,8,False,1837.25,1087.12,DEV-9862-A,,1252
9863,Sunita Deshmukh,61,7,False,3085.96,996.5,DEV-9863-A,,3633
9864,Sunita Rao,38,10,False,4601.59,1729.49,DEV-9864-A,,157
9865,Sunita Smith,81,1,True,1183.02,240.38,DEV-9865-A,+91 98765 93967,3577
9866,Rajesh Deshmukh,89,3,True,4539.88,2416.2,DEV-9866-A,+91 98765 30884,1677
9867,Ramesh Smith,74,3,True,3040.53,1282.92,DEV-9867-A,+91 98765 31706,2490
9868,Martha Smith,24,7,False,5746.36,2290.65,DEV-9868-A,,742
9869,Kavita Joshi,46,7,False,410.41,90.86,DEV-9869-A,,1255
9870,Arthur Kumar,91,4,True,1627.37,796.94,DEV-9870-A,+91 98765 13957,2735
9871,Aarav Deshmukh,36,6,False,3452.46,783.63,DEV-9871-A,,633
9872,Arthur Johnson,64,5,False,1021.69,504.69,DEV-9872-A,,783
9873,Devi Williams,62,8,False,1766.33,833.45,DEV-9873-A,,1158
9874,Rajesh Patel,82,2,True,868.89,210.1,DEV-9874-A,+91 98765 64912,2241
9875,Aarav Singhania,37,7,False,6535.22,3348.07,DEV-9875-A,,2456
9876,Meena Taylor,53,7,False,1580.95,694.94,DEV-9876-A,,2486
9877,George Joshi,35,6,False,908.23,408.2,DEV-9877-A,,481
9878,Priya Kumar,27,6,False,6750.48,2304.2,DEV-9878-A,,1964
9879,George Singhania,74,1,True,1987.64,1095.71,DEV-9879-A,+91 98765 27358,93
9880,Sunita Smith,41,7,False,4540.35,1285.84,DEV-9880-A,,576
9881,Aarav Rao,57,6,False,1256.94,294.89,DEV-9881-A,,2589
9882,Meena Deshmukh,33,8,False,2703.34,1472.48,DEV-9882-A,,262
9883,Priya Singhania,35,5,False,3163.12,1420.57,DEV-9883-A,,827
9884,Anish Gupta,81,4,True,3058.58,1457.55,DEV-9884-A,+91 98765 45300,924
9885,Arthur Kumar,70,4,True,513.7,171.97,DEV-9885-A,+91 98765 87969,1592
9886,Priya Williams,89,3,True,3717.28,1905.14,DEV-9886-A,+91 98765 43171,1398
9887,Suresh Sharma,83,4,True,541.7,212.72,DEV-9887-A,+91 98765 20646,761
9888,Aarav Taylor,71,5,True,912.61,329.63,DEV-9888-A,+91 98765 48697,3349
9889,Ramesh Gupta,25,7,False,1204.49,564.62,DEV-9889-A,,694
9890,Eleanor Rao,26,9,False,6818.34,1764.84,DEV-9890-A,,1700
9891,Aarav Johnson,44,7,False,7109.55,3212.95,DEV-9891-A,,398
9892,Ramesh Rao,77,2,True,3750.26,1487.04,DEV-9892-A,+91 98765 70100,1521
9893,Lakshmi Sharma,59,4,False,795.58,447.78,DEV-9893-A,,778
9894,Anish Johnson,25,7,False,1596.32,565.1,DEV-9894-A,,1878
9895,George Joshi,70,3,True,1077.11,316.81,DEV-9895-A,+91 98765 17706,1053
9896,George Williams,68,3,True,534.45,281.95,DEV-9896-A,+91 98765 68832,33
9897,Ramesh Kumar,84,2,True,6837.75,2931.99,DEV-9897-A,+91 98765 48488,1022
9898,George Nair,63,8,False,1092.91,574.69,DEV-9898-A,,574
9899,Kavita Sharma,80,3,True,3447.01,1592.65,DEV-9899-A,+91 98765 56128,1483
9900,Lakshmi Taylor,18,6,False,14039.58,8212.07,DEV-9900-A,,3159
9901,Martha Gupta,83,5,True,944.28,200.06,DEV-9901-A,+91 98765 75697,3117
9902,Rajesh Taylor,33,7,False,1119.84,647.92,DEV-9902-A,,2212
9903,Devi Kumar,76,4,True,1683.5,623.99,DEV-9903-A,+91 98765 58131,3220
9904,Anish Williams,40,9,False,1517.64,860.62,DEV-9904-A,,96
9905,Lakshmi Joshi,41,8,False,1683.67,368.42,DEV-9905-A,,1668
9906,Anish Joshi,72,1,True,951.03,360.22,DEV-9906-A,+91 98765 76849,2269
9907,Ramesh Patel,45,7,False,1876.15,744.05,DEV-9907-A,,1472
9908,Devi Deshmukh,76,2,True,4733.09,2058.54,DEV-9908-A,+91 98765 42606,2150
9909,Eleanor Gupta,61,7,False,1413.15,843.73,DEV-9909-A,,2947
9910,George Singhania,59,5,False,960.94,272.71,DEV-9910-A,,653
9911,Vikram Verma,43,6,False,1443.34,498.85,DEV-9911-A,,975
9912,Martha Sharma,57,7,False,608.63,232.67,DEV-9912-A,,1591
9913,George Kumar,38,7,False,5002.93,1183.75,DEV-9913-A,,1928
9914,Martha Gupta,37,6,False,1195.11,475.98,DEV-9914-A,,2427
9915,Rajesh Verma,49,8,False,253.95,74.38,DEV-9915-A,,1557
9916,Kavita Johnson,25,8,False,1984.95,506.36,DEV-9916-A,,3374
9917,Suresh Joshi,65,4,False,1183.21,640.4,DEV-9917-A,,2760
9918,Priya Verma,47,5,False,9614.61,2235.4,DEV-9918-A,,3095
9919,Sunita Gupta,56,6,False,1591.21,697.47,DEV-9919-A,,791
9920,George Verma,18,8,False,1065.34,229.23,DEV-9920-A,,709
9921,Martha Johnson,59,9,False,425.67,161.83,DEV-9921-A,,2569
9922,Ramesh Sharma,58,5,False,1426.62,336.14,DEV-9922-A,,1602
9923,Martha Singhania,68,4,True,1261.96,627.46,DEV-9923-A,+91 98765 19525,1888
9924,Martha Verma,21,6,False,862.94,377.79,DEV-9924-A,,804
9925,Eleanor Singhania,74,2,True,1259.08,526.44,DEV-9925-A,+91 98765 89989,2446
9926,Ramesh Johnson,48,7,False,368.04,125.99,DEV-9926-A,,3049
9927,Lakshmi Rao,40,7,False,464.86,175.55,DEV-9927-A,,1343
9928,Suresh Joshi,30,7,False,1160.57,336.61,DEV-9928-A,,1667
9929,Devi Taylor,45,8,False,364.58,178.48,DEV-9929-A,,2059
9930,Devi Johnson,48,6,False,590.38,128.68,DEV-9930-A,,797
9931,Eleanor Kumar,39,7,False,2068.62,479.96,DEV-9931-A,,1806
9932,Aarav Gupta,27,8,False,1210.0,363.95,DEV-9932-A,,527
9933,Lakshmi Gupta,33,6,False,2273.88,782.47,DEV-9933-A,,2181
9934,Priya Sharma,37,7,False,4740.4,2173.9,DEV-9934-A,,2173
9935,Anish Johnson,26,7,False,2705.03,1305.81,DEV-9935-A,,3360
9936,Lakshmi Patel,87,6,True,18841.68,4652.01,DEV-9936-A,+91 98765 52909,849
9937,Vikram Kumar,43,7,False,2931.29,1079.84,DEV-9937-A,,2485
9938,Rajesh Verma,53,6,False,1204.23,378.81,DEV-9938-A,,546
9939,George Sharma,42,7,False,3176.82,1301.02,DEV-9939-A,,150
9940,Aarav Patel,28,8,False,6732.8,2531.28,DEV-9940-A,,1216
9941,Kavita Sharma,87,3,True,3328.22,1892.84,DEV-9941-A,+91 98765 95507,2726
9942,Devi Singhania,54,7,False,4723.72,1108.65,DEV-9942-A,,631
9943,Rajesh Kumar,91,2,True,1044.6,277.07,DEV-9943-A,+91 98765 49971,3065
9944,Lakshmi Joshi,39,8,False,513.89,307.61,DEV-9944-A,,168
9945,Kavita Taylor,21,6,False,2343.8,487.36,DEV-9945-A,,2340
9946,Rajesh Rao,59,7,False,2062.28,694.26,DEV-9946-A,,1260
9947,Meena Sharma,28,7,False,2603.64,983.88,DEV-9947-A,,866
9948,Suresh Nair,82,4,True,1942.54,1108.37,DEV-9948-A,+91 98765 29963,2633
9949,Suresh Verma,47,5,False,2575.39,1535.48,DEV-9949-A,,165
9950,Martha Williams,35,6,False,4150.09,1349.68,DEV-9950-A,,1370
9951,George Gupta,24,5,False,2425.62,629.1,DEV-9951-A,,684
9952,Ramesh Gupta,32,7,False,475.33,168.44,DEV-9952-A,,76
9953,Arthur Johnson,22,9,False,2093.76,899.68,DEV-9953-A,,2935
9954,Ramesh Sharma,89,7,True,3711.04,1512.77,DEV-9954-A,+91 98765 77972,778
9955,Lakshmi Nair,39,9,False,566.41,123.42,DEV-9955-A,,3436
9956,Lakshmi Sharma,56,6,False,5264.68,1510.66,DEV-9956-A,,2365
9957,Suresh Singhania,31,6,False,757.02,452.76,DEV-9957-A,,1783
9958,Meena Johnson,91,2,True,1122.41,445.33,DEV-9958-A,+91 98765 44212,2318
9959,George Verma,27,3,True,1961.09,646.86,DEV-9959-A,+91 98765 84499,3418
9960,Sunita Williams,75,3,True,1477.31,613.29,DEV-9960-A,+91 98765 58499,1677
9961,Ramesh Sharma,56,6,False,5080.82,2011.33,DEV-9961-A,,378
9962,Suresh Williams,57,8,False,4065.61,1407.43,DEV-9962-A,,1522
9963,Lakshmi Williams,45,7,False,936.55,513.85,DEV-9963-A,,41
9964,Devi Johnson,45,8,False,2825.69,632.78,DEV-9964-A,,1703
9965,Martha Patel,44,6,False,7295.33,3049.94,DEV-9965-A,,2185
9966,Martha Johnson,56,7,False,742.28,156.91,DEV-9966-A,,1394
9967,Suresh Verma,27,10,False,2598.04,671.58,DEV-9967-A,,3133
9968,Kavita Joshi,69,4,True,1531.15,543.66,DEV-9968-A,+91 98765 10881,1298
9969,Lakshmi Kumar,27,8,False,6165.06,2186.59,DEV-9969-A,,1288
9970,Suresh Gupta,41,6,False,855.1,181.06,DEV-9970-A,,523
9971,Priya Nair,50,7,False,2067.26,437.04,DEV-9971-A,,953
9972,Rajesh Williams,81,1,True,1529.88,766.42,DEV-9972-A,+91 98765 35450,2004
9973,Arthur Joshi,38,6,False,1216.79,480.2,DEV-9973-A,,1687
9974,Meena Sharma,24,7,False,5916.18,2240.99,DEV-9974-A,,242
9975,Suresh Deshmukh,18,7,False,5304.4,1994.23,DEV-9975-A,,2061
9976,Vikram Williams,70,3,True,1142.49,491.61,DEV-9976-A,+91 98765 32224,330
9977,Suresh Nair,47,6,False,878.87,281.31,DEV-9977-A,,284
9978,Lakshmi Singhania,91,2,True,1096.3,580.0,DEV-9978-A,+91 98765 21293,3133
9979,Priya Sharma,45,10,False,342.01,149.89,DEV-9979-A,,630
9980,Arthur Joshi,56,6,False,872.39,235.0,DEV-9980-A,,2577
9981,Rajesh Johnson,70,5,True,2677.63,1235.35,DEV-9981-A,+91 98765 35988,2142
9982,Suresh Rao,24,7,False,389.06,125.27,DEV-9982-A,,890
9983,Devi Sharma,31,8,False,2844.39,961.65,DEV-9983-A,,807
9984,Kavita Taylor,70,1,True,918.17,263.66,DEV-9984-A,+91 98765 34097,3349
9985,Kavita Joshi,34,7,False,3160.79,1703.93,DEV-9985-A,,1301
9986,Anish Joshi,31,8,False,1792.85,403.77,DEV-9986-A,,1867
9987,Kavita Smith,84,2,True,1446.27,684.6,DEV-9987-A,+91 98765 89814,30
9988,Anish Deshmukh,73,2,True,4637.64,1208.19,DEV-9988-A,+91 98765 66525,135
9989,Devi Taylor,43,7,False,533.81,273.71,DEV-9989-A,,2219
9990,Martha Joshi,60,5,False,1580.23,921.06,DEV-9990-A,,557
9991,Lakshmi Nair,35,8,False,623.48,316.85,DEV-9991-A,,299
9992,Aarav Taylor,90,2,True,1495.75,648.84,DEV-9992-A,+91 98765 71660,1723
9993,Arthur Patel,19,7,False,624.01,222.98,DEV-9993-A,,3214
9994,Rajesh Kumar,41,8,False,3869.42,2223.26,DEV-9994-A,,1960
9995,Sunita Taylor,46,6,False,1347.89,631.91,DEV-9995-A,,2312
9996,Eleanor Patel,77,3,True,1606.91,659.65,DEV-9996-A,+91 98765 73349,2877
9997,Lakshmi Williams,27,7,False,10577.63,2234.77,DEV-9997-A,,711
9998,Eleanor Patel,43,7,False,5759.83,1801.77,DEV-9998-A,,1127
9999,Eleanor Singhania,85,2,True,928.88,317.54,DEV-9999-A,+91 98765 35242,1077
10000,Sunita Johnson,82,5,True,1933.73,1141.88,DEV-10000-A,+91 98765 19617,2316
10001,Eleanor Smith,72,4,True,1160.57,579.51,DEV-10001-A,+91 98765 10190,1440
10002,Eleanor Smith,33,9,False,816.47,241.15,DEV-10002-A,,3069
10003,Rajesh Taylor,31,8,False,2414.85,555.43,DEV-10003-A,,3047
10004,Meena Nair,46,9,False,3952.41,2365.43,DEV-10004-A,,3450
10005,Devi Gupta,62,4,False,3588.09,856.4,DEV-10005-A,,1141
10006,George Williams,37,8,False,2394.18,569.17,DEV-10006-A,,1528
10007,Lakshmi Johnson,52,9,False,672.41,282.26,DEV-10007-A,,2759
10008,Meena Singhania,85,3,True,1163.36,322.37,DEV-10008-A,+91 98765 16146,2678
10009,Suresh Joshi,52,9,False,1309.76,408.91,DEV-10009-A,,1966
10010,Aarav Sharma,18,6,False,1544.67,811.99,DEV-10010-A,,1197
10011,Aarav Johnson,44,4,False,1703.83,689.37,DEV-10011-A,,1036
10012,Aarav Taylor,70,3,True,1767.74,562.11,DEV-10012-A,+91 98765 50826,1336
10013,Kavita Patel,18,6,False,2785.4,615.52,DEV-10013-A,,2240
10014,Anish Sharma,85,3,True,2023.58,1033.57,DEV-10014-A,+91 98765 42590,2504
10015,Ramesh Verma,77,3,True,3710.23,1785.97,DEV-10015-A,+91 98765 20673,3324
10016,Aarav Williams,70,4,True,5348.69,2241.23,DEV-10016-A,+91 98765 37394,2440
10017,George Singhania,48,7,False,1488.5,425.01,DEV-10017-A,,3179
10018,Priya Kumar,52,7,False,958.64,553.71,DEV-10018-A,,3054
10019,Sunita Rao,66,2,True,427.12,170.53,DEV-10019-A,+91 98765 77337,1552
10020,George Williams,91,3,True,1290.51,444.93,DEV-10020-A,+91 98765 46529,2603
10021,Aarav Williams,23,7,False,3099.32,1554.02,DEV-10021-A,,1851
10022,Aarav Verma,33,8,False,2742.12,1020.98,DEV-10022-A,,1634
10023,Arthur Verma,54,10,False,1071.77,550.56,DEV-10023-A,,2520
10024,Arthur Patel,19,7,False,1872.9,1084.17,DEV-10024-A,,1595
10025,Kavita Taylor,76,1,True,2760.61,1296.68,DEV-10025-A,+91 98765 67321,2935
10026,Vikram Joshi,78,1,True,670.39,337.61,DEV-10026-A,+91 98765 36702,2988
10027,Lakshmi Nair,41,7,False,364.84,154.36,DEV-10027-A,,2982
10028,Martha Verma,55,5,False,1303.2,289.08,DEV-10028-A,,849
10029,Sunita Rao,24,7,False,2747.72,633.98,DEV-10029-A,,2507
10030,Devi Gupta,58,9,False,7296.74,1580.41,DEV-10030-A,,1109
10031,Aarav Smith,47,9,False,312.45,154.71,DEV-10031-A,,2107
10032,Sunita Kumar,36,9,False,1400.21,796.75,DEV-10032-A,,3178
10033,Martha Deshmukh,82,6,True,255.78,105.29,DEV-10033-A,+91 98765 15579,2100
10034,Suresh Sharma,79,2,True,3649.04,967.51,DEV-10034-A,+91 98765 88195,718
10035,Sunita Williams,42,7,False,1731.33,530.42,DEV-10035-A,,2961
10036,Meena Johnson,29,6,False,492.26,215.63,DEV-10036-A,,2894
10037,Rajesh Smith,39,5,False,1782.47,765.94,DEV-10037-A,,3466
10038,Kavita Joshi,44,7,False,4421.23,1669.13,DEV-10038-A,,940
10039,Rajesh Patel,56,6,False,3632.26,1721.25,DEV-10039-A,,847
10040,Ramesh Kumar,24,7,False,277.46,104.63,DEV-10040-A,,1626
10041,George Patel,82,2,True,6232.13,1793.19,DEV-10041-A,+91 98765 22615,1403
10042,Anish Smith,33,4,False,2910.36,890.86,DEV-10042-A,,1416
10043,Sunita Nair,50,7,False,3505.29,1806.78,DEV-10043-A,,697
10044,George Rao,56,6,False,7436.66,4241.82,DEV-10044-A,,793
10045,Meena Patel,50,9,False,15058.26,4916.15,DEV-10045-A,,2463
10046,George Sharma,32,7,False,1343.88,424.28,DEV-10046-A,,1239
10047,Devi Kumar,43,7,False,3416.55,815.98,DEV-10047-A,,2830
10048,Priya Verma,73,3,True,490.83,198.29,DEV-10048-A,+91 98765 12371,1314
10049,Lakshmi Johnson,33,7,False,1402.1,335.01,DEV-10049-A,,1956
10050,Aarav Deshmukh,35,7,False,4363.28,2036.05,DEV-10050-A,,1985
10051,Anish Nair,28,7,False,434.21,239.88,DEV-10051-A,,2942
10052,Anish Gupta,20,6,False,1822.72,697.61,DEV-10052-A,,1997
10053,Sunita Joshi,58,6,False,2516.25,670.91,DEV-10053-A,,2208
10054,Ramesh Williams,48,4,False,407.85,94.74,DEV-10054-A,,835
10055,Rajesh Deshmukh,71,4,True,792.85,309.24,DEV-10055-A,+91 98765 18326,1214
10056,George Taylor,57,8,False,713.8,370.61,DEV-10056-A,,330
10057,Arthur Taylor,52,6,False,758.64,193.76,DEV-10057-A,,1028
10058,Anish Singhania,18,6,False,1520.84,904.2,DEV-10058-A,,3619
10059,Suresh Kumar,70,2,True,6784.29,3614.24,DEV-10059-A,+91 98765 60788,1701
10060,Ramesh Joshi,50,9,False,7051.27,3210.21,DEV-10060-A,,1698
10061,Priya Rao,32,6,False,1613.8,702.09,DEV-10061-A,,1368
10062,George Sharma,47,6,False,3047.99,1142.16,DEV-10062-A,,1518
10063,Lakshmi Sharma,29,9,False,2387.19,1208.34,DEV-10063-A,,594
10064,George Patel,86,2,True,1020.37,386.74,DEV-10064-A,+91 98765 80073,1263
10065,Aarav Verma,91,1,True,1332.97,770.11,DEV-10065-A,+91 98765 59017,2021
10066,Devi Sharma,42,9,False,3093.05,1661.78,DEV-10066-A,,915
10067,George Smith,75,4,True,3887.11,1405.32,DEV-10067-A,+91 98765 62597,228
10068,Arthur Joshi,61,6,False,4057.9,1292.86,DEV-10068-A,,242
10069,George Rao,40,6,False,1917.58,981.01,DEV-10069-A,,200
10070,George Singhania,26,7,False,1371.78,590.92,DEV-10070-A,,1007
10071,Martha Joshi,36,8,False,1556.82,838.94,DEV-10071-A,,64
10072,Eleanor Sharma,78,4,True,2160.73,1105.05,DEV-10072-A,+91 98765 26943,3023
10073,Rajesh Williams,87,1,True,8319.63,3370.15,DEV-10073-A,+91 98765 93006,1786
10074,Anish Joshi,76,3,True,2278.87,1148.41,DEV-10074-A,+91 98765 11050,2585
10075,Meena Sharma,38,9,False,1687.19,867.85,DEV-10075-A,,3550
10076,Vikram Johnson,63,7,False,792.61,328.58,DEV-10076-A,,209
10077,Meena Verma,86,2,True,4137.71,1094.83,DEV-10077-A,+91 98765 17694,3329
10078,Lakshmi Williams,78,5,True,1168.99,498.06,DEV-10078-A,+91 98765 13776,616
10079,Eleanor Verma,24,7,False,1156.41,398.52,DEV-10079-A,,125
10080,Anish Nair,62,7,False,1938.87,1053.27,DEV-10080-A,,677
10081,Vikram Kumar,50,10,False,1808.48,444.23,DEV-10081-A,,1914
10082,Eleanor Johnson,91,4,True,1867.96,1096.39,DEV-10082-A,+91 98765 71274,2881
10083,Eleanor Rao,55,7,False,872.11,382.91,DEV-10083-A,,3542
10084,Meena Johnson,72,3,True,1095.35,623.37,DEV-10084-A,+91 98765 95100,3406
10085,Priya Singhania,91,3,True,1488.43,384.76,DEV-10085-A,+91 98765 15460,232
10086,Martha Sharma,77,2,True,6557.14,2048.38,DEV-10086-A,+91 98765 27438,3565
10087,Devi Nair,33,8,False,2316.52,1162.84,DEV-10087-A,,3367
10088,Suresh Gupta,76,2,True,3090.14,1596.49,DEV-10088-A,+91 98765 96715,1347
10089,Anish Kumar,38,6,False,958.73,444.28,DEV-10089-A,,1149
10090,Ramesh Sharma,25,7,False,1981.86,630.55,DEV-10090-A,,1336
10091,Kavita Taylor,20,6,False,539.79,187.76,DEV-10091-A,,2310
10092,Kavita Taylor,35,7,False,5835.21,1845.74,DEV-10092-A,,1198
10093,Arthur Rao,37,4,False,2699.96,1221.24,DEV-10093-A,,2134
10094,Rajesh Patel,91,3,True,642.07,139.05,DEV-10094-A,+91 98765 83064,96
10095,Meena Taylor,48,9,False,1057.43,276.83,DEV-10095-A,,2274
10096,George Nair,23,10,False,2075.14,615.91,DEV-10096-A,,2607
10097,Eleanor Smith,24,7,False,1458.93,703.66,DEV-10097-A,,895
10098,Kavita Joshi,30,8,False,4112.32,2463.65,DEV-10098-A,,3492
10099,Kavita Kumar,43,7,False,4330.66,2421.29,DEV-10099-A,,1382
10100,George Singhania,23,7,False,1430.59,754.95,DEV-10100-A,,672
10101,Priya Johnson,37,4,False,5491.73,1121.01,DEV-10101-A,,3283
10102,Eleanor Verma,19,7,False,1121.46,349.55,DEV-10102-A,,535
10103,Suresh Johnson,27,8,False,2319.88,616.0,DEV-10103-A,,2057
10104,Sunita Nair,31,7,False,16234.92,6630.52,DEV-10104-A,,2894
10105,Martha Singhania,53,6,False,3305.21,1155.08,DEV-10105-A,,79
10106,Lakshmi Kumar,23,9,False,1487.33,356.21,DEV-10106-A,,1702
10107,Meena Kumar,35,6,False,1466.32,740.38,DEV-10107-A,,1750
10108,Ramesh Gupta,72,3,True,4633.67,1866.88,DEV-10108-A,+91 98765 81009,1762
10109,Aarav Deshmukh,34,6,False,8843.97,5203.0,DEV-10109-A,,72
10110,Kavita Deshmukh,89,3,True,3272.49,1136.17,DEV-10110-A,+91 98765 93931,661
10111,Martha Singhania,78,4,True,4162.47,1298.04,DEV-10111-A,+91 98765 12101,566
10112,Vikram Nair,76,1,True,10003.92,5463.83,DEV-10112-A,+91 98765 18242,1529
10113,Eleanor Sharma,43,6,False,9684.23,4232.93,DEV-10113-A,,320
10114,Eleanor Rao,20,10,False,503.38,199.89,DEV-10114-A,,2818
10115,Aarav Patel,78,4,True,1368.67,494.62,DEV-10115-A,+91 98765 67831,973
10116,Rajesh Singhania,64,7,False,3821.28,1627.22,DEV-10116-A,,2065
10117,Meena Nair,23,5,False,1310.9,537.96,DEV-10117-A,,1763
10118,Sunita Nair,53,8,False,2429.38,940.83,DEV-10118-A,,2186
10119,Devi Johnson,33,8,False,1269.29,327.92,DEV-10119-A,,283
10120,Eleanor Verma,58,5,False,11214.72,4456.95,DEV-10120-A,,764
10121,Anish Gupta,60,6,False,850.85,403.12,DEV-10121-A,,337
10122,Vikram Rao,52,6,False,2120.32,1058.06,DEV-10122-A,,2449
10123,Arthur Gupta,51,7,False,591.77,259.3,DEV-10123-A,,1841
10124,Anish Sharma,84,2,True,4221.96,1043.89,DEV-10124-A,+91 98765 59201,1112
10125,Eleanor Rao,78,3,True,2360.81,530.83,DEV-10125-A,+91 98765 22723,2815
10126,Arthur Taylor,65,6,False,2828.92,1321.91,DEV-10126-A,,1945
10127,Sunita Nair,36,6,False,712.03,290.62,DEV-10127-A,,2990
10128,Devi Patel,74,1,True,1789.64,990.73,DEV-10128-A,+91 98765 85060,3041
10129,Rajesh Kumar,21,8,False,3013.61,908.36,DEV-10129-A,,2663
10130,George Singhania,30,7,False,4149.81,906.34,DEV-10130-A,,3075
10131,Kavita Joshi,82,1,True,660.85,302.22,DEV-10131-A,+91 98765 63033,2408
10132,Vikram Singhania,61,6,False,1326.11,558.17,DEV-10132-A,,1382
10133,George Patel,58,7,False,4509.88,2066.78,DEV-10133-A,,2298
10134,Lakshmi Rao,21,7,False,3184.67,1442.3,DEV-10134-A,,3639
10135,Arthur Taylor,84,4,True,4489.06,2161.23,DEV-10135-A,+91 98765 89596,2057
10136,Anish Williams,84,4,True,4768.5,2210.11,DEV-10136-A,+91 98765 97890,2321
10137,Devi Singhania,27,4,False,1441.87,537.51,DEV-10137-A,,2270
10138,Aarav Nair,61,5,False,848.46,312.38,DEV-10138-A,,2842
10139,Devi Sharma,85,2,True,4751.63,1291.07,DEV-10139-A,+91 98765 34344,1024
10140,Suresh Joshi,57,7,False,9957.85,2839.03,DEV-10140-A,,1971
10141,Rajesh Smith,19,7,False,466.27,240.21,DEV-10141-A,,1116
10142,Lakshmi Joshi,78,5,True,1321.52,789.4,DEV-10142-A,+91 98765 10783,3330
10143,Meena Johnson,66,4,True,2202.25,738.32,DEV-10143-A,+91 98765 34328,701
10144,Aarav Johnson,18,7,False,2342.39,1204.62,DEV-10144-A,,1504
10145,Martha Deshmukh,74,4,True,291.89,121.42,DEV-10145-A,+91 98765 41705,918
10146,Vikram Joshi,32,7,False,801.6,198.84,DEV-10146-A,,3377
10147,Ramesh Taylor,40,8,False,886.0,486.24,DEV-10147-A,,2923
10148,Suresh Rao,55,6,False,618.67,180.8,DEV-10148-A,,3250
10149,Ramesh Rao,35,7,False,463.55,165.22,DEV-10149-A,,2346
10150,George Gupta,59,5,False,1899.03,995.13,DEV-10150-A,,1091
10151,Sunita Verma,48,7,False,1439.4,746.74,DEV-10151-A,,3587
10152,Ramesh Nair,64,4,False,1905.26,732.02,DEV-10152-A,,1013
10153,Priya Joshi,59,7,False,4087.84,1270.07,DEV-10153-A,,1647
10154,Devi Singhania,20,8,False,780.03,206.06,DEV-10154-A,,2558
10155,Priya Gupta,49,5,False,4390.0,2052.95,DEV-10155-A,,707
10156,Devi Deshmukh,55,8,False,1613.89,769.54,DEV-10156-A,,999
10157,Priya Rao,41,8,False,3428.37,1771.35,DEV-10157-A,,2982
10158,Arthur Williams,59,5,False,684.64,316.07,DEV-10158-A,,606
10159,Sunita Verma,26,6,False,4458.58,2015.94,DEV-10159-A,,1006
10160,Priya Sharma,50,10,False,2020.95,910.78,DEV-10160-A,,2386
10161,Meena Gupta,34,5,False,829.15,476.74,DEV-10161-A,,2851
10162,Aarav Patel,31,6,False,1299.38,639.23,DEV-10162-A,,1763
10163,Vikram Rao,81,2,True,1427.15,619.8,DEV-10163-A,+91 98765 32962,2144
10164,Anish Gupta,31,4,False,1498.48,761.1,DEV-10164-A,,596
10165,Vikram Gupta,29,6,False,916.0,531.87,DEV-10165-A,,2056
10166,Rajesh Johnson,67,3,True,2590.68,1213.47,DEV-10166-A,+91 98765 87462,2181
10167,Ramesh Johnson,30,10,False,1239.89,710.28,DEV-10167-A,,67
10168,Suresh Nair,28,5,False,1890.05,713.57,DEV-10168-A,,3388
10169,Arthur Joshi,30,6,False,3145.78,1154.0,DEV-10169-A,,374
10170,Arthur Joshi,44,8,False,2790.42,622.35,DEV-10170-A,,1130
10171,Arthur Verma,22,4,False,6103.73,1893.58,DEV-10171-A,,1623
10172,Sunita Deshmukh,73,3,True,373.64,107.03,DEV-10172-A,+91 98765 52415,1817
10173,Rajesh Rao,67,3,True,1655.89,912.54,DEV-10173-A,+91 98765 82235,935
10174,Meena Sharma,86,4,True,2627.7,652.84,DEV-10174-A,+91 98765 10495,2965
10175,George Kumar,35,7,False,1688.49,683.65,DEV-10175-A,,1194
10176,Lakshmi Rao,18,7,False,516.86,170.23,DEV-10176-A,,2788
10177,Ramesh Verma,20,7,False,810.21,387.48,DEV-10177-A,,3198
10178,Martha Williams,44,6,False,2717.24,676.11,DEV-10178-A,,2998
10179,Ramesh Verma,77,2,True,398.27,230.61,DEV-10179-A,+91 98765 74587,1870
10180,Devi Deshmukh,45,6,False,366.15,153.39,DEV-10180-A,,924
10181,Vikram Patel,44,7,False,2938.7,767.12,DEV-10181-A,,1726
10182,Sunita Singhania,54,7,False,465.17,209.26,DEV-10182-A,,1675
10183,Kavita Taylor,80,4,True,5077.31,2737.63,DEV-10183-A,+91 98765 72671,145
10184,Devi Sharma,21,6,False,999.12,532.53,DEV-10184-A,,879
10185,Eleanor Sharma,48,5,False,1838.2,844.39,DEV-10185-A,,1005
10186,George Kumar,81,4,True,529.52,176.21,DEV-10186-A,+91 98765 14528,1402
10187,Arthur Verma,73,1,True,1392.08,512.31,DEV-10187-A,+91 98765 91776,2092
10188,Kavita Verma,23,5,False,1638.35,763.25,DEV-10188-A,,2611
10189,Kavita Patel,47,7,False,2170.26,1153.72,DEV-10189-A,,3011
10190,Sunita Williams,46,8,False,6066.21,2122.63,DEV-10190-A,,1967
10191,Kavita Taylor,77,4,True,3467.87,1595.57,DEV-10191-A,+91 98765 17031,571
10192,Suresh Gupta,78,1,True,1766.29,895.9,DEV-10192-A,+91 98765 12425,2796
10193,Martha Deshmukh,84,4,True,1080.74,334.48,DEV-10193-A,+91 98765 58080,2103
10194,Priya Singhania,86,4,True,7693.4,3938.62,DEV-10194-A,+91 98765 69433,1751
10195,Ramesh Nair,74,2,True,525.91,265.28,DEV-10195-A,+91 98765 84602,39
10196,Martha Joshi,21,7,False,1557.43,407.93,DEV-10196-A,,684
10197,Aarav Joshi,69,5,True,694.41,159.39,DEV-10197-A,+91 98765 15244,1033
10198,George Rao,36,9,False,1502.83,639.3,DEV-10198-A,,3326
10199,Eleanor Williams,20,6,False,1776.11,754.29,DEV-10199-A,,3499
10200,George Kumar,50,6,False,1683.28,928.45,DEV-10200-A,,1104
10201,Martha Taylor,73,4,True,8408.55,4019.11,DEV-10201-A,+91 98765 19302,1188
10202,Devi Gupta,27,7,False,2354.95,1089.39,DEV-10202-A,,1320
10203,Suresh Williams,57,8,False,2326.8,740.77,DEV-10203-A,,2431
10204,Vikram Patel,69,2,True,2068.87,756.51,DEV-10204-A,+91 98765 78513,921
10205,Suresh Taylor,77,3,True,370.21,146.4,DEV-10205-A,+91 98765 85276,3465
10206,Anish Joshi,57,3,True,2066.66,657.96,DEV-10206-A,+91 98765 88401,3264
10207,Rajesh Gupta,84,2,True,3708.04,1814.24,DEV-10207-A,+91 98765 88478,2922
10208,Martha Sharma,76,2,True,1110.98,286.77,DEV-10208-A,+91 98765 87237,3061
10209,Arthur Joshi,30,8,False,1318.34,669.72,DEV-10209-A,,1314
10210,Aarav Joshi,18,6,False,2536.55,570.5,DEV-10210-A,,1185
10211,Vikram Verma,70,6,True,963.46,356.62,DEV-10211-A,+91 98765 64649,3204
10212,Martha Gupta,22,8,False,2842.88,615.68,DEV-10212-A,,916
10213,Ramesh Verma,42,10,False,4514.97,1947.13,DEV-10213-A,,3082
10214,Lakshmi Johnson,63,7,False,2487.41,1051.3,DEV-10214-A,,1083
10215,George Patel,64,4,False,5551.77,2496.25,DEV-10215-A,,565
10216,Meena Verma,60,5,False,2463.91,991.46,DEV-10216-A,,2973
10217,Rajesh Williams,81,3,True,2829.82,1355.14,DEV-10217-A,+91 98765 23674,1379
10218,Kavita Smith,27,6,False,1665.44,877.54,DEV-10218-A,,1420
10219,Lakshmi Gupta,36,8,False,2846.66,1585.59,DEV-10219-A,,96
10220,Aarav Taylor,69,5,True,5215.88,1712.02,DEV-10220-A,+91 98765 19598,777
10221,Devi Singhania,29,7,False,1489.39,854.29,DEV-10221-A,,3066
10222,Priya Verma,28,6,False,2890.98,1706.01,DEV-10222-A,,820
10223,Kavita Deshmukh,41,4,False,513.75,270.53,DEV-10223-A,,1259
10224,Priya Joshi,32,8,False,4048.13,1166.32,DEV-10224-A,,2639
10225,Priya Nair,22,6,False,3129.23,1738.68,DEV-10225-A,,1658
10226,Devi Taylor,26,9,False,3794.41,1757.12,DEV-10226-A,,2094
10227,Suresh Patel,38,7,False,2600.14,1050.67,DEV-10227-A,,3500
10228,Ramesh Verma,56,8,False,1948.92,1088.6,DEV-10228-A,,869
10229,Devi Smith,33,6,False,2031.25,679.03,DEV-10229-A,,2663
10230,Suresh Sharma,48,6,False,3883.28,1259.08,DEV-10230-A,,1380
10231,Kavita Patel,84,3,True,949.21,381.29,DEV-10231-A,+91 98765 60847,2168
10232,Sunita Singhania,21,7,False,989.45,250.99,DEV-10232-A,,2887
10233,Rajesh Taylor,48,9,False,3701.44,1549.38,DEV-10233-A,,848
10234,Anish Johnson,42,6,False,1167.54,429.38,DEV-10234-A,,2661
10235,Eleanor Singhania,85,3,True,624.59,307.88,DEV-10235-A,+91 98765 50101,1945
10236,Anish Singhania,65,7,False,711.45,398.06,DEV-10236-A,,130
10237,Arthur Smith,63,7,False,3660.14,2084.34,DEV-10237-A,,1784
10238,Devi Johnson,67,5,True,1219.91,473.92,DEV-10238-A,+91 98765 45302,2353
10239,George Rao,33,6,False,579.69,141.78,DEV-10239-A,,3649
10240,Lakshmi Sharma,29,8,False,1809.25,779.92,DEV-10240-A,,3537
10241,Devi Verma,44,6,False,1104.66,511.86,DEV-10241-A,,854
10242,George Kumar,78,4,True,316.08,152.57,DEV-10242-A,+91 98765 25640,237
10243,Sunita Johnson,21,9,False,919.9,435.89,DEV-10243-A,,3634
10244,Ramesh Singhania,21,8,False,744.4,229.7,DEV-10244-A,,372
10245,George Singhania,75,3,True,1549.36,803.39,DEV-10245-A,+91 98765 27355,60
10246,Meena Singhania,81,5,True,1497.4,810.69,DEV-10246-A,+91 98765 52290,1489
10247,Arthur Taylor,43,9,False,1316.83,375.5,DEV-10247-A,,1871
10248,Martha Gupta,67,4,True,3774.73,2038.07,DEV-10248-A,+91 98765 53325,2074
10249,George Nair,44,7,False,1843.14,476.31,DEV-10249-A,,1372
10250,Eleanor Deshmukh,59,5,False,2261.6,672.57,DEV-10250-A,,1472
10251,Meena Verma,40,8,False,6084.32,1386.18,DEV-10251-A,,1073
10252,Suresh Singhania,70,4,True,700.88,174.76,DEV-10252-A,+91 98765 45992,53
10253,Aarav Sharma,91,3,True,1411.52,587.94,DEV-10253-A,+91 98765 60648,2175
10254,Devi Nair,23,7,False,1500.95,781.83,DEV-10254-A,,2164
10255,Martha Kumar,20,8,False,5114.8,1566.23,DEV-10255-A,,2204
10256,Ramesh Gupta,23,7,False,2729.69,667.55,DEV-10256-A,,2828
10257,Sunita Nair,62,7,False,545.91,120.19,DEV-10257-A,,322
10258,Martha Singhania,91,1,True,703.0,397.78,DEV-10258-A,+91 98765 56255,1075
10259,Arthur Patel,39,6,False,1634.53,951.6,DEV-10259-A,,660
10260,Priya Gupta,23,7,False,6178.23,1387.4,DEV-10260-A,,3559
10261,Kavita Gupta,18,7,False,1959.3,929.83,DEV-10261-A,,311
10262,Suresh Gupta,46,8,False,743.3,329.52,DEV-10262-A,,50
10263,Ramesh Kumar,66,3,True,3066.37,1013.54,DEV-10263-A,+91 98765 36439,855
10264,Martha Smith,70,3,True,1753.31,807.3,DEV-10264-A,+91 98765 65810,99
10265,Lakshmi Joshi,33,7,False,1328.04,518.55,DEV-10265-A,,1333
10266,Suresh Joshi,21,7,False,4011.18,1272.34,DEV-10266-A,,201
10267,Rajesh Deshmukh,63,8,False,4836.38,1359.01,DEV-10267-A,,111
10268,Lakshmi Singhania,25,6,False,2781.02,578.54,DEV-10268-A,,824
10269,Sunita Johnson,59,7,False,3958.88,2112.25,DEV-10269-A,,1251
10270,Anish Verma,48,8,False,4633.52,979.79,DEV-10270-A,,899
10271,Martha Sharma,87,2,True,6336.74,1791.99,DEV-10271-A,+91 98765 32722,215
10272,Arthur Taylor,29,6,False,1211.67,509.21,DEV-10272-A,,228
10273,Lakshmi Sharma,63,8,False,398.13,133.97,DEV-10273-A,,2523
10274,Anish Taylor,64,7,False,1029.31,523.05,DEV-10274-A,,313
10275,Vikram Gupta,53,6,False,1017.24,515.79,DEV-10275-A,,2766
10276,Aarav Johnson,51,6,False,1019.45,417.02,DEV-10276-A,,3184
10277,Martha Williams,91,2,True,1307.32,521.39,DEV-10277-A,+91 98765 18678,3403
10278,Suresh Johnson,38,5,False,13031.98,6200.56,DEV-10278-A,,2015
10279,Suresh Verma,84,4,True,1220.37,707.46,DEV-10279-A,+91 98765 45748,1408
10280,Ramesh Smith,42,6,False,3122.79,1180.69,DEV-10280-A,,1130
10281,Meena Rao,55,8,False,939.4,447.11,DEV-10281-A,,1515
10282,George Johnson,81,5,True,7053.17,3158.09,DEV-10282-A,+91 98765 45428,2187
10283,Aarav Gupta,35,8,False,4680.38,2507.08,DEV-10283-A,,1331
10284,Sunita Deshmukh,70,2,True,2534.03,1438.46,DEV-10284-A,+91 98765 36823,1479
10285,George Kumar,41,7,False,2585.72,668.09,DEV-10285-A,,2861
10286,Suresh Gupta,81,4,True,3004.87,708.44,DEV-10286-A,+91 98765 76773,88
10287,Arthur Deshmukh,80,2,True,12519.14,7076.68,DEV-10287-A,+91 98765 93914,2647
10288,Lakshmi Johnson,61,7,False,745.02,338.72,DEV-10288-A,,1058
10289,Aarav Nair,82,4,True,1062.19,552.26,DEV-10289-A,+91 98765 86608,3423
10290,Sunita Verma,26,7,False,1438.09,741.75,DEV-10290-A,,2724
10291,Martha Sharma,53,8,False,4621.22,2131.85,DEV-10291-A,,720
10292,Anish Gupta,19,7,False,1267.01,640.01,DEV-10292-A,,632
10293,Sunita Kumar,53,10,False,5432.68,1314.69,DEV-10293-A,,985
10294,Rajesh Nair,61,10,False,1198.59,509.71,DEV-10294-A,,2202
10295,Ramesh Nair,70,2,True,552.55,197.06,DEV-10295-A,+91 98765 78234,1178
10296,Aarav Deshmukh,70,1,True,1458.23,865.05,DEV-10296-A,+91 98765 35062,3488
10297,Kavita Verma,49,7,False,1006.27,498.77,DEV-10297-A,,197
10298,Lakshmi Patel,50,5,False,2635.31,914.9,DEV-10298-A,,2338
10299,Devi Williams,28,9,False,355.42,134.0,DEV-10299-A,,1913
10300,Suresh Gupta,56,4,False,1836.33,472.61,DEV-10300-A,,2211
10301,Martha Deshmukh,34,8,False,862.22,455.24,DEV-10301-A,,1515
10302,Eleanor Patel,66,1,True,4109.95,1990.84,DEV-10302-A,+91 98765 96023,1294
10303,Rajesh Smith,57,7,False,927.2,375.73,DEV-10303-A,,1772
10304,Anish Williams,77,5,True,3189.03,750.72,DEV-10304-A,+91 98765 78508,2985
10305,Priya Rao,49,7,False,3827.0,871.93,DEV-10305-A,,45
10306,Ramesh Joshi,30,5,False,1307.62,466.71,DEV-10306-A,,2513
10307,Arthur Kumar,39,6,False,1455.95,805.27,DEV-10307-A,,2657
10308,George Taylor,63,9,False,6519.58,2337.93,DEV-10308-A,,2136
10309,Anish Patel,75,3,True,1153.06,339.49,DEV-10309-A,+91 98765 84783,1751
10310,Priya Rao,83,2,True,5776.58,2114.88,DEV-10310-A,+91 98765 94764,3169
10311,Lakshmi Verma,63,8,False,1020.57,220.41,DEV-10311-A,,1788
10312,Aarav Taylor,45,6,False,2105.13,794.3,DEV-10312-A,,2663
10313,Eleanor Taylor,37,10,False,526.96,270.91,DEV-10313-A,,2277
10314,George Taylor,25,7,False,981.31,544.63,DEV-10314-A,,2580
10315,Anish Verma,78,4,True,2037.55,1063.88,DEV-10315-A,+91 98765 70194,1750
10316,Suresh Gupta,35,6,False,897.93,261.16,DEV-10316-A,,2144
10317,Vikram Patel,58,10,False,6080.67,1676.57,DEV-10317-A,,3508
10318,Devi Rao,72,2,True,230.85,138.23,DEV-10318-A,+91 98765 10326,1602
10319,George Verma,36,9,False,832.51,459.68,DEV-10319-A,,3484
10320,Vikram Williams,26,8,False,2120.03,782.65,DEV-10320-A,,2660
10321,Rajesh Nair,36,5,False,3410.0,1206.17,DEV-10321-A,,407
10322,Rajesh Deshmukh,82,2,True,2101.42,697.42,DEV-10322-A,+91 98765 80894,2080
10323,Ramesh Gupta,58,10,False,1487.67,750.64,DEV-10323-A,,3220
10324,Ramesh Singhania,49,7,False,1662.21,532.27,DEV-10324-A,,3402
10325,Eleanor Joshi,29,6,False,440.3,97.14,DEV-10325-A,,1422
10326,Kavita Singhania,26,4,False,1502.25,862.56,DEV-10326-A,,2581
10327,Aarav Singhania,24,5,False,3047.65,1617.46,DEV-10327-A,,655
10328,Lakshmi Verma,21,7,False,504.44,253.44,DEV-10328-A,,1914
10329,Ramesh Rao,87,5,True,1285.47,630.99,DEV-10329-A,+91 98765 95690,1970
10330,Meena Deshmukh,54,7,False,1828.38,688.62,DEV-10330-A,,2588
10331,Aarav Verma,72,4,True,1704.02,909.02,DEV-10331-A,+91 98765 32447,963
10332,Suresh Williams,79,3,True,1178.7,249.69,DEV-10332-A,+91 98765 85131,261
10333,Sunita Taylor,90,2,True,641.31,198.79,DEV-10333-A,+91 98765 66152,1325
10334,Anish Joshi,20,6,False,1462.23,523.06,DEV-10334-A,,3304
10335,Devi Sharma,88,4,True,4129.58,1574.49,DEV-10335-A,+91 98765 97962,2291
10336,Anish Kumar,74,2,True,605.48,204.77,DEV-10336-A,+91 98765 71081,1859
10337,Arthur Taylor,62,6,False,2165.9,1111.39,DEV-10337-A,,1092
10338,Rajesh Williams,46,6,False,1850.59,481.99,DEV-10338-A,,3270
10339,Devi Singhania,91,1,True,4845.14,2022.83,DEV-10339-A,+91 98765 75064,1315
10340,Arthur Rao,48,7,False,1436.68,359.47,DEV-10340-A,,2460
10341,Rajesh Joshi,49,8,False,1303.95,685.22,DEV-10341-A,,3628
10342,Sunita Joshi,45,4,False,1545.95,487.78,DEV-10342-A,,1883
10343,Vikram Deshmukh,90,3,True,2019.18,626.37,DEV-10343-A,+91 98765 77395,301
10344,Eleanor Johnson,25,10,False,2696.1,1345.84,DEV-10344-A,,295
10345,Arthur Deshmukh,31,7,False,3273.3,775.71,DEV-10345-A,,2497
10346,Sunita Smith,43,4,False,4545.45,2180.37,DEV-10346-A,,2409
10347,Kavita Nair,81,4,True,4862.73,1968.74,DEV-10347-A,+91 98765 76837,2522
10348,George Verma,34,4,False,1319.2,756.71,DEV-10348-A,,1688
10349,Vikram Smith,83,3,True,1364.35,656.48,DEV-10349-A,+91 98765 44547,2284
10350,Devi Singhania,89,5,True,1432.45,583.23,DEV-10350-A,+91 98765 36917,2180
10351,Aarav Joshi,22,5,False,896.8,440.63,DEV-10351-A,,667
10352,Aarav Williams,66,3,True,2946.11,1172.92,DEV-10352-A,+91 98765 72781,1662
10353,Rajesh Verma,61,6,False,2775.55,1389.68,DEV-10353-A,,1004
10354,George Williams,66,4,True,4007.56,2317.95,DEV-10354-A,+91 98765 24257,768
10355,Meena Williams,88,4,True,3007.06,735.37,DEV-10355-A,+91 98765 97543,2498
10356,Aarav Williams,76,3,True,507.01,183.61,DEV-10356-A,+91 98765 53743,3053
10357,Rajesh Smith,40,8,False,1273.94,646.72,DEV-10357-A,,3628
10358,Meena Verma,51,9,False,317.87,131.41,DEV-10358-A,,2352
10359,George Joshi,86,2,True,1391.31,384.77,DEV-10359-A,+91 98765 95939,3241
10360,Meena Smith,45,7,False,10314.1,3615.21,DEV-10360-A,,3171
10361,Ramesh Joshi,54,7,False,2282.4,1119.5,DEV-10361-A,,3341
10362,Aarav Williams,87,2,True,686.29,287.51,DEV-10362-A,+91 98765 74022,58
10363,George Singhania,83,2,True,2927.88,1193.86,DEV-10363-A,+91 98765 88117,180
10364,Meena Sharma,60,7,False,1777.12,1050.07,DEV-10364-A,,1892
10365,Ramesh Rao,39,6,False,3481.76,1997.51,DEV-10365-A,,2000
10366,Ramesh Johnson,39,9,False,3280.67,1109.41,DEV-10366-A,,2302
10367,Ramesh Singhania,40,9,False,1652.85,397.25,DEV-10367-A,,2296
10368,Lakshmi Rao,58,8,False,8186.98,4702.07,DEV-10368-A,,1155
10369,Martha Williams,56,9,False,6933.41,3389.1,DEV-10369-A,,1274
10370,Devi Sharma,26,9,False,6268.36,1775.5,DEV-10370-A,,1023
10371,Arthur Sharma,20,6,False,1057.72,584.75,DEV-10371-A,,1753
10372,Suresh Nair,78,3,True,1398.84,777.37,DEV-10372-A,+91 98765 70324,2123
10373,Martha Joshi,33,6,False,6293.83,1601.77,DEV-10373-A,,2154
10374,Lakshmi Rao,34,5,False,4943.36,2183.24,DEV-10374-A,,1415
10375,Eleanor Taylor,31,8,False,175.36,64.03,DEV-10375-A,,1857
10376,Aarav Kumar,30,10,False,1336.65,783.23,DEV-10376-A,,2024
10377,Devi Rao,72,2,True,992.4,229.77,DEV-10377-A,+91 98765 23311,3167
10378,Priya Joshi,26,6,False,1087.77,310.51,DEV-10378-A,,3328
10379,Vikram Patel,32,6,False,1332.84,414.69,DEV-10379-A,,1352
10380,Arthur Nair,63,6,False,1193.03,270.91,DEV-10380-A,,2619
10381,Sunita Williams,50,10,False,2882.96,1259.81,DEV-10381-A,,3487
10382,Arthur Deshmukh,80,5,True,724.5,420.92,DEV-10382-A,+91 98765 98620,164
10383,Eleanor Verma,74,2,True,940.81,475.52,DEV-10383-A,+91 98765 94372,413
10384,Suresh Johnson,48,10,False,3880.45,936.42,DEV-10384-A,,2501
10385,Lakshmi Smith,78,3,True,4429.48,1996.54,DEV-10385-A,+91 98765 45893,2941
10386,Anish Gupta,60,7,False,1659.68,345.66,DEV-10386-A,,213
10387,Kavita Nair,84,2,True,1485.98,574.06,DEV-10387-A,+91 98765 76728,2231
10388,Vikram Patel,22,7,False,906.09,365.64,DEV-10388-A,,342
10389,Kavita Patel,55,9,False,4724.39,1763.14,DEV-10389-A,,1293
10390,Suresh Sharma,59,6,False,423.59,151.36,DEV-10390-A,,2698
10391,Meena Kumar,39,7,False,1676.85,674.7,DEV-10391-A,,654
10392,Lakshmi Williams,52,8,False,2025.67,867.06,DEV-10392-A,,3279
10393,Arthur Joshi,30,5,False,1564.98,452.39,DEV-10393-A,,231
10394,Vikram Singhania,74,3,True,1116.98,509.4,DEV-10394-A,+91 98765 80222,1848
10395,Meena Nair,29,9,False,4161.55,1414.98,DEV-10395-A,,2601
10396,George Joshi,49,7,False,4991.43,2232.48,DEV-10396-A,,3210
10397,Rajesh Taylor,44,4,False,2483.95,1205.99,DEV-10397-A,,183
10398,Devi Joshi,58,8,False,1393.81,318.29,DEV-10398-A,,1874
10399,Devi Smith,57,4,False,1489.81,790.42,DEV-10399-A,,248
10400,Ramesh Rao,60,6,False,5894.26,3400.75,DEV-10400-A,,2646
10401,Kavita Kumar,40,8,False,1886.96,440.18,DEV-10401-A,,3216
10402,Anish Nair,25,7,False,6283.62,2528.68,DEV-10402-A,,1776
10403,Kavita Gupta,34,4,False,429.23,92.04,DEV-10403-A,,1717
10404,Suresh Johnson,47,10,False,1476.3,600.24,DEV-10404-A,,3348
10405,Kavita Sharma,79,2,True,441.37,189.17,DEV-10405-A,+91 98765 40395,3386
10406,Martha Taylor,31,9,False,870.49,317.49,DEV-10406-A,,3537
10407,Martha Gupta,83,2,True,2401.12,948.39,DEV-10407-A,+91 98765 12837,301
10408,Martha Rao,70,4,True,2314.43,1157.2,DEV-10408-A,+91 98765 27657,2541
10409,Arthur Deshmukh,21,7,False,951.0,280.89,DEV-10409-A,,925
10410,Suresh Smith,55,8,False,5420.94,1985.12,DEV-10410-A,,2741
10411,Vikram Joshi,59,8,False,1028.41,492.41,DEV-10411-A,,517
10412,Eleanor Johnson,51,8,False,1072.81,433.65,DEV-10412-A,,2070
10413,Eleanor Deshmukh,21,7,False,2010.86,872.56,DEV-10413-A,,2923
10414,Priya Johnson,46,10,False,2653.05,828.55,DEV-10414-A,,2910
10415,Ramesh Williams,30,6,False,791.77,392.64,DEV-10415-A,,1828
10416,Lakshmi Patel,27,7,False,6120.34,2165.56,DEV-10416-A,,2115
10417,George Smith,37,4,False,2029.92,754.69,DEV-10417-A,,3200
10418,Vikram Taylor,68,5,True,3149.54,1528.12,DEV-10418-A,+91 98765 14947,589
10419,Rajesh Nair,75,5,True,1540.46,725.71,DEV-10419-A,+91 98765 83296,1538
10420,Kavita Williams,54,5,False,1522.15,415.14,DEV-10420-A,,700
10421,Lakshmi Rao,65,6,False,9172.6,3050.3,DEV-10421-A,,747
10422,Kavita Patel,26,7,False,2547.75,852.37,DEV-10422-A,,1569
10423,Eleanor Patel,22,5,False,1160.96,597.32,DEV-10423-A,,2282
10424,Eleanor Williams,66,4,True,1801.04,490.37,DEV-10424-A,+91 98765 43330,2231
10425,Lakshmi Johnson,47,6,False,2077.14,725.07,DEV-10425-A,,1802
10426,George Sharma,54,6,False,295.11,130.81,DEV-10426-A,,1941
10427,Vikram Gupta,41,5,False,1971.32,1095.92,DEV-10427-A,,1224
10428,George Joshi,76,4,True,1243.34,513.84,DEV-10428-A,+91 98765 71727,2934
10429,Anish Singhania,28,9,False,4000.63,934.37,DEV-10429-A,,753
10430,Meena Nair,38,9,False,561.63,157.04,DEV-10430-A,,3073
10431,Eleanor Smith,19,8,False,1182.74,425.38,DEV-10431-A,,1190
10432,Rajesh Williams,44,9,False,1539.32,603.43,DEV-10432-A,,2024
10433,Anish Taylor,23,6,False,1175.36,473.84,DEV-10433-A,,2527
10434,Meena Singhania,19,8,False,532.12,181.91,DEV-10434-A,,290
10435,Devi Sharma,65,7,False,1725.86,1011.6,DEV-10435-A,,1409
10436,Aarav Verma,73,2,True,4483.92,2197.65,DEV-10436-A,+91 98765 31703,345
10437,Meena Singhania,42,8,False,992.65,466.42,DEV-10437-A,,2342
10438,Rajesh Williams,37,5,False,1625.38,924.0,DEV-10438-A,,3446
10439,Kavita Patel,89,4,True,2619.81,610.54,DEV-10439-A,+91 98765 39874,3256
10440,Kavita Joshi,42,8,False,401.51,109.75,DEV-10440-A,,1150
10441,Suresh Singhania,54,6,False,2427.61,613.43,DEV-10441-A,,2893
10442,Sunita Taylor,20,6,False,4563.47,1324.17,DEV-10442-A,,2449
10443,Anish Joshi,71,3,True,747.78,372.33,DEV-10443-A,+91 98765 83721,863
10444,Suresh Kumar,55,5,False,2102.17,572.57,DEV-10444-A,,1872
10445,Kavita Sharma,55,5,False,425.53,129.09,DEV-10445-A,,3044
10446,Ramesh Johnson,80,2,True,9428.15,4092.98,DEV-10446-A,+91 98765 26433,2225
10447,George Gupta,42,4,False,1192.02,434.22,DEV-10447-A,,2751
10448,Lakshmi Rao,38,6,False,1024.75,569.95,DEV-10448-A,,3186
10449,Aarav Kumar,57,7,False,2341.88,844.7,DEV-10449-A,,650
10450,Martha Joshi,66,4,True,13636.03,5866.57,DEV-10450-A,+91 98765 93154,1454
10451,Aarav Johnson,55,8,False,4541.12,2647.14,DEV-10451-A,,3003
10452,George Taylor,87,2,True,1694.1,346.32,DEV-10452-A,+91 98765 34532,507
10453,Vikram Singhania,25,7,False,1063.51,235.2,DEV-10453-A,,1574
10454,Devi Deshmukh,58,7,False,599.08,144.52,DEV-10454-A,,534
10455,George Singhania,76,2,True,5179.72,2922.59,DEV-10455-A,+91 98765 64245,1813
10456,Rajesh Sharma,29,7,False,5259.36,1745.22,DEV-10456-A,,601
10457,Arthur Taylor,23,7,False,1547.27,685.06,DEV-10457-A,,1644
10458,Lakshmi Gupta,33,6,False,1793.03,429.5,DEV-10458-A,,742
10459,Sunita Verma,83,1,True,1076.13,623.76,DEV-10459-A,+91 98765 26777,577
10460,Lakshmi Gupta,43,5,False,886.3,377.59,DEV-10460-A,,2543
10461,Sunita Patel,54,8,False,5032.72,2757.71,DEV-10461-A,,885
10462,Devi Singhania,35,8,False,851.26,234.46,DEV-10462-A,,2298
10463,Lakshmi Singhania,23,7,False,1427.57,301.92,DEV-10463-A,,2029
10464,Eleanor Johnson,36,8,False,1178.42,473.01,DEV-10464-A,,3062
10465,Aarav Patel,31,8,False,3514.34,1438.1,DEV-10465-A,,1972
10466,Devi Johnson,35,8,False,2017.52,445.17,DEV-10466-A,,325
10467,Arthur Verma,35,8,False,584.97,269.36,DEV-10467-A,,2633
10468,Kavita Gupta,31,6,False,4621.08,1149.55,DEV-10468-A,,3365
10469,George Patel,58,6,False,402.86,149.2,DEV-10469-A,,1153
10470,Kavita Sharma,86,4,True,2222.07,1260.31,DEV-10470-A,+91 98765 90842,702
10471,Vikram Rao,54,7,False,1385.91,786.55,DEV-10471-A,,3212
10472,Eleanor Patel,50,6,False,3788.69,795.64,DEV-10472-A,,1905
10473,Kavita Joshi,55,7,False,4633.72,2055.01,DEV-10473-A,,1649
10474,Eleanor Singhania,75,4,True,1871.67,946.7,DEV-10474-A,+91 98765 50261,603
10475,George Joshi,27,6,False,795.36,243.06,DEV-10475-A,,245
10476,Meena Smith,46,5,False,9166.28,2040.12,DEV-10476-A,,1601
10477,Lakshmi Deshmukh,89,4,True,1492.01,342.54,DEV-10477-A,+91 98765 26808,1584
10478,Vikram Patel,74,4,True,845.21,392.79,DEV-10478-A,+91 98765 84397,2424
10479,Eleanor Taylor,83,2,True,1396.02,761.98,DEV-10479-A,+91 98765 94259,1592
10480,Arthur Nair,39,7,False,511.57,132.22,DEV-10480-A,,2416
10481,Priya Williams,37,5,False,983.43,373.81,DEV-10481-A,,778
10482,Suresh Williams,42,7,False,2599.27,1555.84,DEV-10482-A,,1826
10483,George Joshi,39,8,False,3888.91,1280.9,DEV-10483-A,,3637
10484,Anish Kumar,64,5,False,1870.7,504.25,DEV-10484-A,,409
10485,Kavita Johnson,65,7,False,7770.02,3112.41,DEV-10485-A,,214
10486,Aarav Rao,29,9,False,1543.45,836.38,DEV-10486-A,,3545
10487,Arthur Sharma,60,7,False,773.61,195.55,DEV-10487-A,,762
10488,Arthur Nair,48,6,False,2574.88,1421.77,DEV-10488-A,,290
10489,Vikram Joshi,54,7,False,968.99,518.68,DEV-10489-A,,3232
10490,Anish Kumar,80,2,True,2987.64,830.59,DEV-10490-A,+91 98765 47820,2828
10491,Anish Smith,81,3,True,1029.26,425.5,DEV-10491-A,+91 98765 62341,2000
10492,Ramesh Verma,45,8,False,1686.53,918.45,DEV-10492-A,,2214
10493,Lakshmi Johnson,79,2,True,1524.14,913.17,DEV-10493-A,+91 98765 10104,1261
10494,Suresh Kumar,27,4,False,1981.49,801.11,DEV-10494-A,,1017
10495,Lakshmi Patel,37,6,False,1606.67,747.64,DEV-10495-A,,1065
10496,Eleanor Gupta,42,8,False,1042.31,524.76,DEV-10496-A,,1578
10497,Rajesh Nair,48,6,False,742.6,248.91,DEV-10497-A,,2842
10498,Suresh Gupta,32,9,False,1155.29,232.83,DEV-10498-A,,2406
10499,Vikram Verma,80,2,True,2124.56,1185.5,DEV-10499-A,+91 98765 56871,410
10500,Meena Gupta,49,8,False,2349.19,1297.85,DEV-10500-A,,2883
10501,Devi Smith,44,6,False,915.07,463.37,DEV-10501-A,,2147
10502,Devi Johnson,85,3,True,4579.75,1422.38,DEV-10502-A,+91 98765 51525,905
10503,Rajesh Verma,30,7,False,1727.93,1020.92,DEV-10503-A,,3613
10504,Aarav Gupta,39,6,False,2627.08,1393.92,DEV-10504-A,,87
10505,Arthur Gupta,40,7,False,4077.31,1503.1,DEV-10505-A,,1028
10506,Devi Deshmukh,23,4,False,5269.46,2073.26,DEV-10506-A,,2694
10507,Martha Singhania,58,8,False,1979.48,914.56,DEV-10507-A,,418
10508,Vikram Sharma,39,7,False,351.2,106.67,DEV-10508-A,,2890
10509,Eleanor Smith,42,7,False,1984.21,895.11,DEV-10509-A,,241
10510,Sunita Patel,55,10,False,796.09,415.89,DEV-10510-A,,2991
10511,Suresh Rao,68,2,True,2274.92,591.7,DEV-10511-A,+91 98765 21242,1308
10512,Vikram Johnson,72,5,True,2182.22,597.7,DEV-10512-A,+91 98765 21050,1359
10513,Rajesh Patel,19,7,False,679.36,278.07,DEV-10513-A,,1054
10514,Lakshmi Singhania,78,3,True,918.83,281.85,DEV-10514-A,+91 98765 73095,2220
10515,Martha Verma,63,4,False,1025.56,545.26,DEV-10515-A,,2615
10516,Meena Kumar,77,3,True,1575.5,670.64,DEV-10516-A,+91 98765 11937,2020
10517,Rajesh Smith,50,7,False,1289.59,288.68,DEV-10517-A,,1898
10518,Meena Sharma,35,7,False,872.02,399.47,DEV-10518-A,,2549
10519,George Williams,82,2,True,4088.02,1713.02,DEV-10519-A,+91 98765 78747,1341
10520,Martha Gupta,47,10,False,7187.61,3456.09,DEV-10520-A,,557
10521,Arthur Kumar,23,6,False,2551.77,537.1,DEV-10521-A,,1890
10522,Sunita Singhania,51,6,False,1931.38,784.43,DEV-10522-A,,2660
10523,Aarav Verma,52,7,False,1564.08,444.38,DEV-10523-A,,3567
10524,Martha Joshi,73,3,True,379.46,211.26,DEV-10524-A,+91 98765 85784,2719
10525,Vikram Rao,74,2,True,2594.4,568.84,DEV-10525-A,+91 98765 19450,1554
10526,Anish Verma,57,8,False,1565.96,532.17,DEV-10526-A,,2924
10527,Vikram Sharma,44,9,False,1999.66,614.53,DEV-10527-A,,1685
10528,Sunita Sharma,86,4,True,2026.54,831.38,DEV-10528-A,+91 98765 34207,829
10529,Sunita Verma,71,1,True,4981.59,1218.72,DEV-10529-A,+91 98765 75824,1798
10530,Arthur Williams,68,3,True,1413.47,354.17,DEV-10530-A,+91 98765 53927,2878
10531,Aarav Williams,18,5,False,3647.43,947.56,DEV-10531-A,,1367
10532,Ramesh Verma,38,10,False,718.79,249.33,DEV-10532-A,,1210
10533,Meena Patel,49,9,False,1442.37,305.56,DEV-10533-A,,1214
10534,Ramesh Sharma,79,4,True,850.12,307.76,DEV-10534-A,+91 98765 62915,1704
10535,Suresh Sharma,37,9,False,2869.1,1090.19,DEV-10535-A,,452
10536,Arthur Patel,48,7,False,4332.49,2192.15,DEV-10536-A,,1078
10537,Arthur Taylor,38,7,False,7348.23,2823.97,DEV-10537-A,,2441
10538,Ramesh Sharma,21,6,False,3976.99,1256.08,DEV-10538-A,,420
10539,George Singhania,55,8,False,549.38,268.96,DEV-10539-A,,1053
10540,Vikram Joshi,32,5,False,1343.28,644.19,DEV-10540-A,,3061
10541,Ramesh Verma,79,3,True,3406.49,1154.33,DEV-10541-A,+91 98765 27784,3523
10542,Ramesh Gupta,61,7,False,3911.26,1428.22,DEV-10542-A,,183
10543,Sunita Nair,84,3,True,3496.32,1901.49,DEV-10543-A,+91 98765 40422,3589
10544,Ramesh Verma,54,7,False,1340.98,520.63,DEV-10544-A,,2753
10545,Priya Sharma,35,5,False,418.37,206.01,DEV-10545-A,,1555
10546,George Verma,31,7,False,2085.04,814.26,DEV-10546-A,,2712
10547,Aarav Patel,87,2,True,1265.36,498.75,DEV-10547-A,+91 98765 96934,3057
10548,Sunita Joshi,85,1,True,1363.05,627.15,DEV-10548-A,+91 98765 19899,496
10549,Vikram Gupta,86,2,True,995.38,417.54,DEV-10549-A,+91 98765 80016,1286
10550,Vikram Rao,39,8,False,1625.04,426.19,DEV-10550-A,,2388
10551,Meena Rao,43,7,False,486.02,240.35,DEV-10551-A,,963
10552,Priya Nair,75,4,True,1882.35,967.58,DEV-10552-A,+91 98765 33794,2147
10553,George Patel,28,8,False,716.12,422.45,DEV-10553-A,,3292
10554,Vikram Verma,42,8,False,1363.98,381.7,DEV-10554-A,,1026
10555,Anish Nair,64,10,False,1097.18,281.95,DEV-10555-A,,3439
10556,Martha Williams,70,3,True,762.5,246.53,DEV-10556-A,+91 98765 47133,1395
10557,Ramesh Rao,69,3,True,1717.97,629.2,DEV-10557-A,+91 98765 49882,790
10558,George Gupta,48,9,False,2029.42,755.38,DEV-10558-A,,3194
10559,Kavita Johnson,46,7,False,1692.61,873.58,DEV-10559-A,,1843
10560,Martha Kumar,47,4,False,2142.73,1100.61,DEV-10560-A,,50
10561,Priya Gupta,73,4,True,1985.3,489.09,DEV-10561-A,+91 98765 86500,2127
10562,Martha Singhania,72,1,True,2352.03,594.88,DEV-10562-A,+91 98765 35339,1126
10563,Priya Taylor,37,8,False,2615.39,1197.99,DEV-10563-A,,253
10564,Eleanor Rao,23,7,False,2104.67,931.95,DEV-10564-A,,1821
10565,Devi Williams,73,3,True,890.54,189.61,DEV-10565-A,+91 98765 97820,1969
10566,Lakshmi Gupta,24,6,False,2657.77,1003.05,DEV-10566-A,,2741
10567,Eleanor Verma,34,6,False,1613.62,809.97,DEV-10567-A,,2577
10568,Suresh Joshi,23,8,False,3917.8,1436.4,DEV-10568-A,,980
10569,Eleanor Singhania,79,2,True,962.74,245.35,DEV-10569-A,+91 98765 22073,1400
10570,Priya Singhania,42,8,False,4100.12,845.96,DEV-10570-A,,1685
10571,Eleanor Joshi,86,1,True,1821.81,649.49,DEV-10571-A,+91 98765 53583,2334
10572,Rajesh Gupta,57,9,False,908.83,470.98,DEV-10572-A,,2028
10573,George Verma,31,8,False,1661.83,498.42,DEV-10573-A,,1544
10574,Lakshmi Joshi,40,7,False,1525.63,531.49,DEV-10574-A,,2649
10575,Sunita Johnson,24,7,False,4255.19,1142.38,DEV-10575-A,,1736
10576,Martha Gupta,79,2,True,996.68,556.0,DEV-10576-A,+91 98765 23792,1121
10577,Suresh Kumar,29,7,False,2245.31,727.28,DEV-10577-A,,1543
10578,Lakshmi Rao,20,7,False,3729.62,794.45,DEV-10578-A,,1686
10579,Eleanor Verma,53,6,False,1014.64,268.21,DEV-10579-A,,1211
10580,Devi Kumar,70,3,True,917.09,310.34,DEV-10580-A,+91 98765 45493,3162
10581,George Singhania,19,10,False,635.44,190.04,DEV-10581-A,,2977
10582,Arthur Williams,70,5,True,1034.4,446.45,DEV-10582-A,+91 98765 40582,1414
10583,Vikram Smith,80,1,True,2119.6,1121.35,DEV-10583-A,+91 98765 86095,2892
10584,Martha Verma,72,3,True,14410.37,6749.08,DEV-10584-A,+91 98765 93072,3637
10585,Arthur Taylor,90,5,True,2369.67,803.05,DEV-10585-A,+91 98765 42747,661
10586,Kavita Rao,37,7,False,1674.37,525.58,DEV-10586-A,,3623
10587,George Deshmukh,29,4,False,320.85,162.38,DEV-10587-A,,2456
10588,Ramesh Gupta,50,5,False,1524.32,824.64,DEV-10588-A,,452
10589,Arthur Deshmukh,23,7,False,2436.21,668.48,DEV-10589-A,,365
10590,Priya Williams,40,8,False,378.69,95.35,DEV-10590-A,,1904
10591,Martha Rao,62,7,False,4575.21,1458.4,DEV-10591-A,,3081
10592,Lakshmi Nair,25,6,False,11190.04,2694.54,DEV-10592-A,,1141
10593,Vikram Williams,31,7,False,5336.44,3122.53,DEV-10593-A,,1203
10594,Martha Smith,91,2,True,3410.67,997.44,DEV-10594-A,+91 98765 53060,2078
10595,Martha Rao,34,8,False,4776.11,1278.02,DEV-10595-A,,2769
10596,Aarav Singhania,29,8,False,1792.7,1007.13,DEV-10596-A,,3244
10597,Meena Singhania,28,8,False,492.61,192.6,DEV-10597-A,,3023
10598,Ramesh Gupta,25,8,False,1629.63,946.13,DEV-10598-A,,2346
10599,Suresh Johnson,54,5,False,2936.86,1458.98,DEV-10599-A,,2646
10600,Lakshmi Johnson,21,9,False,1374.34,814.99,DEV-10600-A,,2522
10601,Rajesh Singhania,61,6,False,3681.31,1502.46,DEV-10601-A,,423
10602,Eleanor Joshi,67,2,True,1799.61,893.23,DEV-10602-A,+91 98765 39439,2789
10603,Rajesh Patel,32,7,False,860.6,197.8,DEV-10603-A,,1642
10604,Vikram Taylor,58,5,False,3319.01,1944.32,DEV-10604-A,,1921
10605,Rajesh Sharma,75,3,True,1242.25,423.89,DEV-10605-A,+91 98765 42092,124
10606,Suresh Kumar,69,2,True,2440.7,1134.28,DEV-10606-A,+91 98765 37291,1971
10607,Ramesh Singhania,79,2,True,1495.35,315.38,DEV-10607-A,+91 98765 17724,1961
10608,Priya Kumar,25,6,False,1385.95,638.16,DEV-10608-A,,3430
10609,Aarav Patel,91,3,True,2522.56,1281.44,DEV-10609-A,+91 98765 45896,2226
10610,Martha Joshi,86,2,True,3881.02,905.93,DEV-10610-A,+91 98765 73173,2298
10611,Aarav Smith,49,8,False,1642.37,836.37,DEV-10611-A,,603
10612,George Taylor,44,7,False,1257.32,589.96,DEV-10612-A,,1156
10613,Vikram Patel,76,4,True,1152.32,321.85,DEV-10613-A,+91 98765 27277,531
10614,Kavita Singhania,53,4,False,1126.95,504.13,DEV-10614-A,,3240
10615,Vikram Johnson,50,9,False,753.86,235.19,DEV-10615-A,,3176
10616,Kavita Kumar,59,9,False,1206.82,632.01,DEV-10616-A,,3197
10617,Devi Singhania,39,6,False,7321.82,3861.59,DEV-10617-A,,783
10618,Arthur Williams,37,7,False,3112.05,1062.21,DEV-10618-A,,1168
10619,Ramesh Taylor,45,6,False,1308.83,297.62,DEV-10619-A,,2398
10620,Priya Singhania,38,4,False,1084.66,222.97,DEV-10620-A,,3480
10621,Kavita Nair,55,6,False,1251.29,310.69,DEV-10621-A,,3104
10622,George Rao,51,7,False,1304.99,496.79,DEV-10622-A,,3372
10623,Vikram Johnson,28,4,False,1050.33,571.63,DEV-10623-A,,475
10624,Devi Verma,73,3,True,2164.26,930.98,DEV-10624-A,+91 98765 86687,3554
10625,Kavita Sharma,87,4,True,331.21,116.46,DEV-10625-A,+91 98765 38210,1649
10626,Anish Smith,53,6,False,3243.37,904.96,DEV-10626-A,,3497
10627,Rajesh Williams,63,7,False,1123.02,225.25,DEV-10627-A,,479
10628,Priya Williams,53,8,False,1699.57,829.58,DEV-10628-A,,1724
10629,George Taylor,26,8,False,1546.67,758.08,DEV-10629-A,,1226
10630,Devi Patel,56,4,False,4744.95,2059.69,DEV-10630-A,,2571
10631,Martha Deshmukh,71,3,True,519.6,108.64,DEV-10631-A,+91 98765 98111,134
10632,Martha Williams,53,5,False,1069.18,635.32,DEV-10632-A,,2285
10633,Lakshmi Rao,45,5,False,269.33,66.38,DEV-10633-A,,1376
10634,Lakshmi Johnson,43,6,False,351.61,190.8,DEV-10634-A,,484
10635,Sunita Patel,30,6,False,1963.84,641.62,DEV-10635-A,,1625
10636,Meena Verma,48,7,False,965.23,312.86,DEV-10636-A,,1463
10637,Aarav Patel,91,1,True,3110.58,749.87,DEV-10637-A,+91 98765 62606,3208
10638,Lakshmi Johnson,20,7,False,1107.88,600.47,DEV-10638-A,,2494
10639,Anish Taylor,28,4,False,726.04,332.39,DEV-10639-A,,2426
10640,Sunita Kumar,29,9,False,2901.43,1405.4,DEV-10640-A,,3119
10641,Rajesh Rao,19,7,False,794.9,259.0,DEV-10641-A,,957
10642,Lakshmi Gupta,80,2,True,3222.97,688.25,DEV-10642-A,+91 98765 45638,912
10643,Suresh Williams,36,9,False,3264.81,1264.16,DEV-10643-A,,1747
10644,Suresh Williams,56,6,False,893.78,433.62,DEV-10644-A,,3307
10645,Vikram Williams,41,5,False,1166.87,511.01,DEV-10645-A,,1150
10646,Meena Gupta,74,2,True,1694.96,907.39,DEV-10646-A,+91 98765 15975,3411
10647,Anish Patel,22,4,False,1539.46,884.46,DEV-10647-A,,3013
10648,Sunita Patel,68,5,True,3276.66,1353.56,DEV-10648-A,+91 98765 66906,2051
10649,Vikram Sharma,27,7,False,8042.41,3649.03,DEV-10649-A,,332
10650,Anish Smith,20,7,False,768.3,294.85,DEV-10650-A,,403
10651,Meena Singhania,32,8,False,632.47,141.41,DEV-10651-A,,72
10652,Kavita Johnson,46,4,False,2178.76,1150.86,DEV-10652-A,,2710
10653,Rajesh Kumar,21,8,False,3091.29,1170.06,DEV-10653-A,,132
10654,Sunita Joshi,85,3,True,2101.29,817.48,DEV-10654-A,+91 98765 50835,2717
10655,Priya Sharma,47,6,False,1885.42,1062.24,DEV-10655-A,,646
10656,Martha Joshi,61,8,False,2098.16,1253.56,DEV-10656-A,,1738
10657,Meena Singhania,28,8,False,6163.64,2369.3,DEV-10657-A,,2259
10658,Sunita Taylor,89,4,True,3472.13,1225.91,DEV-10658-A,+91 98765 19483,3618
10659,Sunita Rao,61,5,False,2134.22,811.33,DEV-10659-A,,1225
10660,Ramesh Patel,31,10,False,1813.05,389.19,DEV-10660-A,,3493
10661,Vikram Gupta,70,3,True,1312.33,563.5,DEV-10661-A,+91 98765 75790,3072
10662,Arthur Gupta,70,2,True,5907.41,1338.32,DEV-10662-A,+91 98765 82550,1099
10663,Ramesh Sharma,63,4,False,2018.14,593.23,DEV-10663-A,,888
10664,Arthur Rao,25,6,False,418.02,163.46,DEV-10664-A,,335
10665,Martha Sharma,55,8,False,1517.59,604.53,DEV-10665-A,,2878
10666,Suresh Johnson,45,7,False,1169.04,515.72,DEV-10666-A,,2779
10667,Meena Deshmukh,55,7,False,2536.72,1387.49,DEV-10667-A,,3459
10668,Meena Rao,21,5,False,716.93,331.81,DEV-10668-A,,2256
10669,George Sharma,46,6,False,5185.67,1496.81,DEV-10669-A,,357
10670,Arthur Kumar,36,6,False,1187.1,340.38,DEV-10670-A,,1998
10671,Meena Joshi,19,6,False,6305.84,1318.35,DEV-10671-A,,2904
10672,Rajesh Kumar,41,7,False,3759.09,2235.53,DEV-10672-A,,2059
10673,Meena Rao,52,9,False,768.74,457.19,DEV-10673-A,,3621
10674,Ramesh Kumar,76,2,True,1971.91,681.79,DEV-10674-A,+91 98765 22813,2417
10675,Kavita Joshi,23,5,False,906.63,322.24,DEV-10675-A,,3376
10676,Aarav Verma,77,2,True,932.96,284.04,DEV-10676-A,+91 98765 49774,1930
10677,Aarav Verma,37,5,False,1029.65,594.14,DEV-10677-A,,2163
10678,Rajesh Gupta,45,7,False,807.52,221.08,DEV-10678-A,,406
10679,Meena Verma,31,6,False,1335.42,652.28,DEV-10679-A,,3472
10680,Devi Joshi,72,5,True,884.92,314.66,DEV-10680-A,+91 98765 92837,1255
10681,Arthur Verma,28,9,False,335.7,72.64,DEV-10681-A,,2014
10682,Rajesh Kumar,60,8,False,2530.55,610.14,DEV-10682-A,,2518
10683,Vikram Singhania,18,8,False,2676.09,1088.65,DEV-10683-A,,1981
10684,Eleanor Deshmukh,52,8,False,1226.38,652.32,DEV-10684-A,,1588
10685,Kavita Joshi,43,9,False,915.4,192.66,DEV-10685-A,,1785
10686,Vikram Johnson,79,1,True,417.56,195.26,DEV-10686-A,+91 98765 19404,1008
10687,Rajesh Sharma,59,7,False,2342.75,994.62,DEV-10687-A,,2639
10688,Suresh Gupta,53,8,False,1776.93,529.35,DEV-10688-A,,2547
10689,Meena Williams,24,6,False,3045.37,1778.72,DEV-10689-A,,1582
10690,Meena Kumar,72,3,True,938.52,431.01,DEV-10690-A,+91 98765 85706,1202
10691,Priya Rao,73,3,True,1589.94,458.52,DEV-10691-A,+91 98765 94071,651
10692,Meena Nair,79,6,True,11227.0,3924.98,DEV-10692-A,+91 98765 47219,3622
10693,Sunita Patel,24,6,False,403.22,157.9,DEV-10693-A,,2938
10694,Lakshmi Patel,68,2,True,451.99,254.22,DEV-10694-A,+91 98765 53976,922
10695,Arthur Sharma,69,3,True,4256.46,1324.94,DEV-10695-A,+91 98765 63865,2474
10696,Martha Williams,60,5,False,3943.13,1191.35,DEV-10696-A,,789
10697,George Patel,43,5,False,3825.88,1615.54,DEV-10697-A,,1695
10698,Anish Joshi,82,2,True,1719.23,381.7,DEV-10698-A,+91 98765 55140,1410
10699,Priya Nair,39,8,False,1231.5,609.66,DEV-10699-A,,748
10700,Suresh Taylor,81,1,True,8907.72,2745.6,DEV-10700-A,+91 98765 50879,337
10701,Aarav Verma,55,5,False,6420.99,3689.75,DEV-10701-A,,2622
10702,Eleanor Gupta,59,8,False,4315.15,1409.39,DEV-10702-A,,2022
10703,Rajesh Taylor,67,4,True,587.59,212.09,DEV-10703-A,+91 98765 71150,2421
10704,Anish Smith,27,4,False,970.57,237.68,DEV-10704-A,,2183
10705,Eleanor Singhania,75,1,True,1779.28,715.25,DEV-10705-A,+91 98765 61174,2506
10706,Kavita Smith,69,3,True,1356.29,531.2,DEV-10706-A,+91 98765 84738,2478
10707,Lakshmi Sharma,82,2,True,2070.88,736.14,DEV-10707-A,+91 98765 14014,1542
10708,Meena Johnson,58,6,False,1663.13,902.22,DEV-10708-A,,2605
10709,Arthur Singhania,31,6,False,1183.49,675.42,DEV-10709-A,,1879
10710,Eleanor Williams,69,6,True,3383.38,1194.36,DEV-10710-A,+91 98765 62676,882
10711,Eleanor Nair,38,5,False,6575.98,3066.91,DEV-10711-A,,3217
10712,Kavita Verma,30,8,False,559.71,331.33,DEV-10712-A,,3518
10713,Priya Deshmukh,89,2,True,1463.32,638.21,DEV-10713-A,+91 98765 93643,2997
10714,Rajesh Deshmukh,45,7,False,6467.26,2614.29,DEV-10714-A,,669
10715,George Singhania,59,8,False,962.72,380.67,DEV-10715-A,,575
10716,Eleanor Singhania,75,2,True,978.34,567.53,DEV-10716-A,+91 98765 58097,136
10717,Anish Singhania,53,7,False,2617.53,1493.49,DEV-10717-A,,3609
10718,Aarav Deshmukh,38,8,False,4778.43,2063.46,DEV-10718-A,,122
10719,Sunita Patel,84,3,True,719.77,158.28,DEV-10719-A,+91 98765 48543,3548
10720,Anish Patel,27,9,False,1480.83,730.42,DEV-10720-A,,3465
10721,Lakshmi Sharma,89,3,True,1233.09,324.94,DEV-10721-A,+91 98765 59554,2115
10722,Martha Joshi,20,6,False,940.08,345.96,DEV-10722-A,,767
10723,Anish Sharma,27,8,False,1775.53,886.48,DEV-10723-A,,3255
10724,Devi Kumar,77,2,True,4868.49,2354.33,DEV-10724-A,+91 98765 23448,3621
10725,Aarav Sharma,69,3,True,1377.72,527.8,DEV-10725-A,+91 98765 93646,3358
10726,Martha Singhania,19,9,False,4421.26,1860.05,DEV-10726-A,,2247
10727,Sunita Williams,31,3,True,1270.2,749.26,DEV-10727-A,+91 98765 45644,3324
10728,Meena Deshmukh,75,2,True,2821.02,937.75,DEV-10728-A,+91 98765 27770,2226
10729,Ramesh Sharma,42,6,False,1796.75,785.55,DEV-10729-A,,1962
10730,Martha Verma,41,7,False,1844.99,606.21,DEV-10730-A,,817
10731,Meena Patel,70,5,True,1816.08,870.96,DEV-10731-A,+91 98765 56029,3594
10732,Priya Verma,78,4,True,1921.41,906.74,DEV-10732-A,+91 98765 40063,615
10733,Ramesh Verma,47,7,False,751.35,282.83,DEV-10733-A,,746
10734,Ramesh Gupta,71,1,True,935.07,220.57,DEV-10734-A,+91 98765 11726,2225
10735,Anish Deshmukh,21,4,False,970.1,409.51,DEV-10735-A,,1368
10736,Ramesh Smith,65,7,False,1139.17,620.61,DEV-10736-A,,818
10737,Eleanor Johnson,47,4,False,18987.62,6758.02,DEV-10737-A,,2450
10738,Kavita Sharma,25,7,False,1558.0,805.53,DEV-10738-A,,35
10739,Anish Patel,35,9,False,3882.5,850.47,DEV-10739-A,,189
10740,Anish Deshmukh,54,7,False,1687.2,721.95,DEV-10740-A,,2509
10741,Meena Rao,25,10,False,1578.43,419.51,DEV-10741-A,,1557
10742,Meena Taylor,69,4,True,1068.25,576.91,DEV-10742-A,+91 98765 25133,1038
10743,Eleanor Williams,32,6,False,2555.52,1081.21,DEV-10743-A,,151
10744,Arthur Rao,80,4,True,643.35,174.48,DEV-10744-A,+91 98765 51770,3223
10745,Devi Verma,75,3,True,6408.65,1579.26,DEV-10745-A,+91 98765 31591,3168
10746,Ramesh Joshi,90,1,True,1100.4,658.29,DEV-10746-A,+91 98765 11003,3272
10747,Martha Gupta,79,1,True,675.31,160.97,DEV-10747-A,+91 98765 25421,2649
10748,Eleanor Deshmukh,85,2,True,3597.35,1803.45,DEV-10748-A,+91 98765 82944,197
10749,Devi Smith,70,4,True,618.41,186.77,DEV-10749-A,+91 98765 41491,149
10750,Ramesh Smith,72,4,True,867.46,286.61,DEV-10750-A,+91 98765 12253,3517
10751,Rajesh Sharma,20,8,False,923.83,273.42,DEV-10751-A,,1259
10752,Meena Johnson,58,10,False,990.99,393.6,DEV-10752-A,,1208
10753,Arthur Rao,37,6,False,867.46,393.79,DEV-10753-A,,1264
10754,Rajesh Johnson,68,4,True,841.92,228.76,DEV-10754-A,+91 98765 53636,3600
10755,Ramesh Kumar,32,4,False,2246.5,1043.81,DEV-10755-A,,3151
10756,Meena Williams,87,3,True,730.52,415.9,DEV-10756-A,+91 98765 44424,1209
10757,Suresh Smith,29,6,False,1403.69,641.23,DEV-10757-A,,1709
10758,Devi Gupta,61,8,False,9062.5,4517.7,DEV-10758-A,,3031
10759,Ramesh Smith,20,8,False,3007.2,727.44,DEV-10759-A,,179
10760,Priya Patel,74,5,True,3154.34,1864.93,DEV-10760-A,+91 98765 94090,2118
10761,Lakshmi Sharma,30,9,False,1849.76,690.82,DEV-10761-A,,1609
10762,Lakshmi Kumar,21,7,False,876.72,275.29,DEV-10762-A,,1440
10763,Suresh Smith,26,5,False,1129.48,236.71,DEV-10763-A,,2661
10764,Aarav Williams,27,8,False,3412.58,1452.72,DEV-10764-A,,961
10765,Devi Smith,31,7,False,4191.68,1128.75,DEV-10765-A,,2426
10766,Meena Williams,45,6,False,693.78,276.59,DEV-10766-A,,627
10767,Meena Rao,41,8,False,2099.89,712.41,DEV-10767-A,,3404
10768,Devi Gupta,40,7,False,7034.63,2613.62,DEV-10768-A,,1011
10769,George Johnson,74,3,True,3753.93,1028.73,DEV-10769-A,+91 98765 85459,86
10770,Arthur Joshi,48,3,True,2091.08,637.72,DEV-10770-A,+91 98765 53507,2293
10771,Arthur Nair,48,5,False,1465.48,822.68,DEV-10771-A,,2049
10772,Eleanor Johnson,81,2,True,5686.01,1979.51,DEV-10772-A,+91 98765 84994,1283
10773,Aarav Smith,66,5,True,6591.86,1645.62,DEV-10773-A,+91 98765 46471,794
10774,Aarav Joshi,57,7,False,330.24,156.67,DEV-10774-A,,1746
10775,Martha Johnson,23,8,False,1266.74,689.19,DEV-10775-A,,2641
10776,Sunita Taylor,90,3,True,800.1,184.71,DEV-10776-A,+91 98765 49064,1501
10777,Ramesh Smith,28,9,False,5757.81,1609.07,DEV-10777-A,,2519
10778,Martha Sharma,91,4,True,1459.49,845.5,DEV-10778-A,+91 98765 59448,303
10779,Sunita Singhania,87,2,True,3556.91,883.05,DEV-10779-A,+91 98765 53458,1751
10780,Devi Rao,54,9,False,1263.95,629.44,DEV-10780-A,,986
10781,Devi Kumar,35,6,False,1999.34,926.31,DEV-10781-A,,1149
10782,Eleanor Deshmukh,61,8,False,707.61,313.32,DEV-10782-A,,207
10783,Rajesh Singhania,48,8,False,1502.85,532.8,DEV-10783-A,,1333
10784,Ramesh Deshmukh,45,9,False,4856.36,1015.76,DEV-10784-A,,1727
10785,Rajesh Rao,47,9,False,553.88,233.89,DEV-10785-A,,1743
10786,Rajesh Gupta,60,5,False,3390.66,1012.4,DEV-10786-A,,2437
10787,Sunita Verma,41,8,False,747.19,329.62,DEV-10787-A,,1495
10788,Lakshmi Williams,31,7,False,4061.13,1018.62,DEV-10788-A,,113
10789,Anish Rao,31,4,False,2702.3,1460.56,DEV-10789-A,,1991
10790,George Johnson,49,8,False,2358.25,747.97,DEV-10790-A,,2544
10791,Priya Williams,26,8,False,1734.9,786.58,DEV-10791-A,,2540
10792,George Gupta,59,7,False,1948.17,736.91,DEV-10792-A,,1133
10793,Kavita Deshmukh,23,8,False,1170.16,541.21,DEV-10793-A,,3199
10794,Suresh Joshi,91,3,True,709.92,371.9,DEV-10794-A,+91 98765 33638,1353
10795,Aarav Smith,31,7,False,719.67,254.4,DEV-10795-A,,1185
10796,Priya Rao,90,4,True,1621.87,900.44,DEV-10796-A,+91 98765 28459,1056
10797,Priya Rao,28,6,False,3907.52,929.58,DEV-10797-A,,1264
10798,Aarav Kumar,80,2,True,638.34,210.39,DEV-10798-A,+91 98765 14182,1151
10799,Rajesh Deshmukh,30,4,False,454.27,165.13,DEV-10799-A,,2935
10800,Ramesh Gupta,84,3,True,1728.35,469.03,DEV-10800-A,+91 98765 24497,2979
10801,Arthur Nair,66,4,True,1978.65,945.35,DEV-10801-A,+91 98765 42322,3606
10802,George Johnson,30,7,False,782.71,364.83,DEV-10802-A,,472
10803,Arthur Smith,28,9,False,2266.74,1113.03,DEV-10803-A,,1414
10804,Arthur Deshmukh,61,7,False,2062.45,580.65,DEV-10804-A,,1184
10805,Aarav Singhania,20,8,False,722.12,344.18,DEV-10805-A,,743
10806,Suresh Johnson,59,6,False,17957.85,6607.92,DEV-10806-A,,3343
10807,George Sharma,84,1,True,1680.06,610.35,DEV-10807-A,+91 98765 31253,1166
10808,Priya Nair,91,4,True,2312.52,803.44,DEV-10808-A,+91 98765 69267,281
10809,Lakshmi Kumar,33,8,False,2904.78,1219.89,DEV-10809-A,,902
10810,Lakshmi Williams,82,3,True,2722.25,786.91,DEV-10810-A,+91 98765 28926,2571
10811,Arthur Williams,51,9,False,3779.67,1079.37,DEV-10811-A,,2486
10812,Kavita Nair,56,8,False,1272.9,618.5,DEV-10812-A,,772
10813,Lakshmi Joshi,76,3,True,4194.67,1140.48,DEV-10813-A,+91 98765 20822,1349
10814,Ramesh Smith,23,5,False,1891.2,806.93,DEV-10814-A,,1614
10815,Lakshmi Sharma,67,4,True,1926.5,505.18,DEV-10815-A,+91 98765 46639,112
10816,Ramesh Johnson,49,7,False,3099.49,998.96,DEV-10816-A,,1812
10817,George Verma,36,8,False,3502.97,1934.47,DEV-10817-A,,3641
10818,Rajesh Deshmukh,25,10,False,1451.93,811.39,DEV-10818-A,,676
10819,Meena Deshmukh,42,8,False,1470.56,322.07,DEV-10819-A,,1240
10820,Priya Johnson,48,5,False,1622.77,580.92,DEV-10820-A,,598
10821,Ramesh Sharma,66,1,True,810.0,415.33,DEV-10821-A,+91 98765 49588,386
10822,Martha Deshmukh,90,4,True,2547.92,1467.09,DEV-10822-A,+91 98765 80985,3180
10823,Priya Patel,73,5,True,4227.02,2367.27,DEV-10823-A,+91 98765 57078,2833
10824,Lakshmi Johnson,63,6,False,3138.21,1773.28,DEV-10824-A,,751
10825,George Singhania,46,8,False,1238.08,424.11,DEV-10825-A,,2504
10826,Vikram Deshmukh,29,7,False,941.2,514.35,DEV-10826-A,,3546
10827,Aarav Singhania,46,9,False,2650.59,908.38,DEV-10827-A,,936
10828,Ramesh Joshi,60,9,False,609.19,174.86,DEV-10828-A,,1483
10829,Sunita Rao,89,3,True,943.6,296.78,DEV-10829-A,+91 98765 25874,3466
10830,Lakshmi Johnson,56,4,False,1071.09,321.34,DEV-10830-A,,672
10831,Sunita Gupta,29,6,False,3133.31,1596.14,DEV-10831-A,,2207
10832,Eleanor Sharma,49,7,False,3662.18,1002.46,DEV-10832-A,,787
10833,Ramesh Sharma,64,6,False,4005.08,1692.7,DEV-10833-A,,1742
10834,Meena Williams,36,7,False,996.34,498.74,DEV-10834-A,,2426
10835,Sunita Patel,47,4,False,682.02,261.6,DEV-10835-A,,2391
10836,Lakshmi Williams,38,6,False,2055.85,1075.12,DEV-10836-A,,1027
10837,Vikram Nair,29,6,False,9681.32,4931.64,DEV-10837-A,,2565
10838,Lakshmi Deshmukh,76,4,True,783.08,216.1,DEV-10838-A,+91 98765 89193,2025
10839,Rajesh Johnson,26,6,False,1369.65,531.58,DEV-10839-A,,283
10840,Aarav Sharma,84,3,True,468.2,170.7,DEV-10840-A,+91 98765 94689,118
10841,Priya Taylor,39,9,False,9016.94,3099.54,DEV-10841-A,,2412
10842,Arthur Singhania,78,4,True,4962.9,1826.07,DEV-10842-A,+91 98765 23035,1573
10843,Ramesh Verma,58,7,False,1396.78,581.48,DEV-10843-A,,3477
10844,Arthur Singhania,88,2,True,2479.61,969.58,DEV-10844-A,+91 98765 98737,1180
10845,Suresh Patel,21,7,False,6971.85,2425.24,DEV-10845-A,,2135
10846,Eleanor Nair,89,4,True,891.29,515.3,DEV-10846-A,+91 98765 88604,1296
10847,Aarav Taylor,54,8,False,1183.64,653.33,DEV-10847-A,,1871
10848,Ramesh Rao,64,6,False,1115.1,501.47,DEV-10848-A,,31
10849,Kavita Kumar,49,6,False,2345.15,596.53,DEV-10849-A,,3223
10850,Eleanor Taylor,41,8,False,584.85,202.95,DEV-10850-A,,3322
10851,Vikram Verma,63,6,False,2856.87,1622.5,DEV-10851-A,,3072
10852,Lakshmi Patel,72,4,True,2179.05,667.55,DEV-10852-A,+91 98765 60471,2696
10853,Devi Deshmukh,45,7,False,915.96,368.73,DEV-10853-A,,3232
10854,Rajesh Gupta,57,5,False,1386.06,697.9,DEV-10854-A,,1387
10855,George Gupta,61,7,False,1644.35,448.87,DEV-10855-A,,1836
10856,Kavita Joshi,63,8,False,2272.27,498.25,DEV-10856-A,,1033
10857,Devi Sharma,84,4,True,1752.72,728.12,DEV-10857-A,+91 98765 25501,2548
10858,Kavita Kumar,33,6,False,7191.93,4234.66,DEV-10858-A,,1474
10859,Vikram Williams,29,10,False,723.53,427.64,DEV-10859-A,,2546
10860,Meena Patel,37,6,False,285.35,85.91,DEV-10860-A,,2774
10861,Devi Deshmukh,75,3,True,1174.58,485.77,DEV-10861-A,+91 98765 66086,1753
10862,Martha Nair,33,9,False,1767.99,668.61,DEV-10862-A,,269
10863,Eleanor Verma,25,8,False,1538.46,687.47,DEV-10863-A,,2728
10864,Suresh Williams,46,5,False,11155.45,6272.98,DEV-10864-A,,3141
10865,Martha Patel,47,7,False,895.92,402.44,DEV-10865-A,,542
10866,Aarav Kumar,70,3,True,3236.13,1102.97,DEV-10866-A,+91 98765 85431,685
10867,Rajesh Joshi,49,4,False,1776.38,616.75,DEV-10867-A,,2898
10868,Arthur Deshmukh,20,6,False,737.07,254.94,DEV-10868-A,,2272
10869,Sunita Singhania,36,8,False,940.4,298.88,DEV-10869-A,,2742
10870,Rajesh Kumar,65,9,False,1196.95,319.46,DEV-10870-A,,2984
10871,Sunita Verma,28,8,False,2212.02,568.92,DEV-10871-A,,570
10872,Lakshmi Patel,22,7,False,1694.75,883.25,DEV-10872-A,,2795
10873,Meena Singhania,40,7,False,2862.18,655.15,DEV-10873-A,,1989
10874,Devi Sharma,64,10,False,4837.3,2890.97,DEV-10874-A,,1612
10875,Suresh Williams,27,6,False,9339.94,2883.77,DEV-10875-A,,1781
10876,Vikram Nair,63,8,False,2522.33,1391.19,DEV-10876-A,,1037
10877,Ramesh Verma,54,8,False,362.17,124.48,DEV-10877-A,,842
10878,Suresh Patel,35,10,False,3045.28,1328.44,DEV-10878-A,,2238
10879,Eleanor Johnson,87,2,True,565.15,263.96,DEV-10879-A,+91 98765 30357,323
10880,Ramesh Singhania,56,8,False,1220.9,667.22,DEV-10880-A,,3383
10881,Kavita Williams,36,7,False,1594.21,431.44,DEV-10881-A,,2129
10882,Eleanor Singhania,33,7,False,509.29,166.97,DEV-10882-A,,933
10883,Suresh Patel,54,9,False,1185.42,687.92,DEV-10883-A,,370
10884,Kavita Joshi,44,7,False,1001.51,458.74,DEV-10884-A,,653
10885,Kavita Rao,51,8,False,986.0,249.06,DEV-10885-A,,118
10886,Sunita Sharma,32,5,False,2921.6,1377.55,DEV-10886-A,,3087
10887,Lakshmi Deshmukh,89,3,True,2331.36,951.66,DEV-10887-A,+91 98765 54125,3195
10888,Lakshmi Johnson,45,6,False,809.0,276.16,DEV-10888-A,,3111
10889,Ramesh Joshi,36,6,False,3681.09,1938.81,DEV-10889-A,,1026
10890,Rajesh Rao,91,2,True,3968.65,1922.81,DEV-10890-A,+91 98765 28769,1093
10891,Martha Nair,52,6,False,2517.4,1146.06,DEV-10891-A,,2485
10892,George Singhania,71,3,True,1224.05,478.14,DEV-10892-A,+91 98765 90295,884
10893,Ramesh Deshmukh,38,6,False,1172.16,615.6,DEV-10893-A,,3122
10894,Anish Patel,83,3,True,518.59,267.84,DEV-10894-A,+91 98765 74341,2729
10895,Vikram Kumar,22,6,False,2464.84,1450.76,DEV-10895-A,,2827
10896,Suresh Singhania,82,1,True,1743.82,767.53,DEV-10896-A,+91 98765 54891,2365
10897,Rajesh Nair,33,8,False,4855.83,2081.41,DEV-10897-A,,891
10898,Ramesh Sharma,76,1,True,1811.07,811.87,DEV-10898-A,+91 98765 22353,432
10899,Anish Williams,88,5,True,5105.82,2930.23,DEV-10899-A,+91 98765 13975,3366
10900,George Kumar,51,5,False,2103.48,802.12,DEV-10900-A,,1476
10901,Priya Taylor,29,6,False,1073.88,352.25,DEV-10901-A,,1782
10902,George Gupta,26,6,False,3000.83,1100.19,DEV-10902-A,,783
10903,Martha Deshmukh,19,7,False,2276.26,829.79,DEV-10903-A,,3576
10904,Lakshmi Joshi,27,7,False,893.62,474.76,DEV-10904-A,,1540
10905,Rajesh Kumar,82,2,True,707.31,170.0,DEV-10905-A,+91 98765 28939,2028
10906,Priya Gupta,71,3,True,435.22,248.75,DEV-10906-A,+91 98765 51408,1444
10907,Lakshmi Kumar,69,3,True,5731.4,2797.69,DEV-10907-A,+91 98765 42624,2032
10908,Eleanor Williams,28,8,False,2602.49,1447.86,DEV-10908-A,,1636
10909,Arthur Kumar,40,6,False,1241.68,710.28,DEV-10909-A,,1610
10910,Suresh Singhania,29,7,False,1504.88,765.31,DEV-10910-A,,1095
10911,Devi Smith,81,3,True,5205.13,3110.34,DEV-10911-A,+91 98765 48470,2441
10912,Martha Verma,22,7,False,4209.01,1608.05,DEV-10912-A,,704
10913,Anish Joshi,26,7,False,634.84,164.38,DEV-10913-A,,3315
10914,Kavita Taylor,26,7,False,1983.54,1008.44,DEV-10914-A,,1535
10915,Meena Sharma,76,1,True,4706.75,1235.78,DEV-10915-A,+91 98765 50216,1696
10916,Ramesh Nair,33,8,False,3571.89,1365.6,DEV-10916-A,,53
10917,Martha Johnson,19,8,False,858.76,347.76,DEV-10917-A,,560
10918,Martha Nair,46,8,False,504.99,296.2,DEV-10918-A,,1599
10919,Arthur Joshi,82,3,True,1213.87,402.75,DEV-10919-A,+91 98765 24399,615
10920,Sunita Joshi,50,5,False,2588.89,1327.14,DEV-10920-A,,1757
10921,Ramesh Kumar,48,8,False,836.81,400.06,DEV-10921-A,,1862
10922,Martha Taylor,55,7,False,2495.5,915.39,DEV-10922-A,,2046
10923,Priya Johnson,83,1,True,2820.62,1375.26,DEV-10923-A,+91 98765 40332,3059
10924,Arthur Taylor,58,5,False,778.02,278.72,DEV-10924-A,,119
10925,Devi Johnson,22,8,False,737.39,361.1,DEV-10925-A,,3215
10926,Vikram Gupta,67,4,True,1410.56,589.05,DEV-10926-A,+91 98765 99760,3623
10927,Anish Joshi,46,6,False,3210.21,1746.59,DEV-10927-A,,597
10928,Rajesh Verma,52,7,False,1910.3,1097.32,DEV-10928-A,,2387
10929,Meena Gupta,63,5,False,8107.14,4722.62,DEV-10929-A,,1820
10930,Eleanor Sharma,46,9,False,1796.73,564.06,DEV-10930-A,,792
10931,Ramesh Kumar,36,6,False,2360.62,1249.21,DEV-10931-A,,832
10932,Kavita Deshmukh,58,5,False,2158.92,1110.87,DEV-10932-A,,1920
10933,Aarav Gupta,74,1,True,1342.67,400.74,DEV-10933-A,+91 98765 55205,2048
10934,Devi Joshi,69,2,True,2838.75,1469.87,DEV-10934-A,+91 98765 27949,1560
10935,Meena Joshi,81,2,True,631.61,370.42,DEV-10935-A,+91 98765 78124,1223
10936,Sunita Deshmukh,24,8,False,26105.61,11554.84,DEV-10936-A,,129
10937,Vikram Rao,39,7,False,2330.24,1071.63,DEV-10937-A,,2691
10938,Ramesh Patel,50,6,False,1117.49,651.08,DEV-10938-A,,1228
10939,Devi Smith,54,9,False,2679.33,622.92,DEV-10939-A,,2817
10940,Ramesh Kumar,65,8,False,1021.63,262.08,DEV-10940-A,,1025
10941,Vikram Deshmukh,76,2,True,6291.39,2161.3,DEV-10941-A,+91 98765 94555,3024
10942,Ramesh Taylor,27,5,False,1580.71,946.1,DEV-10942-A,,259
10943,Anish Nair,55,8,False,875.36,522.28,DEV-10943-A,,292
10944,George Deshmukh,57,4,False,1339.4,317.24,DEV-10944-A,,1669
10945,Devi Sharma,32,9,False,2363.61,1302.76,DEV-10945-A,,1649
10946,Vikram Singhania,73,3,True,1268.32,548.73,DEV-10946-A,+91 98765 92593,929
10947,Ramesh Joshi,48,7,False,1839.59,417.76,DEV-10947-A,,3564
10948,Martha Rao,51,7,False,649.9,222.06,DEV-10948-A,,47
10949,Meena Patel,83,4,True,2735.01,691.31,DEV-10949-A,+91 98765 28129,3647
10950,Ramesh Sharma,62,7,False,3309.26,909.15,DEV-10950-A,,3395
10951,Sunita Taylor,52,8,False,3310.02,1355.39,DEV-10951-A,,2798
10952,Kavita Smith,32,8,False,1119.17,379.56,DEV-10952-A,,1129
10953,Ramesh Singhania,38,7,False,3806.61,1224.38,DEV-10953-A,,3376
10954,Anish Kumar,37,7,False,3134.14,1268.17,DEV-10954-A,,3592
10955,Vikram Rao,67,2,True,956.15,328.17,DEV-10955-A,+91 98765 37854,1762
10956,Devi Williams,60,7,False,5188.15,1313.49,DEV-10956-A,,2390
10957,George Sharma,46,8,False,1964.84,1051.28,DEV-10957-A,,3265
10958,Priya Taylor,71,4,True,2291.19,1148.19,DEV-10958-A,+91 98765 80812,2509
10959,George Deshmukh,58,6,False,1461.87,561.96,DEV-10959-A,,2994
10960,Rajesh Taylor,85,1,True,2359.68,1084.53,DEV-10960-A,+91 98765 37111,1591
10961,Aarav Joshi,48,8,False,4571.94,2713.07,DEV-10961-A,,1404
10962,Anish Johnson,54,6,False,924.76,414.04,DEV-10962-A,,1201
10963,Martha Johnson,47,8,False,627.56,267.77,DEV-10963-A,,575
10964,Aarav Smith,51,5,False,2922.6,1388.14,DEV-10964-A,,1547
10965,Martha Gupta,38,4,False,1925.79,1063.34,DEV-10965-A,,2357
10966,Sunita Patel,91,4,True,597.23,161.0,DEV-10966-A,+91 98765 34614,626
10967,Anish Johnson,74,5,True,578.81,221.25,DEV-10967-A,+91 98765 58443,3157
10968,Rajesh Johnson,83,5,True,5183.85,1895.19,DEV-10968-A,+91 98765 38200,1562
10969,Sunita Joshi,19,8,False,2745.09,642.6,DEV-10969-A,,2705
10970,Aarav Patel,46,8,False,743.32,382.25,DEV-10970-A,,473
10971,Arthur Gupta,61,6,False,1294.92,670.39,DEV-10971-A,,1633
10972,Meena Deshmukh,38,7,False,1349.07,402.93,DEV-10972-A,,1443
10973,Sunita Smith,77,3,True,741.03,223.24,DEV-10973-A,+91 98765 16394,917
10974,Sunita Gupta,63,9,False,2188.98,839.35,DEV-10974-A,,1075
10975,Rajesh Sharma,18,10,False,615.89,346.11,DEV-10975-A,,1184
10976,Sunita Gupta,19,5,False,3895.25,1214.15,DEV-10976-A,,1021
10977,Rajesh Nair,32,6,False,4448.75,1009.18,DEV-10977-A,,1691
10978,George Smith,24,8,False,1614.94,851.06,DEV-10978-A,,1422
10979,Rajesh Williams,77,2,True,856.11,363.01,DEV-10979-A,+91 98765 37993,3444
10980,Arthur Rao,45,6,False,1827.81,1075.91,DEV-10980-A,,2169
10981,Meena Gupta,21,8,False,831.3,217.97,DEV-10981-A,,2139
10982,Vikram Deshmukh,24,6,False,865.46,345.71,DEV-10982-A,,1300
10983,Devi Nair,46,10,False,1183.76,346.11,DEV-10983-A,,1472
10984,Sunita Rao,26,7,False,3659.77,820.76,DEV-10984-A,,202
10985,Aarav Patel,88,2,True,2617.72,1538.31,DEV-10985-A,+91 98765 62863,2144
10986,Arthur Singhania,41,8,False,828.95,173.13,DEV-10986-A,,1184
10987,Devi Patel,19,6,False,2617.27,1485.34,DEV-10987-A,,2024
10988,Devi Smith,45,7,False,4057.74,1672.16,DEV-10988-A,,1104
10989,Sunita Patel,38,5,False,4434.18,1282.67,DEV-10989-A,,2521
10990,Sunita Verma,23,7,False,1376.91,681.01,DEV-10990-A,,1924
10991,Meena Singhania,31,8,False,1443.43,657.72,DEV-10991-A,,2513
10992,Vikram Deshmukh,84,3,True,3382.27,1397.81,DEV-10992-A,+91 98765 23478,1815
10993,Rajesh Patel,65,7,False,3770.22,1395.58,DEV-10993-A,,1528
10994,George Singhania,25,6,False,2299.2,1127.86,DEV-10994-A,,3302
10995,Martha Patel,52,9,False,538.16,273.89,DEV-10995-A,,378
10996,Suresh Joshi,86,3,True,3186.1,687.05,DEV-10996-A,+91 98765 60512,1826
10997,Eleanor Johnson,55,9,False,2354.6,1134.95,DEV-10997-A,,3044
10998,Vikram Williams,36,8,False,1080.38,317.1,DEV-10998-A,,845
10999,Priya Singhania,33,9,False,2897.42,1254.39,DEV-10999-A,,298
11000,Suresh Joshi,81,2,True,957.7,435.54,DEV-11000-A,+91 98765 15463,2976
