message_id,txn_id,customer_id,scam_scenario,sms_text,call_transcript
MSG-0001,TXN-SCAM-0001,6233,Relative in Distress Call,We have your family member. Send money now or face consequences.,"Listen carefully! We have your son in custody. If you want him back safe, transfer ₹200,000 to PAY-6370 within 30 minutes. Do not call the police or hang up!"
MSG-0002,TXN-SCAM-0002,3627,Deepfake Executive Wire Call,CONFIDENTIAL: Execute M&A deposit wire immediately per CEO direct memo.,"This is Chief Executive Officer David. We are closing a secret acquisition today. Wire ₹300,000 immediately to PAY-6400. Do not mention this to colleagues until press release."
MSG-0003,TXN-SCAM-0003,9691,Deepfake Executive Wire Call,CONFIDENTIAL: Execute M&A deposit wire immediately per CEO direct memo.,"This is Chief Executive Officer David. We are closing a secret acquisition today. Wire ₹300,000 immediately to PAY-6400. Do not mention this to colleagues until press release."
MSG-0004,TXN-SCAM-0004,1878,Bogus Investment Scheme,Exclusive Offer: Double your savings in 7 days with AI Quantum Trading. Wire initial deposit now to reserve slot.,"Sir, this is Apex Crypto Wealth. If you transfer ₹50,000 today to PAY-6410, our AI bot guarantees 250% return by Friday. Hundreds of users are already withdrawing profits."
MSG-0005,TXN-SCAM-0005,6313,Relative in Distress Call,We have your family member. Send money now or face consequences.,"Listen carefully! We have your son in custody. If you want him back safe, transfer ₹200,000 to PAY-6370 within 30 minutes. Do not call the police or hang up!"
MSG-0006,TXN-SCAM-0006,3028,Bogus Investment Scheme,Exclusive Offer: Double your savings in 7 days with AI Quantum Trading. Wire initial deposit now to reserve slot.,"Sir, this is Apex Crypto Wealth. If you transfer ₹50,000 today to PAY-6410, our AI bot guarantees 250% return by Friday. Hundreds of users are already withdrawing profits."
MSG-0007,TXN-SCAM-0007,10477,Deepfake Executive Wire Call,CONFIDENTIAL: Execute M&A deposit wire immediately per CEO direct memo.,"This is Chief Executive Officer David. We are closing a secret acquisition today. Wire ₹300,000 immediately to PAY-6400. Do not mention this to colleagues until press release."
MSG-0008,TXN-SCAM-0008,7242,Malicious QR Code Scam,"Municipal Tax Department: You have a tax refund of ₹12,500 pending. Scan QR code and approve transfer to claim.",
MSG-0009,TXN-SCAM-0009,5074,Fake Law Enforcement Coercion,LEGAL NOTICE: High Court warrant issued against your Aadhaar/SSN for money laundering. Contact Inspector Verma immediately.,"This is Inspector Verma from Crime Branch. Your name is linked to a seized cartel account. You must deposit ₹150,000 to government court escrow PAY-6380 for audit before 5 PM to avoid instant arrest."
MSG-0010,TXN-SCAM-0010,2321,Malicious QR Code Scam,"Municipal Tax Department: You have a tax refund of ₹12,500 pending. Scan QR code and approve transfer to claim.",
MSG-0011,TXN-SCAM-0011,4628,Lottery / Prize Scam,"CONGRATULATIONS! You won ₹25,00,000 in the International Mega Draw. Pay ₹25,000 processing tax to claim reward.","Congratulations ma'am! You are our lucky grand winner. Just transfer the government customs clearance fee of ₹25,000 to PAY-6320 and ₹25 Lakhs will be credited to your account within 10 minutes."
MSG-0012,TXN-SCAM-0012,7220,Deepfake Executive Wire Call,CONFIDENTIAL: Execute M&A deposit wire immediately per CEO direct memo.,"This is Chief Executive Officer David. We are closing a secret acquisition today. Wire ₹300,000 immediately to PAY-6400. Do not mention this to colleagues until press release."
MSG-0013,TXN-SCAM-0013,1751,Malicious QR Code Scam,"Municipal Tax Department: You have a tax refund of ₹12,500 pending. Scan QR code and approve transfer to claim.",
MSG-0014,TXN-SCAM-0014,1504,Fake Bank Officer Call,SECURITY ALERT: Your bank account is under unauthorized access. Call 1800-SAFE-BANK immediately to prevent asset lock.,"Hello, I am Officer Sharma from National Bank Security. We detected a suspicious login from Russia on your account. To protect your money, you must immediately transfer your funds to our temporary safe vault account PAY-6350. Do not hang up or contact anyone."
MSG-0015,TXN-SCAM-0015,1431,Fake Law Enforcement Coercion,LEGAL NOTICE: High Court warrant issued against your Aadhaar/SSN for money laundering. Contact Inspector Verma immediately.,"This is Inspector Verma from Crime Branch. Your name is linked to a seized cartel account. You must deposit ₹150,000 to government court escrow PAY-6380 for audit before 5 PM to avoid instant arrest."
MSG-0016,TXN-SCAM-0016,2375,Friend / Relative in Need Impersonation,"Hey uncle, it's Rahul. I got into an accident in Delhi and need ₹45,000 urgently for hospital deposit. Please send to PAY-6390.","Hi uncle, I lost my wallet and my car broke down. The hospital needs a cash deposit for my friend's treatment right now. Please don't call my parents, just send money to PAY-6390 urgently!"
MSG-0017,TXN-SCAM-0017,7852,Fake Law Enforcement Coercion,LEGAL NOTICE: High Court warrant issued against your Aadhaar/SSN for money laundering. Contact Inspector Verma immediately.,"This is Inspector Verma from Crime Branch. Your name is linked to a seized cartel account. You must deposit ₹150,000 to government court escrow PAY-6380 for audit before 5 PM to avoid instant arrest."
MSG-0018,TXN-SCAM-0018,4339,Fake Law Enforcement Coercion,LEGAL NOTICE: High Court warrant issued against your Aadhaar/SSN for money laundering. Contact Inspector Verma immediately.,"This is Inspector Verma from Crime Branch. Your name is linked to a seized cartel account. You must deposit ₹150,000 to government court escrow PAY-6380 for audit before 5 PM to avoid instant arrest."
MSG-0019,TXN-SCAM-0019,2995,Tech Support Remote Access Scam,CRITICAL ERROR: Windows Trojan detected! Call Microsoft Support 1800-444-TECH immediately.,"Sir, your computer is broadcasting malware to bank servers. Install AnyDesk and transfer ₹35,000 security patch license fee to PAY-6340 to prevent bank account suspension."
MSG-0020,TXN-SCAM-0020,5459,Fake Bank Officer Call,SECURITY ALERT: Your bank account is under unauthorized access. Call 1800-SAFE-BANK immediately to prevent asset lock.,"Hello, I am Officer Sharma from National Bank Security. We detected a suspicious login from Russia on your account. To protect your money, you must immediately transfer your funds to our temporary safe vault account PAY-6350. Do not hang up or contact anyone."
MSG-0021,TXN-SCAM-0021,3259,Phishing SMS / KYC Freeze,URGENT: Your KYC status expired today. Your account will be frozen in 2 hours. Click http://bank-kyc-verify.com to complete verification and update payee.,
MSG-0022,TXN-SCAM-0022,7090,Lottery / Prize Scam,"CONGRATULATIONS! You won ₹25,00,000 in the International Mega Draw. Pay ₹25,000 processing tax to claim reward.","Congratulations ma'am! You are our lucky grand winner. Just transfer the government customs clearance fee of ₹25,000 to PAY-6320 and ₹25 Lakhs will be credited to your account within 10 minutes."
MSG-0023,TXN-SCAM-0023,1012,Phishing SMS / KYC Freeze,URGENT: Your KYC status expired today. Your account will be frozen in 2 hours. Click http://bank-kyc-verify.com to complete verification and update payee.,
MSG-0024,TXN-SCAM-0024,3284,Bogus Investment Scheme,Exclusive Offer: Double your savings in 7 days with AI Quantum Trading. Wire initial deposit now to reserve slot.,"Sir, this is Apex Crypto Wealth. If you transfer ₹50,000 today to PAY-6410, our AI bot guarantees 250% return by Friday. Hundreds of users are already withdrawing profits."
MSG-0025,TXN-SCAM-0025,10407,Tech Support Remote Access Scam,CRITICAL ERROR: Windows Trojan detected! Call Microsoft Support 1800-444-TECH immediately.,"Sir, your computer is broadcasting malware to bank servers. Install AnyDesk and transfer ₹35,000 security patch license fee to PAY-6340 to prevent bank account suspension."
MSG-0026,TXN-SCAM-0026,10996,Deepfake Executive Wire Call,CONFIDENTIAL: Execute M&A deposit wire immediately per CEO direct memo.,"This is Chief Executive Officer David. We are closing a secret acquisition today. Wire ₹300,000 immediately to PAY-6400. Do not mention this to colleagues until press release."
MSG-0027,TXN-SCAM-0027,1213,Malicious QR Code Scam,"Municipal Tax Department: You have a tax refund of ₹12,500 pending. Scan QR code and approve transfer to claim.",
MSG-0028,TXN-SCAM-0028,9604,Fake Law Enforcement Coercion,LEGAL NOTICE: High Court warrant issued against your Aadhaar/SSN for money laundering. Contact Inspector Verma immediately.,"This is Inspector Verma from Crime Branch. Your name is linked to a seized cartel account. You must deposit ₹150,000 to government court escrow PAY-6380 for audit before 5 PM to avoid instant arrest."
MSG-0029,TXN-SCAM-0029,5801,Fake Bank Officer Call,SECURITY ALERT: Your bank account is under unauthorized access. Call 1800-SAFE-BANK immediately to prevent asset lock.,"Hello, I am Officer Sharma from National Bank Security. We detected a suspicious login from Russia on your account. To protect your money, you must immediately transfer your funds to our temporary safe vault account PAY-6350. Do not hang up or contact anyone."
MSG-0030,TXN-SCAM-0030,9411,Lottery / Prize Scam,"CONGRATULATIONS! You won ₹25,00,000 in the International Mega Draw. Pay ₹25,000 processing tax to claim reward.","Congratulations ma'am! You are our lucky grand winner. Just transfer the government customs clearance fee of ₹25,000 to PAY-6320 and ₹25 Lakhs will be credited to your account within 10 minutes."
MSG-0031,TXN-SCAM-0031,10136,Relative in Distress Call,We have your family member. Send money now or face consequences.,"Listen carefully! We have your son in custody. If you want him back safe, transfer ₹200,000 to PAY-6370 within 30 minutes. Do not call the police or hang up!"
MSG-0032,TXN-SCAM-0032,5577,Tech Support Remote Access Scam,CRITICAL ERROR: Windows Trojan detected! Call Microsoft Support 1800-444-TECH immediately.,"Sir, your computer is broadcasting malware to bank servers. Install AnyDesk and transfer ₹35,000 security patch license fee to PAY-6340 to prevent bank account suspension."
MSG-0033,TXN-SCAM-0033,8907,Friend / Relative in Need Impersonation,"Hey uncle, it's Rahul. I got into an accident in Delhi and need ₹45,000 urgently for hospital deposit. Please send to PAY-6390.","Hi uncle, I lost my wallet and my car broke down. The hospital needs a cash deposit for my friend's treatment right now. Please don't call my parents, just send money to PAY-6390 urgently!"
MSG-0034,TXN-SCAM-0034,8118,Friend / Relative in Need Impersonation,"Hey uncle, it's Rahul. I got into an accident in Delhi and need ₹45,000 urgently for hospital deposit. Please send to PAY-6390.","Hi uncle, I lost my wallet and my car broke down. The hospital needs a cash deposit for my friend's treatment right now. Please don't call my parents, just send money to PAY-6390 urgently!"
MSG-0035,TXN-SCAM-0035,5083,Tech Support Remote Access Scam,CRITICAL ERROR: Windows Trojan detected! Call Microsoft Support 1800-444-TECH immediately.,"Sir, your computer is broadcasting malware to bank servers. Install AnyDesk and transfer ₹35,000 security patch license fee to PAY-6340 to prevent bank account suspension."
MSG-0036,TXN-SCAM-0036,9263,Fake Law Enforcement Coercion,LEGAL NOTICE: High Court warrant issued against your Aadhaar/SSN for money laundering. Contact Inspector Verma immediately.,"This is Inspector Verma from Crime Branch. Your name is linked to a seized cartel account. You must deposit ₹150,000 to government court escrow PAY-6380 for audit before 5 PM to avoid instant arrest."
MSG-0037,TXN-SCAM-0037,6290,Deepfake Executive Wire Call,CONFIDENTIAL: Execute M&A deposit wire immediately per CEO direct memo.,"This is Chief Executive Officer David. We are closing a secret acquisition today. Wire ₹300,000 immediately to PAY-6400. Do not mention this to colleagues until press release."
MSG-0038,TXN-SCAM-0038,9042,Malicious QR Code Scam,"Municipal Tax Department: You have a tax refund of ₹12,500 pending. Scan QR code and approve transfer to claim.",
MSG-0039,TXN-SCAM-0039,6308,Friend / Relative in Need Impersonation,"Hey uncle, it's Rahul. I got into an accident in Delhi and need ₹45,000 urgently for hospital deposit. Please send to PAY-6390.","Hi uncle, I lost my wallet and my car broke down. The hospital needs a cash deposit for my friend's treatment right now. Please don't call my parents, just send money to PAY-6390 urgently!"
MSG-0040,TXN-SCAM-0040,8813,Deepfake Executive Wire Call,CONFIDENTIAL: Execute M&A deposit wire immediately per CEO direct memo.,"This is Chief Executive Officer David. We are closing a secret acquisition today. Wire ₹300,000 immediately to PAY-6400. Do not mention this to colleagues until press release."
MSG-0041,TXN-SCAM-0041,5463,Fake Law Enforcement Coercion,LEGAL NOTICE: High Court warrant issued against your Aadhaar/SSN for money laundering. Contact Inspector Verma immediately.,"This is Inspector Verma from Crime Branch. Your name is linked to a seized cartel account. You must deposit ₹150,000 to government court escrow PAY-6380 for audit before 5 PM to avoid instant arrest."
MSG-0042,TXN-SCAM-0042,8261,Fake Law Enforcement Coercion,LEGAL NOTICE: High Court warrant issued against your Aadhaar/SSN for money laundering. Contact Inspector Verma immediately.,"This is Inspector Verma from Crime Branch. Your name is linked to a seized cartel account. You must deposit ₹150,000 to government court escrow PAY-6380 for audit before 5 PM to avoid instant arrest."
MSG-0043,TXN-SCAM-0043,4912,Phishing SMS / KYC Freeze,URGENT: Your KYC status expired today. Your account will be frozen in 2 hours. Click http://bank-kyc-verify.com to complete verification and update payee.,
MSG-0044,TXN-SCAM-0044,8044,Friend / Relative in Need Impersonation,"Hey uncle, it's Rahul. I got into an accident in Delhi and need ₹45,000 urgently for hospital deposit. Please send to PAY-6390.","Hi uncle, I lost my wallet and my car broke down. The hospital needs a cash deposit for my friend's treatment right now. Please don't call my parents, just send money to PAY-6390 urgently!"
MSG-0045,TXN-SCAM-0045,8795,Relative in Distress Call,We have your family member. Send money now or face consequences.,"Listen carefully! We have your son in custody. If you want him back safe, transfer ₹200,000 to PAY-6370 within 30 minutes. Do not call the police or hang up!"
MSG-0046,TXN-SCAM-0046,10528,Tech Support Remote Access Scam,CRITICAL ERROR: Windows Trojan detected! Call Microsoft Support 1800-444-TECH immediately.,"Sir, your computer is broadcasting malware to bank servers. Install AnyDesk and transfer ₹35,000 security patch license fee to PAY-6340 to prevent bank account suspension."
MSG-0047,TXN-SCAM-0047,10773,Phishing SMS / KYC Freeze,URGENT: Your KYC status expired today. Your account will be frozen in 2 hours. Click http://bank-kyc-verify.com to complete verification and update payee.,
MSG-0048,TXN-SCAM-0048,6628,Deepfake Executive Wire Call,CONFIDENTIAL: Execute M&A deposit wire immediately per CEO direct memo.,"This is Chief Executive Officer David. We are closing a secret acquisition today. Wire ₹300,000 immediately to PAY-6400. Do not mention this to colleagues until press release."
MSG-0049,TXN-SCAM-0049,10710,Lottery / Prize Scam,"CONGRATULATIONS! You won ₹25,00,000 in the International Mega Draw. Pay ₹25,000 processing tax to claim reward.","Congratulations ma'am! You are our lucky grand winner. Just transfer the government customs clearance fee of ₹25,000 to PAY-6320 and ₹25 Lakhs will be credited to your account within 10 minutes."
MSG-0050,TXN-SCAM-0050,2032,Phishing SMS / KYC Freeze,URGENT: Your KYC status expired today. Your account will be frozen in 2 hours. Click http://bank-kyc-verify.com to complete verification and update payee.,
MSG-0051,TXN-SCAM-0051,8450,Phishing SMS / KYC Freeze,URGENT: Your KYC status expired today. Your account will be frozen in 2 hours. Click http://bank-kyc-verify.com to complete verification and update payee.,
MSG-0052,TXN-SCAM-0052,9639,Bogus Investment Scheme,Exclusive Offer: Double your savings in 7 days with AI Quantum Trading. Wire initial deposit now to reserve slot.,"Sir, this is Apex Crypto Wealth. If you transfer ₹50,000 today to PAY-6410, our AI bot guarantees 250% return by Friday. Hundreds of users are already withdrawing profits."
MSG-0053,TXN-SCAM-0053,5133,Relative in Distress Call,We have your family member. Send money now or face consequences.,"Listen carefully! We have your son in custody. If you want him back safe, transfer ₹200,000 to PAY-6370 within 30 minutes. Do not call the police or hang up!"
MSG-0054,TXN-SCAM-0054,6324,Deepfake Executive Wire Call,CONFIDENTIAL: Execute M&A deposit wire immediately per CEO direct memo.,"This is Chief Executive Officer David. We are closing a secret acquisition today. Wire ₹300,000 immediately to PAY-6400. Do not mention this to colleagues until press release."
MSG-0055,TXN-SCAM-0055,9655,Fake Bank Officer Call,SECURITY ALERT: Your bank account is under unauthorized access. Call 1800-SAFE-BANK immediately to prevent asset lock.,"Hello, I am Officer Sharma from National Bank Security. We detected a suspicious login from Russia on your account. To protect your money, you must immediately transfer your funds to our temporary safe vault account PAY-6350. Do not hang up or contact anyone."
MSG-0056,TXN-SCAM-0056,8070,Bogus Investment Scheme,Exclusive Offer: Double your savings in 7 days with AI Quantum Trading. Wire initial deposit now to reserve slot.,"Sir, this is Apex Crypto Wealth. If you transfer ₹50,000 today to PAY-6410, our AI bot guarantees 250% return by Friday. Hundreds of users are already withdrawing profits."
MSG-0057,TXN-SCAM-0057,10424,Deepfake Executive Wire Call,CONFIDENTIAL: Execute M&A deposit wire immediately per CEO direct memo.,"This is Chief Executive Officer David. We are closing a secret acquisition today. Wire ₹300,000 immediately to PAY-6400. Do not mention this to colleagues until press release."
MSG-0058,TXN-SCAM-0058,10201,Deepfake Executive Wire Call,CONFIDENTIAL: Execute M&A deposit wire immediately per CEO direct memo.,"This is Chief Executive Officer David. We are closing a secret acquisition today. Wire ₹300,000 immediately to PAY-6400. Do not mention this to colleagues until press release."
MSG-0059,TXN-SCAM-0059,9656,Fake Bank Officer Call,SECURITY ALERT: Your bank account is under unauthorized access. Call 1800-SAFE-BANK immediately to prevent asset lock.,"Hello, I am Officer Sharma from National Bank Security. We detected a suspicious login from Russia on your account. To protect your money, you must immediately transfer your funds to our temporary safe vault account PAY-6350. Do not hang up or contact anyone."
MSG-0060,TXN-SCAM-0060,6216,Deepfake Executive Wire Call,CONFIDENTIAL: Execute M&A deposit wire immediately per CEO direct memo.,"This is Chief Executive Officer David. We are closing a secret acquisition today. Wire ₹300,000 immediately to PAY-6400. Do not mention this to colleagues until press release."
MSG-0061,TXN-SCAM-0061,3315,Bogus Investment Scheme,Exclusive Offer: Double your savings in 7 days with AI Quantum Trading. Wire initial deposit now to reserve slot.,"Sir, this is Apex Crypto Wealth. If you transfer ₹50,000 today to PAY-6410, our AI bot guarantees 250% return by Friday. Hundreds of users are already withdrawing profits."
MSG-0062,TXN-SCAM-0062,9316,Friend / Relative in Need Impersonation,"Hey uncle, it's Rahul. I got into an accident in Delhi and need ₹45,000 urgently for hospital deposit. Please send to PAY-6390.","Hi uncle, I lost my wallet and my car broke down. The hospital needs a cash deposit for my friend's treatment right now. Please don't call my parents, just send money to PAY-6390 urgently!"
MSG-0063,TXN-SCAM-0063,8585,Fake Bank Officer Call,SECURITY ALERT: Your bank account is under unauthorized access. Call 1800-SAFE-BANK immediately to prevent asset lock.,"Hello, I am Officer Sharma from National Bank Security. We detected a suspicious login from Russia on your account. To protect your money, you must immediately transfer your funds to our temporary safe vault account PAY-6350. Do not hang up or contact anyone."
MSG-0064,TXN-SCAM-0064,3647,Fake Law Enforcement Coercion,LEGAL NOTICE: High Court warrant issued against your Aadhaar/SSN for money laundering. Contact Inspector Verma immediately.,"This is Inspector Verma from Crime Branch. Your name is linked to a seized cartel account. You must deposit ₹150,000 to government court escrow PAY-6380 for audit before 5 PM to avoid instant arrest."
MSG-0065,TXN-SCAM-0065,5516,Friend / Relative in Need Impersonation,"Hey uncle, it's Rahul. I got into an accident in Delhi and need ₹45,000 urgently for hospital deposit. Please send to PAY-6390.","Hi uncle, I lost my wallet and my car broke down. The hospital needs a cash deposit for my friend's treatment right now. Please don't call my parents, just send money to PAY-6390 urgently!"
MSG-0066,TXN-SCAM-0066,4810,Bogus Investment Scheme,Exclusive Offer: Double your savings in 7 days with AI Quantum Trading. Wire initial deposit now to reserve slot.,"Sir, this is Apex Crypto Wealth. If you transfer ₹50,000 today to PAY-6410, our AI bot guarantees 250% return by Friday. Hundreds of users are already withdrawing profits."
MSG-0067,TXN-SCAM-0067,8942,Fake Bank Officer Call,SECURITY ALERT: Your bank account is under unauthorized access. Call 1800-SAFE-BANK immediately to prevent asset lock.,"Hello, I am Officer Sharma from National Bank Security. We detected a suspicious login from Russia on your account. To protect your money, you must immediately transfer your funds to our temporary safe vault account PAY-6350. Do not hang up or contact anyone."
MSG-0068,TXN-SCAM-0068,5732,Fake Bank Officer Call,SECURITY ALERT: Your bank account is under unauthorized access. Call 1800-SAFE-BANK immediately to prevent asset lock.,"Hello, I am Officer Sharma from National Bank Security. We detected a suspicious login from Russia on your account. To protect your money, you must immediately transfer your funds to our temporary safe vault account PAY-6350. Do not hang up or contact anyone."
MSG-0069,TXN-SCAM-0069,10135,Fake Bank Officer Call,SECURITY ALERT: Your bank account is under unauthorized access. Call 1800-SAFE-BANK immediately to prevent asset lock.,"Hello, I am Officer Sharma from National Bank Security. We detected a suspicious login from Russia on your account. To protect your money, you must immediately transfer your funds to our temporary safe vault account PAY-6350. Do not hang up or contact anyone."
MSG-0070,TXN-SCAM-0070,2222,Fake Bank Officer Call,SECURITY ALERT: Your bank account is under unauthorized access. Call 1800-SAFE-BANK immediately to prevent asset lock.,"Hello, I am Officer Sharma from National Bank Security. We detected a suspicious login from Russia on your account. To protect your money, you must immediately transfer your funds to our temporary safe vault account PAY-6350. Do not hang up or contact anyone."
MSG-0071,TXN-SCAM-0071,10716,Friend / Relative in Need Impersonation,"Hey uncle, it's Rahul. I got into an accident in Delhi and need ₹45,000 urgently for hospital deposit. Please send to PAY-6390.","Hi uncle, I lost my wallet and my car broke down. The hospital needs a cash deposit for my friend's treatment right now. Please don't call my parents, just send money to PAY-6390 urgently!"
MSG-0072,TXN-SCAM-0072,6696,Relative in Distress Call,We have your family member. Send money now or face consequences.,"Listen carefully! We have your son in custody. If you want him back safe, transfer ₹200,000 to PAY-6370 within 30 minutes. Do not call the police or hang up!"
MSG-0073,TXN-SCAM-0073,5050,Friend / Relative in Need Impersonation,"Hey uncle, it's Rahul. I got into an accident in Delhi and need ₹45,000 urgently for hospital deposit. Please send to PAY-6390.","Hi uncle, I lost my wallet and my car broke down. The hospital needs a cash deposit for my friend's treatment right now. Please don't call my parents, just send money to PAY-6390 urgently!"
MSG-0074,TXN-SCAM-0074,6132,Friend / Relative in Need Impersonation,"Hey uncle, it's Rahul. I got into an accident in Delhi and need ₹45,000 urgently for hospital deposit. Please send to PAY-6390.","Hi uncle, I lost my wallet and my car broke down. The hospital needs a cash deposit for my friend's treatment right now. Please don't call my parents, just send money to PAY-6390 urgently!"
MSG-0075,TXN-SCAM-0075,10734,Malicious QR Code Scam,"Municipal Tax Department: You have a tax refund of ₹12,500 pending. Scan QR code and approve transfer to claim.",
MSG-0076,TXN-SCAM-0076,4139,Tech Support Remote Access Scam,CRITICAL ERROR: Windows Trojan detected! Call Microsoft Support 1800-444-TECH immediately.,"Sir, your computer is broadcasting malware to bank servers. Install AnyDesk and transfer ₹35,000 security patch license fee to PAY-6340 to prevent bank account suspension."
MSG-0077,TXN-SCAM-0077,5340,Phishing SMS / KYC Freeze,URGENT: Your KYC status expired today. Your account will be frozen in 2 hours. Click http://bank-kyc-verify.com to complete verification and update payee.,
MSG-0078,TXN-SCAM-0078,10194,Lottery / Prize Scam,"CONGRATULATIONS! You won ₹25,00,000 in the International Mega Draw. Pay ₹25,000 processing tax to claim reward.","Congratulations ma'am! You are our lucky grand winner. Just transfer the government customs clearance fee of ₹25,000 to PAY-6320 and ₹25 Lakhs will be credited to your account within 10 minutes."
MSG-0079,TXN-SCAM-0079,6874,Relative in Distress Call,We have your family member. Send money now or face consequences.,"Listen carefully! We have your son in custody. If you want him back safe, transfer ₹200,000 to PAY-6370 within 30 minutes. Do not call the police or hang up!"
MSG-0080,TXN-SCAM-0080,7051,Bogus Investment Scheme,Exclusive Offer: Double your savings in 7 days with AI Quantum Trading. Wire initial deposit now to reserve slot.,"Sir, this is Apex Crypto Wealth. If you transfer ₹50,000 today to PAY-6410, our AI bot guarantees 250% return by Friday. Hundreds of users are already withdrawing profits."
MSG-0081,TXN-SCAM-0081,5720,Malicious QR Code Scam,"Municipal Tax Department: You have a tax refund of ₹12,500 pending. Scan QR code and approve transfer to claim.",
MSG-0082,TXN-SCAM-0082,6714,Fake Bank Officer Call,SECURITY ALERT: Your bank account is under unauthorized access. Call 1800-SAFE-BANK immediately to prevent asset lock.,"Hello, I am Officer Sharma from National Bank Security. We detected a suspicious login from Russia on your account. To protect your money, you must immediately transfer your funds to our temporary safe vault account PAY-6350. Do not hang up or contact anyone."
MSG-0083,TXN-SCAM-0083,2264,Relative in Distress Call,We have your family member. Send money now or face consequences.,"Listen carefully! We have your son in custody. If you want him back safe, transfer ₹200,000 to PAY-6370 within 30 minutes. Do not call the police or hang up!"
MSG-0084,TXN-SCAM-0084,6224,Friend / Relative in Need Impersonation,"Hey uncle, it's Rahul. I got into an accident in Delhi and need ₹45,000 urgently for hospital deposit. Please send to PAY-6390.","Hi uncle, I lost my wallet and my car broke down. The hospital needs a cash deposit for my friend's treatment right now. Please don't call my parents, just send money to PAY-6390 urgently!"
MSG-0085,TXN-SCAM-0085,7397,Relative in Distress Call,We have your family member. Send money now or face consequences.,"Listen carefully! We have your son in custody. If you want him back safe, transfer ₹200,000 to PAY-6370 within 30 minutes. Do not call the police or hang up!"
MSG-0086,TXN-SCAM-0086,3259,Tech Support Remote Access Scam,CRITICAL ERROR: Windows Trojan detected! Call Microsoft Support 1800-444-TECH immediately.,"Sir, your computer is broadcasting malware to bank servers. Install AnyDesk and transfer ₹35,000 security patch license fee to PAY-6340 to prevent bank account suspension."
MSG-0087,TXN-SCAM-0087,1836,Fake Bank Officer Call,SECURITY ALERT: Your bank account is under unauthorized access. Call 1800-SAFE-BANK immediately to prevent asset lock.,"Hello, I am Officer Sharma from National Bank Security. We detected a suspicious login from Russia on your account. To protect your money, you must immediately transfer your funds to our temporary safe vault account PAY-6350. Do not hang up or contact anyone."
MSG-0088,TXN-SCAM-0088,10020,Phishing SMS / KYC Freeze,URGENT: Your KYC status expired today. Your account will be frozen in 2 hours. Click http://bank-kyc-verify.com to complete verification and update payee.,
MSG-0089,TXN-SCAM-0089,1185,Relative in Distress Call,We have your family member. Send money now or face consequences.,"Listen carefully! We have your son in custody. If you want him back safe, transfer ₹200,000 to PAY-6370 within 30 minutes. Do not call the police or hang up!"
MSG-0090,TXN-SCAM-0090,6121,Tech Support Remote Access Scam,CRITICAL ERROR: Windows Trojan detected! Call Microsoft Support 1800-444-TECH immediately.,"Sir, your computer is broadcasting malware to bank servers. Install AnyDesk and transfer ₹35,000 security patch license fee to PAY-6340 to prevent bank account suspension."
MSG-0091,TXN-SCAM-0091,3609,Fake Bank Officer Call,SECURITY ALERT: Your bank account is under unauthorized access. Call 1800-SAFE-BANK immediately to prevent asset lock.,"Hello, I am Officer Sharma from National Bank Security. We detected a suspicious login from Russia on your account. To protect your money, you must immediately transfer your funds to our temporary safe vault account PAY-6350. Do not hang up or contact anyone."
MSG-0092,TXN-SCAM-0092,10502,Friend / Relative in Need Impersonation,"Hey uncle, it's Rahul. I got into an accident in Delhi and need ₹45,000 urgently for hospital deposit. Please send to PAY-6390.","Hi uncle, I lost my wallet and my car broke down. The hospital needs a cash deposit for my friend's treatment right now. Please don't call my parents, just send money to PAY-6390 urgently!"
MSG-0093,TXN-SCAM-0093,9190,Phishing SMS / KYC Freeze,URGENT: Your KYC status expired today. Your account will be frozen in 2 hours. Click http://bank-kyc-verify.com to complete verification and update payee.,
MSG-0094,TXN-SCAM-0094,1597,Phishing SMS / KYC Freeze,URGENT: Your KYC status expired today. Your account will be frozen in 2 hours. Click http://bank-kyc-verify.com to complete verification and update payee.,
MSG-0095,TXN-SCAM-0095,6266,Friend / Relative in Need Impersonation,"Hey uncle, it's Rahul. I got into an accident in Delhi and need ₹45,000 urgently for hospital deposit. Please send to PAY-6390.","Hi uncle, I lost my wallet and my car broke down. The hospital needs a cash deposit for my friend's treatment right now. Please don't call my parents, just send money to PAY-6390 urgently!"
MSG-0096,TXN-SCAM-0096,4891,Fake Law Enforcement Coercion,LEGAL NOTICE: High Court warrant issued against your Aadhaar/SSN for money laundering. Contact Inspector Verma immediately.,"This is Inspector Verma from Crime Branch. Your name is linked to a seized cartel account. You must deposit ₹150,000 to government court escrow PAY-6380 for audit before 5 PM to avoid instant arrest."
MSG-0097,TXN-SCAM-0097,7190,Lottery / Prize Scam,"CONGRATULATIONS! You won ₹25,00,000 in the International Mega Draw. Pay ₹25,000 processing tax to claim reward.","Congratulations ma'am! You are our lucky grand winner. Just transfer the government customs clearance fee of ₹25,000 to PAY-6320 and ₹25 Lakhs will be credited to your account within 10 minutes."
MSG-0098,TXN-SCAM-0098,4353,Fake Bank Officer Call,SECURITY ALERT: Your bank account is under unauthorized access. Call 1800-SAFE-BANK immediately to prevent asset lock.,"Hello, I am Officer Sharma from National Bank Security. We detected a suspicious login from Russia on your account. To protect your money, you must immediately transfer your funds to our temporary safe vault account PAY-6350. Do not hang up or contact anyone."
MSG-0099,TXN-SCAM-0099,9638,Fake Law Enforcement Coercion,LEGAL NOTICE: High Court warrant issued against your Aadhaar/SSN for money laundering. Contact Inspector Verma immediately.,"This is Inspector Verma from Crime Branch. Your name is linked to a seized cartel account. You must deposit ₹150,000 to government court escrow PAY-6380 for audit before 5 PM to avoid instant arrest."
MSG-0100,TXN-SCAM-0100,1892,Fake Bank Officer Call,SECURITY ALERT: Your bank account is under unauthorized access. Call 1800-SAFE-BANK immediately to prevent asset lock.,"Hello, I am Officer Sharma from National Bank Security. We detected a suspicious login from Russia on your account. To protect your money, you must immediately transfer your funds to our temporary safe vault account PAY-6350. Do not hang up or contact anyone."
MSG-0101,TXN-SCAM-0101,4929,Phishing SMS / KYC Freeze,URGENT: Your KYC status expired today. Your account will be frozen in 2 hours. Click http://bank-kyc-verify.com to complete verification and update payee.,
MSG-0102,TXN-SCAM-0102,5873,Phishing SMS / KYC Freeze,URGENT: Your KYC status expired today. Your account will be frozen in 2 hours. Click http://bank-kyc-verify.com to complete verification and update payee.,
MSG-0103,TXN-SCAM-0103,9113,Phishing SMS / KYC Freeze,URGENT: Your KYC status expired today. Your account will be frozen in 2 hours. Click http://bank-kyc-verify.com to complete verification and update payee.,
MSG-0104,TXN-SCAM-0104,3236,Fake Law Enforcement Coercion,LEGAL NOTICE: High Court warrant issued against your Aadhaar/SSN for money laundering. Contact Inspector Verma immediately.,"This is Inspector Verma from Crime Branch. Your name is linked to a seized cartel account. You must deposit ₹150,000 to government court escrow PAY-6380 for audit before 5 PM to avoid instant arrest."
MSG-0105,TXN-SCAM-0105,1474,Fake Law Enforcement Coercion,LEGAL NOTICE: High Court warrant issued against your Aadhaar/SSN for money laundering. Contact Inspector Verma immediately.,"This is Inspector Verma from Crime Branch. Your name is linked to a seized cartel account. You must deposit ₹150,000 to government court escrow PAY-6380 for audit before 5 PM to avoid instant arrest."
MSG-0106,TXN-SCAM-0106,9513,Tech Support Remote Access Scam,CRITICAL ERROR: Windows Trojan detected! Call Microsoft Support 1800-444-TECH immediately.,"Sir, your computer is broadcasting malware to bank servers. Install AnyDesk and transfer ₹35,000 security patch license fee to PAY-6340 to prevent bank account suspension."
MSG-0107,TXN-SCAM-0107,5853,Friend / Relative in Need Impersonation,"Hey uncle, it's Rahul. I got into an accident in Delhi and need ₹45,000 urgently for hospital deposit. Please send to PAY-6390.","Hi uncle, I lost my wallet and my car broke down. The hospital needs a cash deposit for my friend's treatment right now. Please don't call my parents, just send money to PAY-6390 urgently!"
MSG-0108,TXN-SCAM-0108,5349,Malicious QR Code Scam,"Municipal Tax Department: You have a tax refund of ₹12,500 pending. Scan QR code and approve transfer to claim.",
MSG-0109,TXN-SCAM-0109,5955,Phishing SMS / KYC Freeze,URGENT: Your KYC status expired today. Your account will be frozen in 2 hours. Click http://bank-kyc-verify.com to complete verification and update payee.,
MSG-0110,TXN-SCAM-0110,9293,Relative in Distress Call,We have your family member. Send money now or face consequences.,"Listen carefully! We have your son in custody. If you want him back safe, transfer ₹200,000 to PAY-6370 within 30 minutes. Do not call the police or hang up!"
MSG-0111,TXN-SCAM-0111,4310,Malicious QR Code Scam,"Municipal Tax Department: You have a tax refund of ₹12,500 pending. Scan QR code and approve transfer to claim.",
MSG-0112,TXN-SCAM-0112,9822,Tech Support Remote Access Scam,CRITICAL ERROR: Windows Trojan detected! Call Microsoft Support 1800-444-TECH immediately.,"Sir, your computer is broadcasting malware to bank servers. Install AnyDesk and transfer ₹35,000 security patch license fee to PAY-6340 to prevent bank account suspension."
MSG-0113,TXN-SCAM-0113,8453,Fake Law Enforcement Coercion,LEGAL NOTICE: High Court warrant issued against your Aadhaar/SSN for money laundering. Contact Inspector Verma immediately.,"This is Inspector Verma from Crime Branch. Your name is linked to a seized cartel account. You must deposit ₹150,000 to government court escrow PAY-6380 for audit before 5 PM to avoid instant arrest."
MSG-0114,TXN-SCAM-0114,8762,Fake Law Enforcement Coercion,LEGAL NOTICE: High Court warrant issued against your Aadhaar/SSN for money laundering. Contact Inspector Verma immediately.,"This is Inspector Verma from Crime Branch. Your name is linked to a seized cartel account. You must deposit ₹150,000 to government court escrow PAY-6380 for audit before 5 PM to avoid instant arrest."
MSG-0115,TXN-SCAM-0115,1227,Friend / Relative in Need Impersonation,"Hey uncle, it's Rahul. I got into an accident in Delhi and need ₹45,000 urgently for hospital deposit. Please send to PAY-6390.","Hi uncle, I lost my wallet and my car broke down. The hospital needs a cash deposit for my friend's treatment right now. Please don't call my parents, just send money to PAY-6390 urgently!"
MSG-0116,TXN-SCAM-0116,2574,Lottery / Prize Scam,"CONGRATULATIONS! You won ₹25,00,000 in the International Mega Draw. Pay ₹25,000 processing tax to claim reward.","Congratulations ma'am! You are our lucky grand winner. Just transfer the government customs clearance fee of ₹25,000 to PAY-6320 and ₹25 Lakhs will be credited to your account within 10 minutes."
MSG-0117,TXN-SCAM-0117,3120,Friend / Relative in Need Impersonation,"Hey uncle, it's Rahul. I got into an accident in Delhi and need ₹45,000 urgently for hospital deposit. Please send to PAY-6390.","Hi uncle, I lost my wallet and my car broke down. The hospital needs a cash deposit for my friend's treatment right now. Please don't call my parents, just send money to PAY-6390 urgently!"
MSG-0118,TXN-SCAM-0118,5140,Fake Bank Officer Call,SECURITY ALERT: Your bank account is under unauthorized access. Call 1800-SAFE-BANK immediately to prevent asset lock.,"Hello, I am Officer Sharma from National Bank Security. We detected a suspicious login from Russia on your account. To protect your money, you must immediately transfer your funds to our temporary safe vault account PAY-6350. Do not hang up or contact anyone."
MSG-0119,TXN-SCAM-0119,9870,Tech Support Remote Access Scam,CRITICAL ERROR: Windows Trojan detected! Call Microsoft Support 1800-444-TECH immediately.,"Sir, your computer is broadcasting malware to bank servers. Install AnyDesk and transfer ₹35,000 security patch license fee to PAY-6340 to prevent bank account suspension."
MSG-0120,TXN-SCAM-0120,5542,Malicious QR Code Scam,"Municipal Tax Department: You have a tax refund of ₹12,500 pending. Scan QR code and approve transfer to claim.",
MSG-0121,TXN-SCAM-0121,2519,Relative in Distress Call,We have your family member. Send money now or face consequences.,"Listen carefully! We have your son in custody. If you want him back safe, transfer ₹200,000 to PAY-6370 within 30 minutes. Do not call the police or hang up!"
MSG-0122,TXN-SCAM-0122,8485,Relative in Distress Call,We have your family member. Send money now or face consequences.,"Listen carefully! We have your son in custody. If you want him back safe, transfer ₹200,000 to PAY-6370 within 30 minutes. Do not call the police or hang up!"
MSG-0123,TXN-SCAM-0123,10217,Bogus Investment Scheme,Exclusive Offer: Double your savings in 7 days with AI Quantum Trading. Wire initial deposit now to reserve slot.,"Sir, this is Apex Crypto Wealth. If you transfer ₹50,000 today to PAY-6410, our AI bot guarantees 250% return by Friday. Hundreds of users are already withdrawing profits."
MSG-0124,TXN-SCAM-0124,11000,Lottery / Prize Scam,"CONGRATULATIONS! You won ₹25,00,000 in the International Mega Draw. Pay ₹25,000 processing tax to claim reward.","Congratulations ma'am! You are our lucky grand winner. Just transfer the government customs clearance fee of ₹25,000 to PAY-6320 and ₹25 Lakhs will be credited to your account within 10 minutes."
MSG-0125,TXN-SCAM-0125,7147,Bogus Investment Scheme,Exclusive Offer: Double your savings in 7 days with AI Quantum Trading. Wire initial deposit now to reserve slot.,"Sir, this is Apex Crypto Wealth. If you transfer ₹50,000 today to PAY-6410, our AI bot guarantees 250% return by Friday. Hundreds of users are already withdrawing profits."
MSG-0126,TXN-SCAM-0126,10543,Lottery / Prize Scam,"CONGRATULATIONS! You won ₹25,00,000 in the International Mega Draw. Pay ₹25,000 processing tax to claim reward.","Congratulations ma'am! You are our lucky grand winner. Just transfer the government customs clearance fee of ₹25,000 to PAY-6320 and ₹25 Lakhs will be credited to your account within 10 minutes."
MSG-0127,TXN-SCAM-0127,2785,Relative in Distress Call,We have your family member. Send money now or face consequences.,"Listen carefully! We have your son in custody. If you want him back safe, transfer ₹200,000 to PAY-6370 within 30 minutes. Do not call the police or hang up!"
MSG-0128,TXN-SCAM-0128,8275,Friend / Relative in Need Impersonation,"Hey uncle, it's Rahul. I got into an accident in Delhi and need ₹45,000 urgently for hospital deposit. Please send to PAY-6390.","Hi uncle, I lost my wallet and my car broke down. The hospital needs a cash deposit for my friend's treatment right now. Please don't call my parents, just send money to PAY-6390 urgently!"
MSG-0129,TXN-SCAM-0129,7011,Phishing SMS / KYC Freeze,URGENT: Your KYC status expired today. Your account will be frozen in 2 hours. Click http://bank-kyc-verify.com to complete verification and update payee.,
MSG-0130,TXN-SCAM-0130,10534,Friend / Relative in Need Impersonation,"Hey uncle, it's Rahul. I got into an accident in Delhi and need ₹45,000 urgently for hospital deposit. Please send to PAY-6390.","Hi uncle, I lost my wallet and my car broke down. The hospital needs a cash deposit for my friend's treatment right now. Please don't call my parents, just send money to PAY-6390 urgently!"
MSG-0131,TXN-SCAM-0131,7785,Phishing SMS / KYC Freeze,URGENT: Your KYC status expired today. Your account will be frozen in 2 hours. Click http://bank-kyc-verify.com to complete verification and update payee.,
MSG-0132,TXN-SCAM-0132,1569,Relative in Distress Call,We have your family member. Send money now or face consequences.,"Listen carefully! We have your son in custody. If you want him back safe, transfer ₹200,000 to PAY-6370 within 30 minutes. Do not call the police or hang up!"
MSG-0133,TXN-SCAM-0133,8914,Fake Bank Officer Call,SECURITY ALERT: Your bank account is under unauthorized access. Call 1800-SAFE-BANK immediately to prevent asset lock.,"Hello, I am Officer Sharma from National Bank Security. We detected a suspicious login from Russia on your account. To protect your money, you must immediately transfer your funds to our temporary safe vault account PAY-6350. Do not hang up or contact anyone."
MSG-0134,TXN-SCAM-0134,1681,Tech Support Remote Access Scam,CRITICAL ERROR: Windows Trojan detected! Call Microsoft Support 1800-444-TECH immediately.,"Sir, your computer is broadcasting malware to bank servers. Install AnyDesk and transfer ₹35,000 security patch license fee to PAY-6340 to prevent bank account suspension."
MSG-0135,TXN-SCAM-0135,3372,Phishing SMS / KYC Freeze,URGENT: Your KYC status expired today. Your account will be frozen in 2 hours. Click http://bank-kyc-verify.com to complete verification and update payee.,
MSG-0136,TXN-SCAM-0136,3201,Deepfake Executive Wire Call,CONFIDENTIAL: Execute M&A deposit wire immediately per CEO direct memo.,"This is Chief Executive Officer David. We are closing a secret acquisition today. Wire ₹300,000 immediately to PAY-6400. Do not mention this to colleagues until press release."
MSG-0137,TXN-SCAM-0137,8790,Fake Bank Officer Call,SECURITY ALERT: Your bank account is under unauthorized access. Call 1800-SAFE-BANK immediately to prevent asset lock.,"Hello, I am Officer Sharma from National Bank Security. We detected a suspicious login from Russia on your account. To protect your money, you must immediately transfer your funds to our temporary safe vault account PAY-6350. Do not hang up or contact anyone."
MSG-0138,TXN-SCAM-0138,4406,Fake Bank Officer Call,SECURITY ALERT: Your bank account is under unauthorized access. Call 1800-SAFE-BANK immediately to prevent asset lock.,"Hello, I am Officer Sharma from National Bank Security. We detected a suspicious login from Russia on your account. To protect your money, you must immediately transfer your funds to our temporary safe vault account PAY-6350. Do not hang up or contact anyone."
MSG-0139,TXN-SCAM-0139,4900,Relative in Distress Call,We have your family member. Send money now or face consequences.,"Listen carefully! We have your son in custody. If you want him back safe, transfer ₹200,000 to PAY-6370 within 30 minutes. Do not call the police or hang up!"
MSG-0140,TXN-SCAM-0140,10377,Tech Support Remote Access Scam,CRITICAL ERROR: Windows Trojan detected! Call Microsoft Support 1800-444-TECH immediately.,"Sir, your computer is broadcasting malware to bank servers. Install AnyDesk and transfer ₹35,000 security patch license fee to PAY-6340 to prevent bank account suspension."
MSG-0141,TXN-SCAM-0141,4881,Lottery / Prize Scam,"CONGRATULATIONS! You won ₹25,00,000 in the International Mega Draw. Pay ₹25,000 processing tax to claim reward.","Congratulations ma'am! You are our lucky grand winner. Just transfer the government customs clearance fee of ₹25,000 to PAY-6320 and ₹25 Lakhs will be credited to your account within 10 minutes."
MSG-0142,TXN-SCAM-0142,4174,Phishing SMS / KYC Freeze,URGENT: Your KYC status expired today. Your account will be frozen in 2 hours. Click http://bank-kyc-verify.com to complete verification and update payee.,
MSG-0143,TXN-SCAM-0143,8165,Bogus Investment Scheme,Exclusive Offer: Double your savings in 7 days with AI Quantum Trading. Wire initial deposit now to reserve slot.,"Sir, this is Apex Crypto Wealth. If you transfer ₹50,000 today to PAY-6410, our AI bot guarantees 250% return by Friday. Hundreds of users are already withdrawing profits."
MSG-0144,TXN-SCAM-0144,5264,Relative in Distress Call,We have your family member. Send money now or face consequences.,"Listen carefully! We have your son in custody. If you want him back safe, transfer ₹200,000 to PAY-6370 within 30 minutes. Do not call the police or hang up!"
MSG-0145,TXN-SCAM-0145,3584,Phishing SMS / KYC Freeze,URGENT: Your KYC status expired today. Your account will be frozen in 2 hours. Click http://bank-kyc-verify.com to complete verification and update payee.,
MSG-0146,TXN-SCAM-0146,10547,Friend / Relative in Need Impersonation,"Hey uncle, it's Rahul. I got into an accident in Delhi and need ₹45,000 urgently for hospital deposit. Please send to PAY-6390.","Hi uncle, I lost my wallet and my car broke down. The hospital needs a cash deposit for my friend's treatment right now. Please don't call my parents, just send money to PAY-6390 urgently!"
MSG-0147,TXN-SCAM-0147,2486,Relative in Distress Call,We have your family member. Send money now or face consequences.,"Listen carefully! We have your son in custody. If you want him back safe, transfer ₹200,000 to PAY-6370 within 30 minutes. Do not call the police or hang up!"
MSG-0148,TXN-SCAM-0148,6890,Lottery / Prize Scam,"CONGRATULATIONS! You won ₹25,00,000 in the International Mega Draw. Pay ₹25,000 processing tax to claim reward.","Congratulations ma'am! You are our lucky grand winner. Just transfer the government customs clearance fee of ₹25,000 to PAY-6320 and ₹25 Lakhs will be credited to your account within 10 minutes."
MSG-0149,TXN-SCAM-0149,2062,Friend / Relative in Need Impersonation,"Hey uncle, it's Rahul. I got into an accident in Delhi and need ₹45,000 urgently for hospital deposit. Please send to PAY-6390.","Hi uncle, I lost my wallet and my car broke down. The hospital needs a cash deposit for my friend's treatment right now. Please don't call my parents, just send money to PAY-6390 urgently!"
MSG-0150,TXN-SCAM-0150,8292,Fake Bank Officer Call,SECURITY ALERT: Your bank account is under unauthorized access. Call 1800-SAFE-BANK immediately to prevent asset lock.,"Hello, I am Officer Sharma from National Bank Security. We detected a suspicious login from Russia on your account. To protect your money, you must immediately transfer your funds to our temporary safe vault account PAY-6350. Do not hang up or contact anyone."
MSG-0151,TXN-SCAM-0151,1147,Bogus Investment Scheme,Exclusive Offer: Double your savings in 7 days with AI Quantum Trading. Wire initial deposit now to reserve slot.,"Sir, this is Apex Crypto Wealth. If you transfer ₹50,000 today to PAY-6410, our AI bot guarantees 250% return by Friday. Hundreds of users are already withdrawing profits."
MSG-0152,TXN-SCAM-0152,1096,Friend / Relative in Need Impersonation,"Hey uncle, it's Rahul. I got into an accident in Delhi and need ₹45,000 urgently for hospital deposit. Please send to PAY-6390.","Hi uncle, I lost my wallet and my car broke down. The hospital needs a cash deposit for my friend's treatment right now. Please don't call my parents, just send money to PAY-6390 urgently!"
MSG-0153,TXN-SCAM-0153,3357,Bogus Investment Scheme,Exclusive Offer: Double your savings in 7 days with AI Quantum Trading. Wire initial deposit now to reserve slot.,"Sir, this is Apex Crypto Wealth. If you transfer ₹50,000 today to PAY-6410, our AI bot guarantees 250% return by Friday. Hundreds of users are already withdrawing profits."
MSG-0154,TXN-SCAM-0154,8270,Malicious QR Code Scam,"Municipal Tax Department: You have a tax refund of ₹12,500 pending. Scan QR code and approve transfer to claim.",
MSG-0155,TXN-SCAM-0155,7526,Fake Bank Officer Call,SECURITY ALERT: Your bank account is under unauthorized access. Call 1800-SAFE-BANK immediately to prevent asset lock.,"Hello, I am Officer Sharma from National Bank Security. We detected a suspicious login from Russia on your account. To protect your money, you must immediately transfer your funds to our temporary safe vault account PAY-6350. Do not hang up or contact anyone."
MSG-0156,TXN-SCAM-0156,3020,Fake Law Enforcement Coercion,LEGAL NOTICE: High Court warrant issued against your Aadhaar/SSN for money laundering. Contact Inspector Verma immediately.,"This is Inspector Verma from Crime Branch. Your name is linked to a seized cartel account. You must deposit ₹150,000 to government court escrow PAY-6380 for audit before 5 PM to avoid instant arrest."
MSG-0157,TXN-SCAM-0157,3400,Phishing SMS / KYC Freeze,URGENT: Your KYC status expired today. Your account will be frozen in 2 hours. Click http://bank-kyc-verify.com to complete verification and update payee.,
MSG-0158,TXN-SCAM-0158,3723,Tech Support Remote Access Scam,CRITICAL ERROR: Windows Trojan detected! Call Microsoft Support 1800-444-TECH immediately.,"Sir, your computer is broadcasting malware to bank servers. Install AnyDesk and transfer ₹35,000 security patch license fee to PAY-6340 to prevent bank account suspension."
MSG-0159,TXN-SCAM-0159,5588,Malicious QR Code Scam,"Municipal Tax Department: You have a tax refund of ₹12,500 pending. Scan QR code and approve transfer to claim.",
MSG-0160,TXN-SCAM-0160,2040,Relative in Distress Call,We have your family member. Send money now or face consequences.,"Listen carefully! We have your son in custody. If you want him back safe, transfer ₹200,000 to PAY-6370 within 30 minutes. Do not call the police or hang up!"
MSG-0161,TXN-SCAM-0161,8690,Fake Law Enforcement Coercion,LEGAL NOTICE: High Court warrant issued against your Aadhaar/SSN for money laundering. Contact Inspector Verma immediately.,"This is Inspector Verma from Crime Branch. Your name is linked to a seized cartel account. You must deposit ₹150,000 to government court escrow PAY-6380 for audit before 5 PM to avoid instant arrest."
MSG-0162,TXN-SCAM-0162,8118,Malicious QR Code Scam,"Municipal Tax Department: You have a tax refund of ₹12,500 pending. Scan QR code and approve transfer to claim.",
MSG-0163,TXN-SCAM-0163,2933,Friend / Relative in Need Impersonation,"Hey uncle, it's Rahul. I got into an accident in Delhi and need ₹45,000 urgently for hospital deposit. Please send to PAY-6390.","Hi uncle, I lost my wallet and my car broke down. The hospital needs a cash deposit for my friend's treatment right now. Please don't call my parents, just send money to PAY-6390 urgently!"
MSG-0164,TXN-SCAM-0164,1096,Deepfake Executive Wire Call,CONFIDENTIAL: Execute M&A deposit wire immediately per CEO direct memo.,"This is Chief Executive Officer David. We are closing a secret acquisition today. Wire ₹300,000 immediately to PAY-6400. Do not mention this to colleagues until press release."
MSG-0165,TXN-SCAM-0165,4927,Phishing SMS / KYC Freeze,URGENT: Your KYC status expired today. Your account will be frozen in 2 hours. Click http://bank-kyc-verify.com to complete verification and update payee.,
MSG-0166,TXN-SCAM-0166,6898,Phishing SMS / KYC Freeze,URGENT: Your KYC status expired today. Your account will be frozen in 2 hours. Click http://bank-kyc-verify.com to complete verification and update payee.,
MSG-0167,TXN-SCAM-0167,10778,Fake Law Enforcement Coercion,LEGAL NOTICE: High Court warrant issued against your Aadhaar/SSN for money laundering. Contact Inspector Verma immediately.,"This is Inspector Verma from Crime Branch. Your name is linked to a seized cartel account. You must deposit ₹150,000 to government court escrow PAY-6380 for audit before 5 PM to avoid instant arrest."
MSG-0168,TXN-SCAM-0168,1160,Lottery / Prize Scam,"CONGRATULATIONS! You won ₹25,00,000 in the International Mega Draw. Pay ₹25,000 processing tax to claim reward.","Congratulations ma'am! You are our lucky grand winner. Just transfer the government customs clearance fee of ₹25,000 to PAY-6320 and ₹25 Lakhs will be credited to your account within 10 minutes."
MSG-0169,TXN-SCAM-0169,2352,Tech Support Remote Access Scam,CRITICAL ERROR: Windows Trojan detected! Call Microsoft Support 1800-444-TECH immediately.,"Sir, your computer is broadcasting malware to bank servers. Install AnyDesk and transfer ₹35,000 security patch license fee to PAY-6340 to prevent bank account suspension."
MSG-0170,TXN-SCAM-0170,8325,Malicious QR Code Scam,"Municipal Tax Department: You have a tax refund of ₹12,500 pending. Scan QR code and approve transfer to claim.",
MSG-0171,TXN-SCAM-0171,6233,Lottery / Prize Scam,"CONGRATULATIONS! You won ₹25,00,000 in the International Mega Draw. Pay ₹25,000 processing tax to claim reward.","Congratulations ma'am! You are our lucky grand winner. Just transfer the government customs clearance fee of ₹25,000 to PAY-6320 and ₹25 Lakhs will be credited to your account within 10 minutes."
MSG-0172,TXN-SCAM-0172,10822,Deepfake Executive Wire Call,CONFIDENTIAL: Execute M&A deposit wire immediately per CEO direct memo.,"This is Chief Executive Officer David. We are closing a secret acquisition today. Wire ₹300,000 immediately to PAY-6400. Do not mention this to colleagues until press release."
MSG-0173,TXN-SCAM-0173,3423,Relative in Distress Call,We have your family member. Send money now or face consequences.,"Listen carefully! We have your son in custody. If you want him back safe, transfer ₹200,000 to PAY-6370 within 30 minutes. Do not call the police or hang up!"
MSG-0174,TXN-SCAM-0174,5159,Fake Law Enforcement Coercion,LEGAL NOTICE: High Court warrant issued against your Aadhaar/SSN for money laundering. Contact Inspector Verma immediately.,"This is Inspector Verma from Crime Branch. Your name is linked to a seized cartel account. You must deposit ₹150,000 to government court escrow PAY-6380 for audit before 5 PM to avoid instant arrest."
MSG-0175,TXN-SCAM-0175,10385,Lottery / Prize Scam,"CONGRATULATIONS! You won ₹25,00,000 in the International Mega Draw. Pay ₹25,000 processing tax to claim reward.","Congratulations ma'am! You are our lucky grand winner. Just transfer the government customs clearance fee of ₹25,000 to PAY-6320 and ₹25 Lakhs will be credited to your account within 10 minutes."
MSG-0176,TXN-SCAM-0176,9132,Bogus Investment Scheme,Exclusive Offer: Double your savings in 7 days with AI Quantum Trading. Wire initial deposit now to reserve slot.,"Sir, this is Apex Crypto Wealth. If you transfer ₹50,000 today to PAY-6410, our AI bot guarantees 250% return by Friday. Hundreds of users are already withdrawing profits."
MSG-0177,TXN-SCAM-0177,8469,Malicious QR Code Scam,"Municipal Tax Department: You have a tax refund of ₹12,500 pending. Scan QR code and approve transfer to claim.",
MSG-0178,TXN-SCAM-0178,1510,Malicious QR Code Scam,"Municipal Tax Department: You have a tax refund of ₹12,500 pending. Scan QR code and approve transfer to claim.",
MSG-0179,TXN-SCAM-0179,9335,Friend / Relative in Need Impersonation,"Hey uncle, it's Rahul. I got into an accident in Delhi and need ₹45,000 urgently for hospital deposit. Please send to PAY-6390.","Hi uncle, I lost my wallet and my car broke down. The hospital needs a cash deposit for my friend's treatment right now. Please don't call my parents, just send money to PAY-6390 urgently!"
MSG-0180,TXN-SCAM-0180,8491,Lottery / Prize Scam,"CONGRATULATIONS! You won ₹25,00,000 in the International Mega Draw. Pay ₹25,000 processing tax to claim reward.","Congratulations ma'am! You are our lucky grand winner. Just transfer the government customs clearance fee of ₹25,000 to PAY-6320 and ₹25 Lakhs will be credited to your account within 10 minutes."
MSG-0181,TXN-SCAM-0181,5508,Relative in Distress Call,We have your family member. Send money now or face consequences.,"Listen carefully! We have your son in custody. If you want him back safe, transfer ₹200,000 to PAY-6370 within 30 minutes. Do not call the police or hang up!"
MSG-0182,TXN-SCAM-0182,7753,Lottery / Prize Scam,"CONGRATULATIONS! You won ₹25,00,000 in the International Mega Draw. Pay ₹25,000 processing tax to claim reward.","Congratulations ma'am! You are our lucky grand winner. Just transfer the government customs clearance fee of ₹25,000 to PAY-6320 and ₹25 Lakhs will be credited to your account within 10 minutes."
MSG-0183,TXN-SCAM-0183,10731,Tech Support Remote Access Scam,CRITICAL ERROR: Windows Trojan detected! Call Microsoft Support 1800-444-TECH immediately.,"Sir, your computer is broadcasting malware to bank servers. Install AnyDesk and transfer ₹35,000 security patch license fee to PAY-6340 to prevent bank account suspension."
MSG-0184,TXN-SCAM-0184,8583,Deepfake Executive Wire Call,CONFIDENTIAL: Execute M&A deposit wire immediately per CEO direct memo.,"This is Chief Executive Officer David. We are closing a secret acquisition today. Wire ₹300,000 immediately to PAY-6400. Do not mention this to colleagues until press release."
MSG-0185,TXN-SCAM-0185,4482,Phishing SMS / KYC Freeze,URGENT: Your KYC status expired today. Your account will be frozen in 2 hours. Click http://bank-kyc-verify.com to complete verification and update payee.,
MSG-0186,TXN-SCAM-0186,4149,Relative in Distress Call,We have your family member. Send money now or face consequences.,"Listen carefully! We have your son in custody. If you want him back safe, transfer ₹200,000 to PAY-6370 within 30 minutes. Do not call the police or hang up!"
MSG-0187,TXN-SCAM-0187,6970,Relative in Distress Call,We have your family member. Send money now or face consequences.,"Listen carefully! We have your son in custody. If you want him back safe, transfer ₹200,000 to PAY-6370 within 30 minutes. Do not call the police or hang up!"
MSG-0188,TXN-SCAM-0188,1368,Lottery / Prize Scam,"CONGRATULATIONS! You won ₹25,00,000 in the International Mega Draw. Pay ₹25,000 processing tax to claim reward.","Congratulations ma'am! You are our lucky grand winner. Just transfer the government customs clearance fee of ₹25,000 to PAY-6320 and ₹25 Lakhs will be credited to your account within 10 minutes."
MSG-0189,TXN-SCAM-0189,2097,Phishing SMS / KYC Freeze,URGENT: Your KYC status expired today. Your account will be frozen in 2 hours. Click http://bank-kyc-verify.com to complete verification and update payee.,
MSG-0190,TXN-SCAM-0190,10703,Fake Bank Officer Call,SECURITY ALERT: Your bank account is under unauthorized access. Call 1800-SAFE-BANK immediately to prevent asset lock.,"Hello, I am Officer Sharma from National Bank Security. We detected a suspicious login from Russia on your account. To protect your money, you must immediately transfer your funds to our temporary safe vault account PAY-6350. Do not hang up or contact anyone."
MSG-0191,TXN-SCAM-0191,1981,Bogus Investment Scheme,Exclusive Offer: Double your savings in 7 days with AI Quantum Trading. Wire initial deposit now to reserve slot.,"Sir, this is Apex Crypto Wealth. If you transfer ₹50,000 today to PAY-6410, our AI bot guarantees 250% return by Friday. Hundreds of users are already withdrawing profits."
MSG-0192,TXN-SCAM-0192,5887,Fake Bank Officer Call,SECURITY ALERT: Your bank account is under unauthorized access. Call 1800-SAFE-BANK immediately to prevent asset lock.,"Hello, I am Officer Sharma from National Bank Security. We detected a suspicious login from Russia on your account. To protect your money, you must immediately transfer your funds to our temporary safe vault account PAY-6350. Do not hang up or contact anyone."
MSG-0193,TXN-SCAM-0193,8426,Phishing SMS / KYC Freeze,URGENT: Your KYC status expired today. Your account will be frozen in 2 hours. Click http://bank-kyc-verify.com to complete verification and update payee.,
MSG-0194,TXN-SCAM-0194,3644,Relative in Distress Call,We have your family member. Send money now or face consequences.,"Listen carefully! We have your son in custody. If you want him back safe, transfer ₹200,000 to PAY-6370 within 30 minutes. Do not call the police or hang up!"
MSG-0195,TXN-SCAM-0195,4908,Relative in Distress Call,We have your family member. Send money now or face consequences.,"Listen carefully! We have your son in custody. If you want him back safe, transfer ₹200,000 to PAY-6370 within 30 minutes. Do not call the police or hang up!"
MSG-0196,TXN-SCAM-0196,2897,Bogus Investment Scheme,Exclusive Offer: Double your savings in 7 days with AI Quantum Trading. Wire initial deposit now to reserve slot.,"Sir, this is Apex Crypto Wealth. If you transfer ₹50,000 today to PAY-6410, our AI bot guarantees 250% return by Friday. Hundreds of users are already withdrawing profits."
MSG-0197,TXN-SCAM-0197,6160,Deepfake Executive Wire Call,CONFIDENTIAL: Execute M&A deposit wire immediately per CEO direct memo.,"This is Chief Executive Officer David. We are closing a secret acquisition today. Wire ₹300,000 immediately to PAY-6400. Do not mention this to colleagues until press release."
MSG-0198,TXN-SCAM-0198,8221,Malicious QR Code Scam,"Municipal Tax Department: You have a tax refund of ₹12,500 pending. Scan QR code and approve transfer to claim.",
MSG-0199,TXN-SCAM-0199,3241,Lottery / Prize Scam,"CONGRATULATIONS! You won ₹25,00,000 in the International Mega Draw. Pay ₹25,000 processing tax to claim reward.","Congratulations ma'am! You are our lucky grand winner. Just transfer the government customs clearance fee of ₹25,000 to PAY-6320 and ₹25 Lakhs will be credited to your account within 10 minutes."
MSG-0200,TXN-SCAM-0200,1976,Tech Support Remote Access Scam,CRITICAL ERROR: Windows Trojan detected! Call Microsoft Support 1800-444-TECH immediately.,"Sir, your computer is broadcasting malware to bank servers. Install AnyDesk and transfer ₹35,000 security patch license fee to PAY-6340 to prevent bank account suspension."
MSG-0201,TXN-SCAM-0201,5119,Lottery / Prize Scam,"CONGRATULATIONS! You won ₹25,00,000 in the International Mega Draw. Pay ₹25,000 processing tax to claim reward.","Congratulations ma'am! You are our lucky grand winner. Just transfer the government customs clearance fee of ₹25,000 to PAY-6320 and ₹25 Lakhs will be credited to your account within 10 minutes."
MSG-0202,TXN-SCAM-0202,5016,Fake Bank Officer Call,SECURITY ALERT: Your bank account is under unauthorized access. Call 1800-SAFE-BANK immediately to prevent asset lock.,"Hello, I am Officer Sharma from National Bank Security. We detected a suspicious login from Russia on your account. To protect your money, you must immediately transfer your funds to our temporary safe vault account PAY-6350. Do not hang up or contact anyone."
MSG-0203,TXN-SCAM-0203,10331,Bogus Investment Scheme,Exclusive Offer: Double your savings in 7 days with AI Quantum Trading. Wire initial deposit now to reserve slot.,"Sir, this is Apex Crypto Wealth. If you transfer ₹50,000 today to PAY-6410, our AI bot guarantees 250% return by Friday. Hundreds of users are already withdrawing profits."
MSG-0204,TXN-SCAM-0204,2034,Deepfake Executive Wire Call,CONFIDENTIAL: Execute M&A deposit wire immediately per CEO direct memo.,"This is Chief Executive Officer David. We are closing a secret acquisition today. Wire ₹300,000 immediately to PAY-6400. Do not mention this to colleagues until press release."
MSG-0205,TXN-SCAM-0205,4166,Fake Bank Officer Call,SECURITY ALERT: Your bank account is under unauthorized access. Call 1800-SAFE-BANK immediately to prevent asset lock.,"Hello, I am Officer Sharma from National Bank Security. We detected a suspicious login from Russia on your account. To protect your money, you must immediately transfer your funds to our temporary safe vault account PAY-6350. Do not hang up or contact anyone."
MSG-0206,TXN-SCAM-0206,2943,Phishing SMS / KYC Freeze,URGENT: Your KYC status expired today. Your account will be frozen in 2 hours. Click http://bank-kyc-verify.com to complete verification and update payee.,
MSG-0207,TXN-SCAM-0207,7984,Relative in Distress Call,We have your family member. Send money now or face consequences.,"Listen carefully! We have your son in custody. If you want him back safe, transfer ₹200,000 to PAY-6370 within 30 minutes. Do not call the police or hang up!"
MSG-0208,TXN-SCAM-0208,9288,Fake Bank Officer Call,SECURITY ALERT: Your bank account is under unauthorized access. Call 1800-SAFE-BANK immediately to prevent asset lock.,"Hello, I am Officer Sharma from National Bank Security. We detected a suspicious login from Russia on your account. To protect your money, you must immediately transfer your funds to our temporary safe vault account PAY-6350. Do not hang up or contact anyone."
MSG-0209,TXN-SCAM-0209,2637,Fake Law Enforcement Coercion,LEGAL NOTICE: High Court warrant issued against your Aadhaar/SSN for money laundering. Contact Inspector Verma immediately.,"This is Inspector Verma from Crime Branch. Your name is linked to a seized cartel account. You must deposit ₹150,000 to government court escrow PAY-6380 for audit before 5 PM to avoid instant arrest."
MSG-0210,TXN-SCAM-0210,6811,Relative in Distress Call,We have your family member. Send money now or face consequences.,"Listen carefully! We have your son in custody. If you want him back safe, transfer ₹200,000 to PAY-6370 within 30 minutes. Do not call the police or hang up!"
MSG-0211,TXN-SCAM-0211,4619,Malicious QR Code Scam,"Municipal Tax Department: You have a tax refund of ₹12,500 pending. Scan QR code and approve transfer to claim.",
MSG-0212,TXN-SCAM-0212,10690,Relative in Distress Call,We have your family member. Send money now or face consequences.,"Listen carefully! We have your son in custody. If you want him back safe, transfer ₹200,000 to PAY-6370 within 30 minutes. Do not call the police or hang up!"
MSG-0213,TXN-SCAM-0213,8682,Malicious QR Code Scam,"Municipal Tax Department: You have a tax refund of ₹12,500 pending. Scan QR code and approve transfer to claim.",
MSG-0214,TXN-SCAM-0214,6330,Phishing SMS / KYC Freeze,URGENT: Your KYC status expired today. Your account will be frozen in 2 hours. Click http://bank-kyc-verify.com to complete verification and update payee.,
MSG-0215,TXN-SCAM-0215,8515,Friend / Relative in Need Impersonation,"Hey uncle, it's Rahul. I got into an accident in Delhi and need ₹45,000 urgently for hospital deposit. Please send to PAY-6390.","Hi uncle, I lost my wallet and my car broke down. The hospital needs a cash deposit for my friend's treatment right now. Please don't call my parents, just send money to PAY-6390 urgently!"
MSG-0216,TXN-SCAM-0216,7174,Fake Bank Officer Call,SECURITY ALERT: Your bank account is under unauthorized access. Call 1800-SAFE-BANK immediately to prevent asset lock.,"Hello, I am Officer Sharma from National Bank Security. We detected a suspicious login from Russia on your account. To protect your money, you must immediately transfer your funds to our temporary safe vault account PAY-6350. Do not hang up or contact anyone."
MSG-0217,TXN-SCAM-0217,6134,Relative in Distress Call,We have your family member. Send money now or face consequences.,"Listen carefully! We have your son in custody. If you want him back safe, transfer ₹200,000 to PAY-6370 within 30 minutes. Do not call the police or hang up!"
MSG-0218,TXN-SCAM-0218,7392,Tech Support Remote Access Scam,CRITICAL ERROR: Windows Trojan detected! Call Microsoft Support 1800-444-TECH immediately.,"Sir, your computer is broadcasting malware to bank servers. Install AnyDesk and transfer ₹35,000 security patch license fee to PAY-6340 to prevent bank account suspension."
MSG-0219,TXN-SCAM-0219,1020,Malicious QR Code Scam,"Municipal Tax Department: You have a tax refund of ₹12,500 pending. Scan QR code and approve transfer to claim.",
MSG-0220,TXN-SCAM-0220,8050,Lottery / Prize Scam,"CONGRATULATIONS! You won ₹25,00,000 in the International Mega Draw. Pay ₹25,000 processing tax to claim reward.","Congratulations ma'am! You are our lucky grand winner. Just transfer the government customs clearance fee of ₹25,000 to PAY-6320 and ₹25 Lakhs will be credited to your account within 10 minutes."
MSG-0221,TXN-SCAM-0221,2567,Tech Support Remote Access Scam,CRITICAL ERROR: Windows Trojan detected! Call Microsoft Support 1800-444-TECH immediately.,"Sir, your computer is broadcasting malware to bank servers. Install AnyDesk and transfer ₹35,000 security patch license fee to PAY-6340 to prevent bank account suspension."
MSG-0222,TXN-SCAM-0222,2889,Malicious QR Code Scam,"Municipal Tax Department: You have a tax refund of ₹12,500 pending. Scan QR code and approve transfer to claim.",
MSG-0223,TXN-SCAM-0223,10363,Phishing SMS / KYC Freeze,URGENT: Your KYC status expired today. Your account will be frozen in 2 hours. Click http://bank-kyc-verify.com to complete verification and update payee.,
MSG-0224,TXN-SCAM-0224,9732,Relative in Distress Call,We have your family member. Send money now or face consequences.,"Listen carefully! We have your son in custody. If you want him back safe, transfer ₹200,000 to PAY-6370 within 30 minutes. Do not call the police or hang up!"
MSG-0225,TXN-SCAM-0225,4744,Fake Law Enforcement Coercion,LEGAL NOTICE: High Court warrant issued against your Aadhaar/SSN for money laundering. Contact Inspector Verma immediately.,"This is Inspector Verma from Crime Branch. Your name is linked to a seized cartel account. You must deposit ₹150,000 to government court escrow PAY-6380 for audit before 5 PM to avoid instant arrest."
MSG-0226,TXN-SCAM-0226,8572,Malicious QR Code Scam,"Municipal Tax Department: You have a tax refund of ₹12,500 pending. Scan QR code and approve transfer to claim.",
MSG-0227,TXN-SCAM-0227,9824,Lottery / Prize Scam,"CONGRATULATIONS! You won ₹25,00,000 in the International Mega Draw. Pay ₹25,000 processing tax to claim reward.","Congratulations ma'am! You are our lucky grand winner. Just transfer the government customs clearance fee of ₹25,000 to PAY-6320 and ₹25 Lakhs will be credited to your account within 10 minutes."
MSG-0228,TXN-SCAM-0228,1956,Bogus Investment Scheme,Exclusive Offer: Double your savings in 7 days with AI Quantum Trading. Wire initial deposit now to reserve slot.,"Sir, this is Apex Crypto Wealth. If you transfer ₹50,000 today to PAY-6410, our AI bot guarantees 250% return by Friday. Hundreds of users are already withdrawing profits."
MSG-0229,TXN-SCAM-0229,1199,Bogus Investment Scheme,Exclusive Offer: Double your savings in 7 days with AI Quantum Trading. Wire initial deposit now to reserve slot.,"Sir, this is Apex Crypto Wealth. If you transfer ₹50,000 today to PAY-6410, our AI bot guarantees 250% return by Friday. Hundreds of users are already withdrawing profits."
MSG-0230,TXN-SCAM-0230,2426,Malicious QR Code Scam,"Municipal Tax Department: You have a tax refund of ₹12,500 pending. Scan QR code and approve transfer to claim.",
MSG-0231,TXN-SCAM-0231,7636,Lottery / Prize Scam,"CONGRATULATIONS! You won ₹25,00,000 in the International Mega Draw. Pay ₹25,000 processing tax to claim reward.","Congratulations ma'am! You are our lucky grand winner. Just transfer the government customs clearance fee of ₹25,000 to PAY-6320 and ₹25 Lakhs will be credited to your account within 10 minutes."
MSG-0232,TXN-SCAM-0232,3800,Phishing SMS / KYC Freeze,URGENT: Your KYC status expired today. Your account will be frozen in 2 hours. Click http://bank-kyc-verify.com to complete verification and update payee.,
MSG-0233,TXN-SCAM-0233,9760,Fake Bank Officer Call,SECURITY ALERT: Your bank account is under unauthorized access. Call 1800-SAFE-BANK immediately to prevent asset lock.,"Hello, I am Officer Sharma from National Bank Security. We detected a suspicious login from Russia on your account. To protect your money, you must immediately transfer your funds to our temporary safe vault account PAY-6350. Do not hang up or contact anyone."
MSG-0234,TXN-SCAM-0234,8154,Tech Support Remote Access Scam,CRITICAL ERROR: Windows Trojan detected! Call Microsoft Support 1800-444-TECH immediately.,"Sir, your computer is broadcasting malware to bank servers. Install AnyDesk and transfer ₹35,000 security patch license fee to PAY-6340 to prevent bank account suspension."
MSG-0235,TXN-SCAM-0235,9978,Deepfake Executive Wire Call,CONFIDENTIAL: Execute M&A deposit wire immediately per CEO direct memo.,"This is Chief Executive Officer David. We are closing a secret acquisition today. Wire ₹300,000 immediately to PAY-6400. Do not mention this to colleagues until press release."
MSG-0236,TXN-SCAM-0236,2892,Fake Bank Officer Call,SECURITY ALERT: Your bank account is under unauthorized access. Call 1800-SAFE-BANK immediately to prevent asset lock.,"Hello, I am Officer Sharma from National Bank Security. We detected a suspicious login from Russia on your account. To protect your money, you must immediately transfer your funds to our temporary safe vault account PAY-6350. Do not hang up or contact anyone."
MSG-0237,TXN-SCAM-0237,6000,Relative in Distress Call,We have your family member. Send money now or face consequences.,"Listen carefully! We have your son in custody. If you want him back safe, transfer ₹200,000 to PAY-6370 within 30 minutes. Do not call the police or hang up!"
MSG-0238,TXN-SCAM-0238,5302,Bogus Investment Scheme,Exclusive Offer: Double your savings in 7 days with AI Quantum Trading. Wire initial deposit now to reserve slot.,"Sir, this is Apex Crypto Wealth. If you transfer ₹50,000 today to PAY-6410, our AI bot guarantees 250% return by Friday. Hundreds of users are already withdrawing profits."
MSG-0239,TXN-SCAM-0239,9708,Friend / Relative in Need Impersonation,"Hey uncle, it's Rahul. I got into an accident in Delhi and need ₹45,000 urgently for hospital deposit. Please send to PAY-6390.","Hi uncle, I lost my wallet and my car broke down. The hospital needs a cash deposit for my friend's treatment right now. Please don't call my parents, just send money to PAY-6390 urgently!"
MSG-0240,TXN-SCAM-0240,9151,Lottery / Prize Scam,"CONGRATULATIONS! You won ₹25,00,000 in the International Mega Draw. Pay ₹25,000 processing tax to claim reward.","Congratulations ma'am! You are our lucky grand winner. Just transfer the government customs clearance fee of ₹25,000 to PAY-6320 and ₹25 Lakhs will be credited to your account within 10 minutes."
MSG-0241,TXN-SCAM-0241,10014,Tech Support Remote Access Scam,CRITICAL ERROR: Windows Trojan detected! Call Microsoft Support 1800-444-TECH immediately.,"Sir, your computer is broadcasting malware to bank servers. Install AnyDesk and transfer ₹35,000 security patch license fee to PAY-6340 to prevent bank account suspension."
MSG-0242,TXN-SCAM-0242,7860,Relative in Distress Call,We have your family member. Send money now or face consequences.,"Listen carefully! We have your son in custody. If you want him back safe, transfer ₹200,000 to PAY-6370 within 30 minutes. Do not call the police or hang up!"
MSG-0243,TXN-SCAM-0243,6395,Fake Law Enforcement Coercion,LEGAL NOTICE: High Court warrant issued against your Aadhaar/SSN for money laundering. Contact Inspector Verma immediately.,"This is Inspector Verma from Crime Branch. Your name is linked to a seized cartel account. You must deposit ₹150,000 to government court escrow PAY-6380 for audit before 5 PM to avoid instant arrest."
MSG-0244,TXN-SCAM-0244,5959,Fake Law Enforcement Coercion,LEGAL NOTICE: High Court warrant issued against your Aadhaar/SSN for money laundering. Contact Inspector Verma immediately.,"This is Inspector Verma from Crime Branch. Your name is linked to a seized cartel account. You must deposit ₹150,000 to government court escrow PAY-6380 for audit before 5 PM to avoid instant arrest."
MSG-0245,TXN-SCAM-0245,10765,Deepfake Executive Wire Call,CONFIDENTIAL: Execute M&A deposit wire immediately per CEO direct memo.,"This is Chief Executive Officer David. We are closing a secret acquisition today. Wire ₹300,000 immediately to PAY-6400. Do not mention this to colleagues until press release."
MSG-0246,TXN-SCAM-0246,6706,Fake Bank Officer Call,SECURITY ALERT: Your bank account is under unauthorized access. Call 1800-SAFE-BANK immediately to prevent asset lock.,"Hello, I am Officer Sharma from National Bank Security. We detected a suspicious login from Russia on your account. To protect your money, you must immediately transfer your funds to our temporary safe vault account PAY-6350. Do not hang up or contact anyone."
MSG-0247,TXN-SCAM-0247,10354,Fake Law Enforcement Coercion,LEGAL NOTICE: High Court warrant issued against your Aadhaar/SSN for money laundering. Contact Inspector Verma immediately.,"This is Inspector Verma from Crime Branch. Your name is linked to a seized cartel account. You must deposit ₹150,000 to government court escrow PAY-6380 for audit before 5 PM to avoid instant arrest."
MSG-0248,TXN-SCAM-0248,9754,Lottery / Prize Scam,"CONGRATULATIONS! You won ₹25,00,000 in the International Mega Draw. Pay ₹25,000 processing tax to claim reward.","Congratulations ma'am! You are our lucky grand winner. Just transfer the government customs clearance fee of ₹25,000 to PAY-6320 and ₹25 Lakhs will be credited to your account within 10 minutes."
MSG-0249,TXN-SCAM-0249,5006,Bogus Investment Scheme,Exclusive Offer: Double your savings in 7 days with AI Quantum Trading. Wire initial deposit now to reserve slot.,"Sir, this is Apex Crypto Wealth. If you transfer ₹50,000 today to PAY-6410, our AI bot guarantees 250% return by Friday. Hundreds of users are already withdrawing profits."
MSG-0250,TXN-SCAM-0250,8352,Malicious QR Code Scam,"Municipal Tax Department: You have a tax refund of ₹12,500 pending. Scan QR code and approve transfer to claim.",
MSG-0251,TXN-SCAM-0251,4860,Tech Support Remote Access Scam,CRITICAL ERROR: Windows Trojan detected! Call Microsoft Support 1800-444-TECH immediately.,"Sir, your computer is broadcasting malware to bank servers. Install AnyDesk and transfer ₹35,000 security patch license fee to PAY-6340 to prevent bank account suspension."
MSG-0252,TXN-SCAM-0252,1449,Bogus Investment Scheme,Exclusive Offer: Double your savings in 7 days with AI Quantum Trading. Wire initial deposit now to reserve slot.,"Sir, this is Apex Crypto Wealth. If you transfer ₹50,000 today to PAY-6410, our AI bot guarantees 250% return by Friday. Hundreds of users are already withdrawing profits."
MSG-0253,TXN-SCAM-0253,4832,Deepfake Executive Wire Call,CONFIDENTIAL: Execute M&A deposit wire immediately per CEO direct memo.,"This is Chief Executive Officer David. We are closing a secret acquisition today. Wire ₹300,000 immediately to PAY-6400. Do not mention this to colleagues until press release."
MSG-0254,TXN-SCAM-0254,9503,Phishing SMS / KYC Freeze,URGENT: Your KYC status expired today. Your account will be frozen in 2 hours. Click http://bank-kyc-verify.com to complete verification and update payee.,
MSG-0255,TXN-SCAM-0255,10441,Fake Law Enforcement Coercion,LEGAL NOTICE: High Court warrant issued against your Aadhaar/SSN for money laundering. Contact Inspector Verma immediately.,"This is Inspector Verma from Crime Branch. Your name is linked to a seized cartel account. You must deposit ₹150,000 to government court escrow PAY-6380 for audit before 5 PM to avoid instant arrest."
MSG-0256,TXN-SCAM-0256,5058,Friend / Relative in Need Impersonation,"Hey uncle, it's Rahul. I got into an accident in Delhi and need ₹45,000 urgently for hospital deposit. Please send to PAY-6390.","Hi uncle, I lost my wallet and my car broke down. The hospital needs a cash deposit for my friend's treatment right now. Please don't call my parents, just send money to PAY-6390 urgently!"
MSG-0257,TXN-SCAM-0257,8159,Tech Support Remote Access Scam,CRITICAL ERROR: Windows Trojan detected! Call Microsoft Support 1800-444-TECH immediately.,"Sir, your computer is broadcasting malware to bank servers. Install AnyDesk and transfer ₹35,000 security patch license fee to PAY-6340 to prevent bank account suspension."
MSG-0258,TXN-SCAM-0258,9387,Lottery / Prize Scam,"CONGRATULATIONS! You won ₹25,00,000 in the International Mega Draw. Pay ₹25,000 processing tax to claim reward.","Congratulations ma'am! You are our lucky grand winner. Just transfer the government customs clearance fee of ₹25,000 to PAY-6320 and ₹25 Lakhs will be credited to your account within 10 minutes."
MSG-0259,TXN-SCAM-0259,1822,Relative in Distress Call,We have your family member. Send money now or face consequences.,"Listen carefully! We have your son in custody. If you want him back safe, transfer ₹200,000 to PAY-6370 within 30 minutes. Do not call the police or hang up!"
MSG-0260,TXN-SCAM-0260,7576,Lottery / Prize Scam,"CONGRATULATIONS! You won ₹25,00,000 in the International Mega Draw. Pay ₹25,000 processing tax to claim reward.","Congratulations ma'am! You are our lucky grand winner. Just transfer the government customs clearance fee of ₹25,000 to PAY-6320 and ₹25 Lakhs will be credited to your account within 10 minutes."
MSG-0261,TXN-SCAM-0261,4630,Tech Support Remote Access Scam,CRITICAL ERROR: Windows Trojan detected! Call Microsoft Support 1800-444-TECH immediately.,"Sir, your computer is broadcasting malware to bank servers. Install AnyDesk and transfer ₹35,000 security patch license fee to PAY-6340 to prevent bank account suspension."
MSG-0262,TXN-SCAM-0262,4983,Tech Support Remote Access Scam,CRITICAL ERROR: Windows Trojan detected! Call Microsoft Support 1800-444-TECH immediately.,"Sir, your computer is broadcasting malware to bank servers. Install AnyDesk and transfer ₹35,000 security patch license fee to PAY-6340 to prevent bank account suspension."
MSG-0263,TXN-SCAM-0263,4659,Deepfake Executive Wire Call,CONFIDENTIAL: Execute M&A deposit wire immediately per CEO direct memo.,"This is Chief Executive Officer David. We are closing a secret acquisition today. Wire ₹300,000 immediately to PAY-6400. Do not mention this to colleagues until press release."
MSG-0264,TXN-SCAM-0264,6010,Tech Support Remote Access Scam,CRITICAL ERROR: Windows Trojan detected! Call Microsoft Support 1800-444-TECH immediately.,"Sir, your computer is broadcasting malware to bank servers. Install AnyDesk and transfer ₹35,000 security patch license fee to PAY-6340 to prevent bank account suspension."
MSG-0265,TXN-SCAM-0265,9559,Phishing SMS / KYC Freeze,URGENT: Your KYC status expired today. Your account will be frozen in 2 hours. Click http://bank-kyc-verify.com to complete verification and update payee.,
MSG-0266,TXN-SCAM-0266,1768,Deepfake Executive Wire Call,CONFIDENTIAL: Execute M&A deposit wire immediately per CEO direct memo.,"This is Chief Executive Officer David. We are closing a secret acquisition today. Wire ₹300,000 immediately to PAY-6400. Do not mention this to colleagues until press release."
MSG-0267,TXN-SCAM-0267,6755,Friend / Relative in Need Impersonation,"Hey uncle, it's Rahul. I got into an accident in Delhi and need ₹45,000 urgently for hospital deposit. Please send to PAY-6390.","Hi uncle, I lost my wallet and my car broke down. The hospital needs a cash deposit for my friend's treatment right now. Please don't call my parents, just send money to PAY-6390 urgently!"
MSG-0268,TXN-SCAM-0268,7992,Phishing SMS / KYC Freeze,URGENT: Your KYC status expired today. Your account will be frozen in 2 hours. Click http://bank-kyc-verify.com to complete verification and update payee.,
MSG-0269,TXN-SCAM-0269,8481,Lottery / Prize Scam,"CONGRATULATIONS! You won ₹25,00,000 in the International Mega Draw. Pay ₹25,000 processing tax to claim reward.","Congratulations ma'am! You are our lucky grand winner. Just transfer the government customs clearance fee of ₹25,000 to PAY-6320 and ₹25 Lakhs will be credited to your account within 10 minutes."
MSG-0270,TXN-SCAM-0270,8029,Malicious QR Code Scam,"Municipal Tax Department: You have a tax refund of ₹12,500 pending. Scan QR code and approve transfer to claim.",
MSG-0271,TXN-SCAM-0271,7348,Tech Support Remote Access Scam,CRITICAL ERROR: Windows Trojan detected! Call Microsoft Support 1800-444-TECH immediately.,"Sir, your computer is broadcasting malware to bank servers. Install AnyDesk and transfer ₹35,000 security patch license fee to PAY-6340 to prevent bank account suspension."
MSG-0272,TXN-SCAM-0272,5881,Friend / Relative in Need Impersonation,"Hey uncle, it's Rahul. I got into an accident in Delhi and need ₹45,000 urgently for hospital deposit. Please send to PAY-6390.","Hi uncle, I lost my wallet and my car broke down. The hospital needs a cash deposit for my friend's treatment right now. Please don't call my parents, just send money to PAY-6390 urgently!"
MSG-0273,TXN-SCAM-0273,2100,Fake Bank Officer Call,SECURITY ALERT: Your bank account is under unauthorized access. Call 1800-SAFE-BANK immediately to prevent asset lock.,"Hello, I am Officer Sharma from National Bank Security. We detected a suspicious login from Russia on your account. To protect your money, you must immediately transfer your funds to our temporary safe vault account PAY-6350. Do not hang up or contact anyone."
MSG-0274,TXN-SCAM-0274,6611,Fake Bank Officer Call,SECURITY ALERT: Your bank account is under unauthorized access. Call 1800-SAFE-BANK immediately to prevent asset lock.,"Hello, I am Officer Sharma from National Bank Security. We detected a suspicious login from Russia on your account. To protect your money, you must immediately transfer your funds to our temporary safe vault account PAY-6350. Do not hang up or contact anyone."
MSG-0275,TXN-SCAM-0275,7307,Bogus Investment Scheme,Exclusive Offer: Double your savings in 7 days with AI Quantum Trading. Wire initial deposit now to reserve slot.,"Sir, this is Apex Crypto Wealth. If you transfer ₹50,000 today to PAY-6410, our AI bot guarantees 250% return by Friday. Hundreds of users are already withdrawing profits."
MSG-0276,TXN-SCAM-0276,10362,Relative in Distress Call,We have your family member. Send money now or face consequences.,"Listen carefully! We have your son in custody. If you want him back safe, transfer ₹200,000 to PAY-6370 within 30 minutes. Do not call the police or hang up!"
MSG-0277,TXN-SCAM-0277,5253,Malicious QR Code Scam,"Municipal Tax Department: You have a tax refund of ₹12,500 pending. Scan QR code and approve transfer to claim.",
MSG-0278,TXN-SCAM-0278,5786,Deepfake Executive Wire Call,CONFIDENTIAL: Execute M&A deposit wire immediately per CEO direct memo.,"This is Chief Executive Officer David. We are closing a secret acquisition today. Wire ₹300,000 immediately to PAY-6400. Do not mention this to colleagues until press release."
MSG-0279,TXN-SCAM-0279,8450,Lottery / Prize Scam,"CONGRATULATIONS! You won ₹25,00,000 in the International Mega Draw. Pay ₹25,000 processing tax to claim reward.","Congratulations ma'am! You are our lucky grand winner. Just transfer the government customs clearance fee of ₹25,000 to PAY-6320 and ₹25 Lakhs will be credited to your account within 10 minutes."
MSG-0280,TXN-SCAM-0280,1843,Relative in Distress Call,We have your family member. Send money now or face consequences.,"Listen carefully! We have your son in custody. If you want him back safe, transfer ₹200,000 to PAY-6370 within 30 minutes. Do not call the police or hang up!"
MSG-0281,TXN-SCAM-0281,1056,Bogus Investment Scheme,Exclusive Offer: Double your savings in 7 days with AI Quantum Trading. Wire initial deposit now to reserve slot.,"Sir, this is Apex Crypto Wealth. If you transfer ₹50,000 today to PAY-6410, our AI bot guarantees 250% return by Friday. Hundreds of users are already withdrawing profits."
MSG-0282,TXN-SCAM-0282,3622,Tech Support Remote Access Scam,CRITICAL ERROR: Windows Trojan detected! Call Microsoft Support 1800-444-TECH immediately.,"Sir, your computer is broadcasting malware to bank servers. Install AnyDesk and transfer ₹35,000 security patch license fee to PAY-6340 to prevent bank account suspension."
MSG-0283,TXN-SCAM-0283,3967,Phishing SMS / KYC Freeze,URGENT: Your KYC status expired today. Your account will be frozen in 2 hours. Click http://bank-kyc-verify.com to complete verification and update payee.,
MSG-0284,TXN-SCAM-0284,10747,Fake Bank Officer Call,SECURITY ALERT: Your bank account is under unauthorized access. Call 1800-SAFE-BANK immediately to prevent asset lock.,"Hello, I am Officer Sharma from National Bank Security. We detected a suspicious login from Russia on your account. To protect your money, you must immediately transfer your funds to our temporary safe vault account PAY-6350. Do not hang up or contact anyone."
MSG-0285,TXN-SCAM-0285,6359,Fake Law Enforcement Coercion,LEGAL NOTICE: High Court warrant issued against your Aadhaar/SSN for money laundering. Contact Inspector Verma immediately.,"This is Inspector Verma from Crime Branch. Your name is linked to a seized cartel account. You must deposit ₹150,000 to government court escrow PAY-6380 for audit before 5 PM to avoid instant arrest."
MSG-0286,TXN-SCAM-0286,6809,Fake Law Enforcement Coercion,LEGAL NOTICE: High Court warrant issued against your Aadhaar/SSN for money laundering. Contact Inspector Verma immediately.,"This is Inspector Verma from Crime Branch. Your name is linked to a seized cartel account. You must deposit ₹150,000 to government court escrow PAY-6380 for audit before 5 PM to avoid instant arrest."
MSG-0287,TXN-SCAM-0287,7834,Relative in Distress Call,We have your family member. Send money now or face consequences.,"Listen carefully! We have your son in custody. If you want him back safe, transfer ₹200,000 to PAY-6370 within 30 minutes. Do not call the police or hang up!"
MSG-0288,TXN-SCAM-0288,5391,Relative in Distress Call,We have your family member. Send money now or face consequences.,"Listen carefully! We have your son in custody. If you want him back safe, transfer ₹200,000 to PAY-6370 within 30 minutes. Do not call the police or hang up!"
MSG-0289,TXN-SCAM-0289,1765,Deepfake Executive Wire Call,CONFIDENTIAL: Execute M&A deposit wire immediately per CEO direct memo.,"This is Chief Executive Officer David. We are closing a secret acquisition today. Wire ₹300,000 immediately to PAY-6400. Do not mention this to colleagues until press release."
MSG-0290,TXN-SCAM-0290,1632,Lottery / Prize Scam,"CONGRATULATIONS! You won ₹25,00,000 in the International Mega Draw. Pay ₹25,000 processing tax to claim reward.","Congratulations ma'am! You are our lucky grand winner. Just transfer the government customs clearance fee of ₹25,000 to PAY-6320 and ₹25 Lakhs will be credited to your account within 10 minutes."
MSG-0291,TXN-SCAM-0291,1432,Lottery / Prize Scam,"CONGRATULATIONS! You won ₹25,00,000 in the International Mega Draw. Pay ₹25,000 processing tax to claim reward.","Congratulations ma'am! You are our lucky grand winner. Just transfer the government customs clearance fee of ₹25,000 to PAY-6320 and ₹25 Lakhs will be credited to your account within 10 minutes."
MSG-0292,TXN-SCAM-0292,8100,Fake Bank Officer Call,SECURITY ALERT: Your bank account is under unauthorized access. Call 1800-SAFE-BANK immediately to prevent asset lock.,"Hello, I am Officer Sharma from National Bank Security. We detected a suspicious login from Russia on your account. To protect your money, you must immediately transfer your funds to our temporary safe vault account PAY-6350. Do not hang up or contact anyone."
MSG-0293,TXN-SCAM-0293,3776,Relative in Distress Call,We have your family member. Send money now or face consequences.,"Listen carefully! We have your son in custody. If you want him back safe, transfer ₹200,000 to PAY-6370 within 30 minutes. Do not call the police or hang up!"
MSG-0294,TXN-SCAM-0294,5281,Fake Bank Officer Call,SECURITY ALERT: Your bank account is under unauthorized access. Call 1800-SAFE-BANK immediately to prevent asset lock.,"Hello, I am Officer Sharma from National Bank Security. We detected a suspicious login from Russia on your account. To protect your money, you must immediately transfer your funds to our temporary safe vault account PAY-6350. Do not hang up or contact anyone."
MSG-0295,TXN-SCAM-0295,3780,Fake Law Enforcement Coercion,LEGAL NOTICE: High Court warrant issued against your Aadhaar/SSN for money laundering. Contact Inspector Verma immediately.,"This is Inspector Verma from Crime Branch. Your name is linked to a seized cartel account. You must deposit ₹150,000 to government court escrow PAY-6380 for audit before 5 PM to avoid instant arrest."
MSG-0296,TXN-SCAM-0296,5960,Deepfake Executive Wire Call,CONFIDENTIAL: Execute M&A deposit wire immediately per CEO direct memo.,"This is Chief Executive Officer David. We are closing a secret acquisition today. Wire ₹300,000 immediately to PAY-6400. Do not mention this to colleagues until press release."
MSG-0297,TXN-SCAM-0297,5864,Deepfake Executive Wire Call,CONFIDENTIAL: Execute M&A deposit wire immediately per CEO direct memo.,"This is Chief Executive Officer David. We are closing a secret acquisition today. Wire ₹300,000 immediately to PAY-6400. Do not mention this to colleagues until press release."
MSG-0298,TXN-SCAM-0298,3784,Tech Support Remote Access Scam,CRITICAL ERROR: Windows Trojan detected! Call Microsoft Support 1800-444-TECH immediately.,"Sir, your computer is broadcasting malware to bank servers. Install AnyDesk and transfer ₹35,000 security patch license fee to PAY-6340 to prevent bank account suspension."
MSG-0299,TXN-SCAM-0299,6684,Fake Bank Officer Call,SECURITY ALERT: Your bank account is under unauthorized access. Call 1800-SAFE-BANK immediately to prevent asset lock.,"Hello, I am Officer Sharma from National Bank Security. We detected a suspicious login from Russia on your account. To protect your money, you must immediately transfer your funds to our temporary safe vault account PAY-6350. Do not hang up or contact anyone."
MSG-0300,TXN-SCAM-0300,7352,Bogus Investment Scheme,Exclusive Offer: Double your savings in 7 days with AI Quantum Trading. Wire initial deposit now to reserve slot.,"Sir, this is Apex Crypto Wealth. If you transfer ₹50,000 today to PAY-6410, our AI bot guarantees 250% return by Friday. Hundreds of users are already withdrawing profits."
MSG-0301,TXN-SCAM-0301,5884,Relative in Distress Call,We have your family member. Send money now or face consequences.,"Listen carefully! We have your son in custody. If you want him back safe, transfer ₹200,000 to PAY-6370 within 30 minutes. Do not call the police or hang up!"
MSG-0302,TXN-SCAM-0302,2922,Relative in Distress Call,We have your family member. Send money now or face consequences.,"Listen carefully! We have your son in custody. If you want him back safe, transfer ₹200,000 to PAY-6370 within 30 minutes. Do not call the police or hang up!"
MSG-0303,TXN-SCAM-0303,8474,Tech Support Remote Access Scam,CRITICAL ERROR: Windows Trojan detected! Call Microsoft Support 1800-444-TECH immediately.,"Sir, your computer is broadcasting malware to bank servers. Install AnyDesk and transfer ₹35,000 security patch license fee to PAY-6340 to prevent bank account suspension."
MSG-0304,TXN-SCAM-0304,10125,Relative in Distress Call,We have your family member. Send money now or face consequences.,"Listen carefully! We have your son in custody. If you want him back safe, transfer ₹200,000 to PAY-6370 within 30 minutes. Do not call the police or hang up!"
MSG-0305,TXN-SCAM-0305,10082,Friend / Relative in Need Impersonation,"Hey uncle, it's Rahul. I got into an accident in Delhi and need ₹45,000 urgently for hospital deposit. Please send to PAY-6390.","Hi uncle, I lost my wallet and my car broke down. The hospital needs a cash deposit for my friend's treatment right now. Please don't call my parents, just send money to PAY-6390 urgently!"
MSG-0306,TXN-SCAM-0306,9434,Friend / Relative in Need Impersonation,"Hey uncle, it's Rahul. I got into an accident in Delhi and need ₹45,000 urgently for hospital deposit. Please send to PAY-6390.","Hi uncle, I lost my wallet and my car broke down. The hospital needs a cash deposit for my friend's treatment right now. Please don't call my parents, just send money to PAY-6390 urgently!"
MSG-0307,TXN-SCAM-0307,7283,Friend / Relative in Need Impersonation,"Hey uncle, it's Rahul. I got into an accident in Delhi and need ₹45,000 urgently for hospital deposit. Please send to PAY-6390.","Hi uncle, I lost my wallet and my car broke down. The hospital needs a cash deposit for my friend's treatment right now. Please don't call my parents, just send money to PAY-6390 urgently!"
MSG-0308,TXN-SCAM-0308,9811,Deepfake Executive Wire Call,CONFIDENTIAL: Execute M&A deposit wire immediately per CEO direct memo.,"This is Chief Executive Officer David. We are closing a secret acquisition today. Wire ₹300,000 immediately to PAY-6400. Do not mention this to colleagues until press release."
MSG-0309,TXN-SCAM-0309,10674,Tech Support Remote Access Scam,CRITICAL ERROR: Windows Trojan detected! Call Microsoft Support 1800-444-TECH immediately.,"Sir, your computer is broadcasting malware to bank servers. Install AnyDesk and transfer ₹35,000 security patch license fee to PAY-6340 to prevent bank account suspension."
MSG-0310,TXN-SCAM-0310,7025,Fake Law Enforcement Coercion,LEGAL NOTICE: High Court warrant issued against your Aadhaar/SSN for money laundering. Contact Inspector Verma immediately.,"This is Inspector Verma from Crime Branch. Your name is linked to a seized cartel account. You must deposit ₹150,000 to government court escrow PAY-6380 for audit before 5 PM to avoid instant arrest."
MSG-0311,TXN-SCAM-0311,9417,Tech Support Remote Access Scam,CRITICAL ERROR: Windows Trojan detected! Call Microsoft Support 1800-444-TECH immediately.,"Sir, your computer is broadcasting malware to bank servers. Install AnyDesk and transfer ₹35,000 security patch license fee to PAY-6340 to prevent bank account suspension."
MSG-0312,TXN-SCAM-0312,7502,Friend / Relative in Need Impersonation,"Hey uncle, it's Rahul. I got into an accident in Delhi and need ₹45,000 urgently for hospital deposit. Please send to PAY-6390.","Hi uncle, I lost my wallet and my car broke down. The hospital needs a cash deposit for my friend's treatment right now. Please don't call my parents, just send money to PAY-6390 urgently!"
MSG-0313,TXN-SCAM-0313,7251,Tech Support Remote Access Scam,CRITICAL ERROR: Windows Trojan detected! Call Microsoft Support 1800-444-TECH immediately.,"Sir, your computer is broadcasting malware to bank servers. Install AnyDesk and transfer ₹35,000 security patch license fee to PAY-6340 to prevent bank account suspension."
MSG-0314,TXN-SCAM-0314,4520,Fake Law Enforcement Coercion,LEGAL NOTICE: High Court warrant issued against your Aadhaar/SSN for money laundering. Contact Inspector Verma immediately.,"This is Inspector Verma from Crime Branch. Your name is linked to a seized cartel account. You must deposit ₹150,000 to government court escrow PAY-6380 for audit before 5 PM to avoid instant arrest."
MSG-0315,TXN-SCAM-0315,3589,Relative in Distress Call,We have your family member. Send money now or face consequences.,"Listen carefully! We have your son in custody. If you want him back safe, transfer ₹200,000 to PAY-6370 within 30 minutes. Do not call the police or hang up!"
MSG-0316,TXN-SCAM-0316,4611,Lottery / Prize Scam,"CONGRATULATIONS! You won ₹25,00,000 in the International Mega Draw. Pay ₹25,000 processing tax to claim reward.","Congratulations ma'am! You are our lucky grand winner. Just transfer the government customs clearance fee of ₹25,000 to PAY-6320 and ₹25 Lakhs will be credited to your account within 10 minutes."
MSG-0317,TXN-SCAM-0317,3347,Bogus Investment Scheme,Exclusive Offer: Double your savings in 7 days with AI Quantum Trading. Wire initial deposit now to reserve slot.,"Sir, this is Apex Crypto Wealth. If you transfer ₹50,000 today to PAY-6410, our AI bot guarantees 250% return by Friday. Hundreds of users are already withdrawing profits."
MSG-0318,TXN-SCAM-0318,10335,Phishing SMS / KYC Freeze,URGENT: Your KYC status expired today. Your account will be frozen in 2 hours. Click http://bank-kyc-verify.com to complete verification and update payee.,
MSG-0319,TXN-SCAM-0319,9007,Tech Support Remote Access Scam,CRITICAL ERROR: Windows Trojan detected! Call Microsoft Support 1800-444-TECH immediately.,"Sir, your computer is broadcasting malware to bank servers. Install AnyDesk and transfer ₹35,000 security patch license fee to PAY-6340 to prevent bank account suspension."
MSG-0320,TXN-SCAM-0320,8344,Malicious QR Code Scam,"Municipal Tax Department: You have a tax refund of ₹12,500 pending. Scan QR code and approve transfer to claim.",
MSG-0321,TXN-SCAM-0321,5718,Malicious QR Code Scam,"Municipal Tax Department: You have a tax refund of ₹12,500 pending. Scan QR code and approve transfer to claim.",
MSG-0322,TXN-SCAM-0322,9678,Friend / Relative in Need Impersonation,"Hey uncle, it's Rahul. I got into an accident in Delhi and need ₹45,000 urgently for hospital deposit. Please send to PAY-6390.","Hi uncle, I lost my wallet and my car broke down. The hospital needs a cash deposit for my friend's treatment right now. Please don't call my parents, just send money to PAY-6390 urgently!"
MSG-0323,TXN-SCAM-0323,6592,Tech Support Remote Access Scam,CRITICAL ERROR: Windows Trojan detected! Call Microsoft Support 1800-444-TECH immediately.,"Sir, your computer is broadcasting malware to bank servers. Install AnyDesk and transfer ₹35,000 security patch license fee to PAY-6340 to prevent bank account suspension."
MSG-0324,TXN-SCAM-0324,10434,Deepfake Executive Wire Call,CONFIDENTIAL: Execute M&A deposit wire immediately per CEO direct memo.,"This is Chief Executive Officer David. We are closing a secret acquisition today. Wire ₹300,000 immediately to PAY-6400. Do not mention this to colleagues until press release."
MSG-0325,TXN-SCAM-0325,8722,Friend / Relative in Need Impersonation,"Hey uncle, it's Rahul. I got into an accident in Delhi and need ₹45,000 urgently for hospital deposit. Please send to PAY-6390.","Hi uncle, I lost my wallet and my car broke down. The hospital needs a cash deposit for my friend's treatment right now. Please don't call my parents, just send money to PAY-6390 urgently!"
MSG-0326,TXN-SCAM-0326,9046,Deepfake Executive Wire Call,CONFIDENTIAL: Execute M&A deposit wire immediately per CEO direct memo.,"This is Chief Executive Officer David. We are closing a secret acquisition today. Wire ₹300,000 immediately to PAY-6400. Do not mention this to colleagues until press release."
MSG-0327,TXN-SCAM-0327,5562,Phishing SMS / KYC Freeze,URGENT: Your KYC status expired today. Your account will be frozen in 2 hours. Click http://bank-kyc-verify.com to complete verification and update payee.,
MSG-0328,TXN-SCAM-0328,5367,Friend / Relative in Need Impersonation,"Hey uncle, it's Rahul. I got into an accident in Delhi and need ₹45,000 urgently for hospital deposit. Please send to PAY-6390.","Hi uncle, I lost my wallet and my car broke down. The hospital needs a cash deposit for my friend's treatment right now. Please don't call my parents, just send money to PAY-6390 urgently!"
MSG-0329,TXN-SCAM-0329,9411,Phishing SMS / KYC Freeze,URGENT: Your KYC status expired today. Your account will be frozen in 2 hours. Click http://bank-kyc-verify.com to complete verification and update payee.,
MSG-0330,TXN-SCAM-0330,9299,Malicious QR Code Scam,"Municipal Tax Department: You have a tax refund of ₹12,500 pending. Scan QR code and approve transfer to claim.",
MSG-0331,TXN-SCAM-0331,7757,Relative in Distress Call,We have your family member. Send money now or face consequences.,"Listen carefully! We have your son in custody. If you want him back safe, transfer ₹200,000 to PAY-6370 within 30 minutes. Do not call the police or hang up!"
MSG-0332,TXN-SCAM-0332,1748,Tech Support Remote Access Scam,CRITICAL ERROR: Windows Trojan detected! Call Microsoft Support 1800-444-TECH immediately.,"Sir, your computer is broadcasting malware to bank servers. Install AnyDesk and transfer ₹35,000 security patch license fee to PAY-6340 to prevent bank account suspension."
MSG-0333,TXN-SCAM-0333,7586,Malicious QR Code Scam,"Municipal Tax Department: You have a tax refund of ₹12,500 pending. Scan QR code and approve transfer to claim.",
MSG-0334,TXN-SCAM-0334,7309,Deepfake Executive Wire Call,CONFIDENTIAL: Execute M&A deposit wire immediately per CEO direct memo.,"This is Chief Executive Officer David. We are closing a secret acquisition today. Wire ₹300,000 immediately to PAY-6400. Do not mention this to colleagues until press release."
MSG-0335,TXN-SCAM-0335,8670,Relative in Distress Call,We have your family member. Send money now or face consequences.,"Listen carefully! We have your son in custody. If you want him back safe, transfer ₹200,000 to PAY-6370 within 30 minutes. Do not call the police or hang up!"
MSG-0336,TXN-SCAM-0336,3343,Phishing SMS / KYC Freeze,URGENT: Your KYC status expired today. Your account will be frozen in 2 hours. Click http://bank-kyc-verify.com to complete verification and update payee.,
MSG-0337,TXN-SCAM-0337,7555,Lottery / Prize Scam,"CONGRATULATIONS! You won ₹25,00,000 in the International Mega Draw. Pay ₹25,000 processing tax to claim reward.","Congratulations ma'am! You are our lucky grand winner. Just transfer the government customs clearance fee of ₹25,000 to PAY-6320 and ₹25 Lakhs will be credited to your account within 10 minutes."
MSG-0338,TXN-SCAM-0338,1707,Deepfake Executive Wire Call,CONFIDENTIAL: Execute M&A deposit wire immediately per CEO direct memo.,"This is Chief Executive Officer David. We are closing a secret acquisition today. Wire ₹300,000 immediately to PAY-6400. Do not mention this to colleagues until press release."
MSG-0339,TXN-SCAM-0339,1309,Fake Bank Officer Call,SECURITY ALERT: Your bank account is under unauthorized access. Call 1800-SAFE-BANK immediately to prevent asset lock.,"Hello, I am Officer Sharma from National Bank Security. We detected a suspicious login from Russia on your account. To protect your money, you must immediately transfer your funds to our temporary safe vault account PAY-6350. Do not hang up or contact anyone."
MSG-0340,TXN-SCAM-0340,8545,Bogus Investment Scheme,Exclusive Offer: Double your savings in 7 days with AI Quantum Trading. Wire initial deposit now to reserve slot.,"Sir, this is Apex Crypto Wealth. If you transfer ₹50,000 today to PAY-6410, our AI bot guarantees 250% return by Friday. Hundreds of users are already withdrawing profits."
MSG-0341,TXN-SCAM-0341,3866,Relative in Distress Call,We have your family member. Send money now or face consequences.,"Listen carefully! We have your son in custody. If you want him back safe, transfer ₹200,000 to PAY-6370 within 30 minutes. Do not call the police or hang up!"
MSG-0342,TXN-SCAM-0342,3083,Bogus Investment Scheme,Exclusive Offer: Double your savings in 7 days with AI Quantum Trading. Wire initial deposit now to reserve slot.,"Sir, this is Apex Crypto Wealth. If you transfer ₹50,000 today to PAY-6410, our AI bot guarantees 250% return by Friday. Hundreds of users are already withdrawing profits."
MSG-0343,TXN-SCAM-0343,4149,Fake Law Enforcement Coercion,LEGAL NOTICE: High Court warrant issued against your Aadhaar/SSN for money laundering. Contact Inspector Verma immediately.,"This is Inspector Verma from Crime Branch. Your name is linked to a seized cartel account. You must deposit ₹150,000 to government court escrow PAY-6380 for audit before 5 PM to avoid instant arrest."
MSG-0344,TXN-SCAM-0344,5153,Malicious QR Code Scam,"Municipal Tax Department: You have a tax refund of ₹12,500 pending. Scan QR code and approve transfer to claim.",
MSG-0345,TXN-SCAM-0345,5914,Relative in Distress Call,We have your family member. Send money now or face consequences.,"Listen carefully! We have your son in custody. If you want him back safe, transfer ₹200,000 to PAY-6370 within 30 minutes. Do not call the police or hang up!"
MSG-0346,TXN-SCAM-0346,9712,Deepfake Executive Wire Call,CONFIDENTIAL: Execute M&A deposit wire immediately per CEO direct memo.,"This is Chief Executive Officer David. We are closing a secret acquisition today. Wire ₹300,000 immediately to PAY-6400. Do not mention this to colleagues until press release."
MSG-0347,TXN-SCAM-0347,9767,Fake Bank Officer Call,SECURITY ALERT: Your bank account is under unauthorized access. Call 1800-SAFE-BANK immediately to prevent asset lock.,"Hello, I am Officer Sharma from National Bank Security. We detected a suspicious login from Russia on your account. To protect your money, you must immediately transfer your funds to our temporary safe vault account PAY-6350. Do not hang up or contact anyone."
MSG-0348,TXN-SCAM-0348,6488,Phishing SMS / KYC Freeze,URGENT: Your KYC status expired today. Your account will be frozen in 2 hours. Click http://bank-kyc-verify.com to complete verification and update payee.,
MSG-0349,TXN-SCAM-0349,6187,Fake Bank Officer Call,SECURITY ALERT: Your bank account is under unauthorized access. Call 1800-SAFE-BANK immediately to prevent asset lock.,"Hello, I am Officer Sharma from National Bank Security. We detected a suspicious login from Russia on your account. To protect your money, you must immediately transfer your funds to our temporary safe vault account PAY-6350. Do not hang up or contact anyone."
MSG-0350,TXN-SCAM-0350,10607,Tech Support Remote Access Scam,CRITICAL ERROR: Windows Trojan detected! Call Microsoft Support 1800-444-TECH immediately.,"Sir, your computer is broadcasting malware to bank servers. Install AnyDesk and transfer ₹35,000 security patch license fee to PAY-6340 to prevent bank account suspension."
MSG-0351,TXN-SCAM-0351,9695,Malicious QR Code Scam,"Municipal Tax Department: You have a tax refund of ₹12,500 pending. Scan QR code and approve transfer to claim.",
MSG-0352,TXN-SCAM-0352,5919,Fake Bank Officer Call,SECURITY ALERT: Your bank account is under unauthorized access. Call 1800-SAFE-BANK immediately to prevent asset lock.,"Hello, I am Officer Sharma from National Bank Security. We detected a suspicious login from Russia on your account. To protect your money, you must immediately transfer your funds to our temporary safe vault account PAY-6350. Do not hang up or contact anyone."
MSG-0353,TXN-SCAM-0353,7249,Deepfake Executive Wire Call,CONFIDENTIAL: Execute M&A deposit wire immediately per CEO direct memo.,"This is Chief Executive Officer David. We are closing a secret acquisition today. Wire ₹300,000 immediately to PAY-6400. Do not mention this to colleagues until press release."
MSG-0354,TXN-SCAM-0354,8950,Relative in Distress Call,We have your family member. Send money now or face consequences.,"Listen carefully! We have your son in custody. If you want him back safe, transfer ₹200,000 to PAY-6370 within 30 minutes. Do not call the police or hang up!"
MSG-0355,TXN-SCAM-0355,7931,Fake Bank Officer Call,SECURITY ALERT: Your bank account is under unauthorized access. Call 1800-SAFE-BANK immediately to prevent asset lock.,"Hello, I am Officer Sharma from National Bank Security. We detected a suspicious login from Russia on your account. To protect your money, you must immediately transfer your funds to our temporary safe vault account PAY-6350. Do not hang up or contact anyone."
MSG-0356,TXN-SCAM-0356,4753,Friend / Relative in Need Impersonation,"Hey uncle, it's Rahul. I got into an accident in Delhi and need ₹45,000 urgently for hospital deposit. Please send to PAY-6390.","Hi uncle, I lost my wallet and my car broke down. The hospital needs a cash deposit for my friend's treatment right now. Please don't call my parents, just send money to PAY-6390 urgently!"
MSG-0357,TXN-SCAM-0357,10205,Malicious QR Code Scam,"Municipal Tax Department: You have a tax refund of ₹12,500 pending. Scan QR code and approve transfer to claim.",
MSG-0358,TXN-SCAM-0358,8617,Relative in Distress Call,We have your family member. Send money now or face consequences.,"Listen carefully! We have your son in custody. If you want him back safe, transfer ₹200,000 to PAY-6370 within 30 minutes. Do not call the police or hang up!"
MSG-0359,TXN-SCAM-0359,6544,Phishing SMS / KYC Freeze,URGENT: Your KYC status expired today. Your account will be frozen in 2 hours. Click http://bank-kyc-verify.com to complete verification and update payee.,
MSG-0360,TXN-SCAM-0360,9831,Tech Support Remote Access Scam,CRITICAL ERROR: Windows Trojan detected! Call Microsoft Support 1800-444-TECH immediately.,"Sir, your computer is broadcasting malware to bank servers. Install AnyDesk and transfer ₹35,000 security patch license fee to PAY-6340 to prevent bank account suspension."
MSG-0361,TXN-SCAM-0361,4011,Bogus Investment Scheme,Exclusive Offer: Double your savings in 7 days with AI Quantum Trading. Wire initial deposit now to reserve slot.,"Sir, this is Apex Crypto Wealth. If you transfer ₹50,000 today to PAY-6410, our AI bot guarantees 250% return by Friday. Hundreds of users are already withdrawing profits."
MSG-0362,TXN-SCAM-0362,7738,Friend / Relative in Need Impersonation,"Hey uncle, it's Rahul. I got into an accident in Delhi and need ₹45,000 urgently for hospital deposit. Please send to PAY-6390.","Hi uncle, I lost my wallet and my car broke down. The hospital needs a cash deposit for my friend's treatment right now. Please don't call my parents, just send money to PAY-6390 urgently!"
MSG-0363,TXN-SCAM-0363,3688,Deepfake Executive Wire Call,CONFIDENTIAL: Execute M&A deposit wire immediately per CEO direct memo.,"This is Chief Executive Officer David. We are closing a secret acquisition today. Wire ₹300,000 immediately to PAY-6400. Do not mention this to colleagues until press release."
MSG-0364,TXN-SCAM-0364,8604,Tech Support Remote Access Scam,CRITICAL ERROR: Windows Trojan detected! Call Microsoft Support 1800-444-TECH immediately.,"Sir, your computer is broadcasting malware to bank servers. Install AnyDesk and transfer ₹35,000 security patch license fee to PAY-6340 to prevent bank account suspension."
MSG-0365,TXN-SCAM-0365,10530,Deepfake Executive Wire Call,CONFIDENTIAL: Execute M&A deposit wire immediately per CEO direct memo.,"This is Chief Executive Officer David. We are closing a secret acquisition today. Wire ₹300,000 immediately to PAY-6400. Do not mention this to colleagues until press release."
MSG-0366,TXN-SCAM-0366,4320,Lottery / Prize Scam,"CONGRATULATIONS! You won ₹25,00,000 in the International Mega Draw. Pay ₹25,000 processing tax to claim reward.","Congratulations ma'am! You are our lucky grand winner. Just transfer the government customs clearance fee of ₹25,000 to PAY-6320 and ₹25 Lakhs will be credited to your account within 10 minutes."
MSG-0367,TXN-SCAM-0367,1314,Tech Support Remote Access Scam,CRITICAL ERROR: Windows Trojan detected! Call Microsoft Support 1800-444-TECH immediately.,"Sir, your computer is broadcasting malware to bank servers. Install AnyDesk and transfer ₹35,000 security patch license fee to PAY-6340 to prevent bank account suspension."
MSG-0368,TXN-SCAM-0368,6544,Fake Bank Officer Call,SECURITY ALERT: Your bank account is under unauthorized access. Call 1800-SAFE-BANK immediately to prevent asset lock.,"Hello, I am Officer Sharma from National Bank Security. We detected a suspicious login from Russia on your account. To protect your money, you must immediately transfer your funds to our temporary safe vault account PAY-6350. Do not hang up or contact anyone."
MSG-0369,TXN-SCAM-0369,3211,Deepfake Executive Wire Call,CONFIDENTIAL: Execute M&A deposit wire immediately per CEO direct memo.,"This is Chief Executive Officer David. We are closing a secret acquisition today. Wire ₹300,000 immediately to PAY-6400. Do not mention this to colleagues until press release."
MSG-0370,TXN-SCAM-0370,8293,Fake Law Enforcement Coercion,LEGAL NOTICE: High Court warrant issued against your Aadhaar/SSN for money laundering. Contact Inspector Verma immediately.,"This is Inspector Verma from Crime Branch. Your name is linked to a seized cartel account. You must deposit ₹150,000 to government court escrow PAY-6380 for audit before 5 PM to avoid instant arrest."
MSG-0371,TXN-SCAM-0371,3148,Relative in Distress Call,We have your family member. Send money now or face consequences.,"Listen carefully! We have your son in custody. If you want him back safe, transfer ₹200,000 to PAY-6370 within 30 minutes. Do not call the police or hang up!"
MSG-0372,TXN-SCAM-0372,9427,Phishing SMS / KYC Freeze,URGENT: Your KYC status expired today. Your account will be frozen in 2 hours. Click http://bank-kyc-verify.com to complete verification and update payee.,
MSG-0373,TXN-SCAM-0373,6040,Fake Law Enforcement Coercion,LEGAL NOTICE: High Court warrant issued against your Aadhaar/SSN for money laundering. Contact Inspector Verma immediately.,"This is Inspector Verma from Crime Branch. Your name is linked to a seized cartel account. You must deposit ₹150,000 to government court escrow PAY-6380 for audit before 5 PM to avoid instant arrest."
MSG-0374,TXN-SCAM-0374,10356,Friend / Relative in Need Impersonation,"Hey uncle, it's Rahul. I got into an accident in Delhi and need ₹45,000 urgently for hospital deposit. Please send to PAY-6390.","Hi uncle, I lost my wallet and my car broke down. The hospital needs a cash deposit for my friend's treatment right now. Please don't call my parents, just send money to PAY-6390 urgently!"
MSG-0375,TXN-SCAM-0375,4708,Malicious QR Code Scam,"Municipal Tax Department: You have a tax refund of ₹12,500 pending. Scan QR code and approve transfer to claim.",
MSG-0376,TXN-SCAM-0376,8182,Fake Bank Officer Call,SECURITY ALERT: Your bank account is under unauthorized access. Call 1800-SAFE-BANK immediately to prevent asset lock.,"Hello, I am Officer Sharma from National Bank Security. We detected a suspicious login from Russia on your account. To protect your money, you must immediately transfer your funds to our temporary safe vault account PAY-6350. Do not hang up or contact anyone."
MSG-0377,TXN-SCAM-0377,4196,Phishing SMS / KYC Freeze,URGENT: Your KYC status expired today. Your account will be frozen in 2 hours. Click http://bank-kyc-verify.com to complete verification and update payee.,
MSG-0378,TXN-SCAM-0378,2947,Tech Support Remote Access Scam,CRITICAL ERROR: Windows Trojan detected! Call Microsoft Support 1800-444-TECH immediately.,"Sir, your computer is broadcasting malware to bank servers. Install AnyDesk and transfer ₹35,000 security patch license fee to PAY-6340 to prevent bank account suspension."
MSG-0379,TXN-SCAM-0379,9953,Bogus Investment Scheme,Exclusive Offer: Double your savings in 7 days with AI Quantum Trading. Wire initial deposit now to reserve slot.,"Sir, this is Apex Crypto Wealth. If you transfer ₹50,000 today to PAY-6410, our AI bot guarantees 250% return by Friday. Hundreds of users are already withdrawing profits."
MSG-0380,TXN-SCAM-0380,1784,Malicious QR Code Scam,"Municipal Tax Department: You have a tax refund of ₹12,500 pending. Scan QR code and approve transfer to claim.",
MSG-0381,TXN-SCAM-0381,2127,Fake Law Enforcement Coercion,LEGAL NOTICE: High Court warrant issued against your Aadhaar/SSN for money laundering. Contact Inspector Verma immediately.,"This is Inspector Verma from Crime Branch. Your name is linked to a seized cartel account. You must deposit ₹150,000 to government court escrow PAY-6380 for audit before 5 PM to avoid instant arrest."
MSG-0382,TXN-SCAM-0382,2063,Bogus Investment Scheme,Exclusive Offer: Double your savings in 7 days with AI Quantum Trading. Wire initial deposit now to reserve slot.,"Sir, this is Apex Crypto Wealth. If you transfer ₹50,000 today to PAY-6410, our AI bot guarantees 250% return by Friday. Hundreds of users are already withdrawing profits."
MSG-0383,TXN-SCAM-0383,7686,Tech Support Remote Access Scam,CRITICAL ERROR: Windows Trojan detected! Call Microsoft Support 1800-444-TECH immediately.,"Sir, your computer is broadcasting malware to bank servers. Install AnyDesk and transfer ₹35,000 security patch license fee to PAY-6340 to prevent bank account suspension."
MSG-0384,TXN-SCAM-0384,7306,Lottery / Prize Scam,"CONGRATULATIONS! You won ₹25,00,000 in the International Mega Draw. Pay ₹25,000 processing tax to claim reward.","Congratulations ma'am! You are our lucky grand winner. Just transfer the government customs clearance fee of ₹25,000 to PAY-6320 and ₹25 Lakhs will be credited to your account within 10 minutes."
MSG-0385,TXN-SCAM-0385,9884,Malicious QR Code Scam,"Municipal Tax Department: You have a tax refund of ₹12,500 pending. Scan QR code and approve transfer to claim.",
MSG-0386,TXN-SCAM-0386,3734,Phishing SMS / KYC Freeze,URGENT: Your KYC status expired today. Your account will be frozen in 2 hours. Click http://bank-kyc-verify.com to complete verification and update payee.,
MSG-0387,TXN-SCAM-0387,8677,Friend / Relative in Need Impersonation,"Hey uncle, it's Rahul. I got into an accident in Delhi and need ₹45,000 urgently for hospital deposit. Please send to PAY-6390.","Hi uncle, I lost my wallet and my car broke down. The hospital needs a cash deposit for my friend's treatment right now. Please don't call my parents, just send money to PAY-6390 urgently!"
MSG-0388,TXN-SCAM-0388,6595,Friend / Relative in Need Impersonation,"Hey uncle, it's Rahul. I got into an accident in Delhi and need ₹45,000 urgently for hospital deposit. Please send to PAY-6390.","Hi uncle, I lost my wallet and my car broke down. The hospital needs a cash deposit for my friend's treatment right now. Please don't call my parents, just send money to PAY-6390 urgently!"
MSG-0389,TXN-SCAM-0389,6112,Tech Support Remote Access Scam,CRITICAL ERROR: Windows Trojan detected! Call Microsoft Support 1800-444-TECH immediately.,"Sir, your computer is broadcasting malware to bank servers. Install AnyDesk and transfer ₹35,000 security patch license fee to PAY-6340 to prevent bank account suspension."
MSG-0390,TXN-SCAM-0390,1309,Lottery / Prize Scam,"CONGRATULATIONS! You won ₹25,00,000 in the International Mega Draw. Pay ₹25,000 processing tax to claim reward.","Congratulations ma'am! You are our lucky grand winner. Just transfer the government customs clearance fee of ₹25,000 to PAY-6320 and ₹25 Lakhs will be credited to your account within 10 minutes."
MSG-0391,TXN-SCAM-0391,3499,Phishing SMS / KYC Freeze,URGENT: Your KYC status expired today. Your account will be frozen in 2 hours. Click http://bank-kyc-verify.com to complete verification and update payee.,
MSG-0392,TXN-SCAM-0392,6968,Bogus Investment Scheme,Exclusive Offer: Double your savings in 7 days with AI Quantum Trading. Wire initial deposit now to reserve slot.,"Sir, this is Apex Crypto Wealth. If you transfer ₹50,000 today to PAY-6410, our AI bot guarantees 250% return by Friday. Hundreds of users are already withdrawing profits."
MSG-0393,TXN-SCAM-0393,7254,Malicious QR Code Scam,"Municipal Tax Department: You have a tax refund of ₹12,500 pending. Scan QR code and approve transfer to claim.",
MSG-0394,TXN-SCAM-0394,2062,Fake Bank Officer Call,SECURITY ALERT: Your bank account is under unauthorized access. Call 1800-SAFE-BANK immediately to prevent asset lock.,"Hello, I am Officer Sharma from National Bank Security. We detected a suspicious login from Russia on your account. To protect your money, you must immediately transfer your funds to our temporary safe vault account PAY-6350. Do not hang up or contact anyone."
MSG-0395,TXN-SCAM-0395,10220,Bogus Investment Scheme,Exclusive Offer: Double your savings in 7 days with AI Quantum Trading. Wire initial deposit now to reserve slot.,"Sir, this is Apex Crypto Wealth. If you transfer ₹50,000 today to PAY-6410, our AI bot guarantees 250% return by Friday. Hundreds of users are already withdrawing profits."
MSG-0396,TXN-SCAM-0396,1084,Fake Bank Officer Call,SECURITY ALERT: Your bank account is under unauthorized access. Call 1800-SAFE-BANK immediately to prevent asset lock.,"Hello, I am Officer Sharma from National Bank Security. We detected a suspicious login from Russia on your account. To protect your money, you must immediately transfer your funds to our temporary safe vault account PAY-6350. Do not hang up or contact anyone."
MSG-0397,TXN-SCAM-0397,5286,Malicious QR Code Scam,"Municipal Tax Department: You have a tax refund of ₹12,500 pending. Scan QR code and approve transfer to claim.",
MSG-0398,TXN-SCAM-0398,3774,Tech Support Remote Access Scam,CRITICAL ERROR: Windows Trojan detected! Call Microsoft Support 1800-444-TECH immediately.,"Sir, your computer is broadcasting malware to bank servers. Install AnyDesk and transfer ₹35,000 security patch license fee to PAY-6340 to prevent bank account suspension."
MSG-0399,TXN-SCAM-0399,5367,Phishing SMS / KYC Freeze,URGENT: Your KYC status expired today. Your account will be frozen in 2 hours. Click http://bank-kyc-verify.com to complete verification and update payee.,
MSG-0400,TXN-SCAM-0400,7705,Friend / Relative in Need Impersonation,"Hey uncle, it's Rahul. I got into an accident in Delhi and need ₹45,000 urgently for hospital deposit. Please send to PAY-6390.","Hi uncle, I lost my wallet and my car broke down. The hospital needs a cash deposit for my friend's treatment right now. Please don't call my parents, just send money to PAY-6390 urgently!"
MSG-0401,TXN-SCAM-0401,10186,Lottery / Prize Scam,"CONGRATULATIONS! You won ₹25,00,000 in the International Mega Draw. Pay ₹25,000 processing tax to claim reward.","Congratulations ma'am! You are our lucky grand winner. Just transfer the government customs clearance fee of ₹25,000 to PAY-6320 and ₹25 Lakhs will be credited to your account within 10 minutes."
MSG-0402,TXN-SCAM-0402,4400,Friend / Relative in Need Impersonation,"Hey uncle, it's Rahul. I got into an accident in Delhi and need ₹45,000 urgently for hospital deposit. Please send to PAY-6390.","Hi uncle, I lost my wallet and my car broke down. The hospital needs a cash deposit for my friend's treatment right now. Please don't call my parents, just send money to PAY-6390 urgently!"
MSG-0403,TXN-SCAM-0403,5442,Deepfake Executive Wire Call,CONFIDENTIAL: Execute M&A deposit wire immediately per CEO direct memo.,"This is Chief Executive Officer David. We are closing a secret acquisition today. Wire ₹300,000 immediately to PAY-6400. Do not mention this to colleagues until press release."
MSG-0404,TXN-SCAM-0404,10556,Fake Law Enforcement Coercion,LEGAL NOTICE: High Court warrant issued against your Aadhaar/SSN for money laundering. Contact Inspector Verma immediately.,"This is Inspector Verma from Crime Branch. Your name is linked to a seized cartel account. You must deposit ₹150,000 to government court escrow PAY-6380 for audit before 5 PM to avoid instant arrest."
MSG-0405,TXN-SCAM-0405,4483,Phishing SMS / KYC Freeze,URGENT: Your KYC status expired today. Your account will be frozen in 2 hours. Click http://bank-kyc-verify.com to complete verification and update payee.,
MSG-0406,TXN-SCAM-0406,3734,Tech Support Remote Access Scam,CRITICAL ERROR: Windows Trojan detected! Call Microsoft Support 1800-444-TECH immediately.,"Sir, your computer is broadcasting malware to bank servers. Install AnyDesk and transfer ₹35,000 security patch license fee to PAY-6340 to prevent bank account suspension."
MSG-0407,TXN-SCAM-0407,5413,Friend / Relative in Need Impersonation,"Hey uncle, it's Rahul. I got into an accident in Delhi and need ₹45,000 urgently for hospital deposit. Please send to PAY-6390.","Hi uncle, I lost my wallet and my car broke down. The hospital needs a cash deposit for my friend's treatment right now. Please don't call my parents, just send money to PAY-6390 urgently!"
MSG-0408,TXN-SCAM-0408,1265,Deepfake Executive Wire Call,CONFIDENTIAL: Execute M&A deposit wire immediately per CEO direct memo.,"This is Chief Executive Officer David. We are closing a secret acquisition today. Wire ₹300,000 immediately to PAY-6400. Do not mention this to colleagues until press release."
MSG-0409,TXN-SCAM-0409,10779,Fake Law Enforcement Coercion,LEGAL NOTICE: High Court warrant issued against your Aadhaar/SSN for money laundering. Contact Inspector Verma immediately.,"This is Inspector Verma from Crime Branch. Your name is linked to a seized cartel account. You must deposit ₹150,000 to government court escrow PAY-6380 for audit before 5 PM to avoid instant arrest."
MSG-0410,TXN-SCAM-0410,6111,Tech Support Remote Access Scam,CRITICAL ERROR: Windows Trojan detected! Call Microsoft Support 1800-444-TECH immediately.,"Sir, your computer is broadcasting malware to bank servers. Install AnyDesk and transfer ₹35,000 security patch license fee to PAY-6340 to prevent bank account suspension."
MSG-0411,TXN-SCAM-0411,1958,Phishing SMS / KYC Freeze,URGENT: Your KYC status expired today. Your account will be frozen in 2 hours. Click http://bank-kyc-verify.com to complete verification and update payee.,
MSG-0412,TXN-SCAM-0412,6826,Relative in Distress Call,We have your family member. Send money now or face consequences.,"Listen carefully! We have your son in custody. If you want him back safe, transfer ₹200,000 to PAY-6370 within 30 minutes. Do not call the police or hang up!"
MSG-0413,TXN-SCAM-0413,5968,Malicious QR Code Scam,"Municipal Tax Department: You have a tax refund of ₹12,500 pending. Scan QR code and approve transfer to claim.",
MSG-0414,TXN-SCAM-0414,9856,Fake Law Enforcement Coercion,LEGAL NOTICE: High Court warrant issued against your Aadhaar/SSN for money laundering. Contact Inspector Verma immediately.,"This is Inspector Verma from Crime Branch. Your name is linked to a seized cartel account. You must deposit ₹150,000 to government court escrow PAY-6380 for audit before 5 PM to avoid instant arrest."
MSG-0415,TXN-SCAM-0415,7905,Relative in Distress Call,We have your family member. Send money now or face consequences.,"Listen carefully! We have your son in custody. If you want him back safe, transfer ₹200,000 to PAY-6370 within 30 minutes. Do not call the police or hang up!"
MSG-0416,TXN-SCAM-0416,7650,Relative in Distress Call,We have your family member. Send money now or face consequences.,"Listen carefully! We have your son in custody. If you want him back safe, transfer ₹200,000 to PAY-6370 within 30 minutes. Do not call the police or hang up!"
MSG-0417,TXN-SCAM-0417,1315,Friend / Relative in Need Impersonation,"Hey uncle, it's Rahul. I got into an accident in Delhi and need ₹45,000 urgently for hospital deposit. Please send to PAY-6390.","Hi uncle, I lost my wallet and my car broke down. The hospital needs a cash deposit for my friend's treatment right now. Please don't call my parents, just send money to PAY-6390 urgently!"
MSG-0418,TXN-SCAM-0418,6142,Relative in Distress Call,We have your family member. Send money now or face consequences.,"Listen carefully! We have your son in custody. If you want him back safe, transfer ₹200,000 to PAY-6370 within 30 minutes. Do not call the police or hang up!"
MSG-0419,TXN-SCAM-0419,1028,Lottery / Prize Scam,"CONGRATULATIONS! You won ₹25,00,000 in the International Mega Draw. Pay ₹25,000 processing tax to claim reward.","Congratulations ma'am! You are our lucky grand winner. Just transfer the government customs clearance fee of ₹25,000 to PAY-6320 and ₹25 Lakhs will be credited to your account within 10 minutes."
MSG-0420,TXN-SCAM-0420,2786,Tech Support Remote Access Scam,CRITICAL ERROR: Windows Trojan detected! Call Microsoft Support 1800-444-TECH immediately.,"Sir, your computer is broadcasting malware to bank servers. Install AnyDesk and transfer ₹35,000 security patch license fee to PAY-6340 to prevent bank account suspension."
MSG-0421,TXN-SCAM-0421,3682,Fake Law Enforcement Coercion,LEGAL NOTICE: High Court warrant issued against your Aadhaar/SSN for money laundering. Contact Inspector Verma immediately.,"This is Inspector Verma from Crime Branch. Your name is linked to a seized cartel account. You must deposit ₹150,000 to government court escrow PAY-6380 for audit before 5 PM to avoid instant arrest."
MSG-0422,TXN-SCAM-0422,2201,Malicious QR Code Scam,"Municipal Tax Department: You have a tax refund of ₹12,500 pending. Scan QR code and approve transfer to claim.",
MSG-0423,TXN-SCAM-0423,2867,Bogus Investment Scheme,Exclusive Offer: Double your savings in 7 days with AI Quantum Trading. Wire initial deposit now to reserve slot.,"Sir, this is Apex Crypto Wealth. If you transfer ₹50,000 today to PAY-6410, our AI bot guarantees 250% return by Friday. Hundreds of users are already withdrawing profits."
MSG-0424,TXN-SCAM-0424,2787,Bogus Investment Scheme,Exclusive Offer: Double your savings in 7 days with AI Quantum Trading. Wire initial deposit now to reserve slot.,"Sir, this is Apex Crypto Wealth. If you transfer ₹50,000 today to PAY-6410, our AI bot guarantees 250% return by Friday. Hundreds of users are already withdrawing profits."
MSG-0425,TXN-SCAM-0425,3831,Fake Law Enforcement Coercion,LEGAL NOTICE: High Court warrant issued against your Aadhaar/SSN for money laundering. Contact Inspector Verma immediately.,"This is Inspector Verma from Crime Branch. Your name is linked to a seized cartel account. You must deposit ₹150,000 to government court escrow PAY-6380 for audit before 5 PM to avoid instant arrest."
MSG-0426,TXN-SCAM-0426,6572,Relative in Distress Call,We have your family member. Send money now or face consequences.,"Listen carefully! We have your son in custody. If you want him back safe, transfer ₹200,000 to PAY-6370 within 30 minutes. Do not call the police or hang up!"
MSG-0427,TXN-SCAM-0427,1438,Relative in Distress Call,We have your family member. Send money now or face consequences.,"Listen carefully! We have your son in custody. If you want him back safe, transfer ₹200,000 to PAY-6370 within 30 minutes. Do not call the police or hang up!"
MSG-0428,TXN-SCAM-0428,9604,Tech Support Remote Access Scam,CRITICAL ERROR: Windows Trojan detected! Call Microsoft Support 1800-444-TECH immediately.,"Sir, your computer is broadcasting malware to bank servers. Install AnyDesk and transfer ₹35,000 security patch license fee to PAY-6340 to prevent bank account suspension."
MSG-0429,TXN-SCAM-0429,5967,Phishing SMS / KYC Freeze,URGENT: Your KYC status expired today. Your account will be frozen in 2 hours. Click http://bank-kyc-verify.com to complete verification and update payee.,
MSG-0430,TXN-SCAM-0430,1192,Deepfake Executive Wire Call,CONFIDENTIAL: Execute M&A deposit wire immediately per CEO direct memo.,"This is Chief Executive Officer David. We are closing a secret acquisition today. Wire ₹300,000 immediately to PAY-6400. Do not mention this to colleagues until press release."
MSG-0431,TXN-SCAM-0431,7782,Relative in Distress Call,We have your family member. Send money now or face consequences.,"Listen carefully! We have your son in custody. If you want him back safe, transfer ₹200,000 to PAY-6370 within 30 minutes. Do not call the police or hang up!"
MSG-0432,TXN-SCAM-0432,6768,Deepfake Executive Wire Call,CONFIDENTIAL: Execute M&A deposit wire immediately per CEO direct memo.,"This is Chief Executive Officer David. We are closing a secret acquisition today. Wire ₹300,000 immediately to PAY-6400. Do not mention this to colleagues until press release."
MSG-0433,TXN-SCAM-0433,1576,Malicious QR Code Scam,"Municipal Tax Department: You have a tax refund of ₹12,500 pending. Scan QR code and approve transfer to claim.",
MSG-0434,TXN-SCAM-0434,4149,Lottery / Prize Scam,"CONGRATULATIONS! You won ₹25,00,000 in the International Mega Draw. Pay ₹25,000 processing tax to claim reward.","Congratulations ma'am! You are our lucky grand winner. Just transfer the government customs clearance fee of ₹25,000 to PAY-6320 and ₹25 Lakhs will be credited to your account within 10 minutes."
MSG-0435,TXN-SCAM-0435,1185,Fake Law Enforcement Coercion,LEGAL NOTICE: High Court warrant issued against your Aadhaar/SSN for money laundering. Contact Inspector Verma immediately.,"This is Inspector Verma from Crime Branch. Your name is linked to a seized cartel account. You must deposit ₹150,000 to government court escrow PAY-6380 for audit before 5 PM to avoid instant arrest."
MSG-0436,TXN-SCAM-0436,6241,Malicious QR Code Scam,"Municipal Tax Department: You have a tax refund of ₹12,500 pending. Scan QR code and approve transfer to claim.",
MSG-0437,TXN-SCAM-0437,7758,Lottery / Prize Scam,"CONGRATULATIONS! You won ₹25,00,000 in the International Mega Draw. Pay ₹25,000 processing tax to claim reward.","Congratulations ma'am! You are our lucky grand winner. Just transfer the government customs clearance fee of ₹25,000 to PAY-6320 and ₹25 Lakhs will be credited to your account within 10 minutes."
MSG-0438,TXN-SCAM-0438,8361,Fake Law Enforcement Coercion,LEGAL NOTICE: High Court warrant issued against your Aadhaar/SSN for money laundering. Contact Inspector Verma immediately.,"This is Inspector Verma from Crime Branch. Your name is linked to a seized cartel account. You must deposit ₹150,000 to government court escrow PAY-6380 for audit before 5 PM to avoid instant arrest."
MSG-0439,TXN-SCAM-0439,2979,Relative in Distress Call,We have your family member. Send money now or face consequences.,"Listen carefully! We have your son in custody. If you want him back safe, transfer ₹200,000 to PAY-6370 within 30 minutes. Do not call the police or hang up!"
MSG-0440,TXN-SCAM-0440,1195,Phishing SMS / KYC Freeze,URGENT: Your KYC status expired today. Your account will be frozen in 2 hours. Click http://bank-kyc-verify.com to complete verification and update payee.,
MSG-0441,TXN-SCAM-0441,7249,Phishing SMS / KYC Freeze,URGENT: Your KYC status expired today. Your account will be frozen in 2 hours. Click http://bank-kyc-verify.com to complete verification and update payee.,
MSG-0442,TXN-SCAM-0442,7581,Tech Support Remote Access Scam,CRITICAL ERROR: Windows Trojan detected! Call Microsoft Support 1800-444-TECH immediately.,"Sir, your computer is broadcasting malware to bank servers. Install AnyDesk and transfer ₹35,000 security patch license fee to PAY-6340 to prevent bank account suspension."
MSG-0443,TXN-SCAM-0443,6061,Phishing SMS / KYC Freeze,URGENT: Your KYC status expired today. Your account will be frozen in 2 hours. Click http://bank-kyc-verify.com to complete verification and update payee.,
MSG-0444,TXN-SCAM-0444,4750,Tech Support Remote Access Scam,CRITICAL ERROR: Windows Trojan detected! Call Microsoft Support 1800-444-TECH immediately.,"Sir, your computer is broadcasting malware to bank servers. Install AnyDesk and transfer ₹35,000 security patch license fee to PAY-6340 to prevent bank account suspension."
MSG-0445,TXN-SCAM-0445,8486,Fake Bank Officer Call,SECURITY ALERT: Your bank account is under unauthorized access. Call 1800-SAFE-BANK immediately to prevent asset lock.,"Hello, I am Officer Sharma from National Bank Security. We detected a suspicious login from Russia on your account. To protect your money, you must immediately transfer your funds to our temporary safe vault account PAY-6350. Do not hang up or contact anyone."
MSG-0446,TXN-SCAM-0446,2953,Relative in Distress Call,We have your family member. Send money now or face consequences.,"Listen carefully! We have your son in custody. If you want him back safe, transfer ₹200,000 to PAY-6370 within 30 minutes. Do not call the police or hang up!"
MSG-0447,TXN-SCAM-0447,2543,Phishing SMS / KYC Freeze,URGENT: Your KYC status expired today. Your account will be frozen in 2 hours. Click http://bank-kyc-verify.com to complete verification and update payee.,
MSG-0448,TXN-SCAM-0448,6673,Deepfake Executive Wire Call,CONFIDENTIAL: Execute M&A deposit wire immediately per CEO direct memo.,"This is Chief Executive Officer David. We are closing a secret acquisition today. Wire ₹300,000 immediately to PAY-6400. Do not mention this to colleagues until press release."
MSG-0449,TXN-SCAM-0449,6511,Fake Law Enforcement Coercion,LEGAL NOTICE: High Court warrant issued against your Aadhaar/SSN for money laundering. Contact Inspector Verma immediately.,"This is Inspector Verma from Crime Branch. Your name is linked to a seized cartel account. You must deposit ₹150,000 to government court escrow PAY-6380 for audit before 5 PM to avoid instant arrest."
MSG-0450,TXN-SCAM-0450,10033,Friend / Relative in Need Impersonation,"Hey uncle, it's Rahul. I got into an accident in Delhi and need ₹45,000 urgently for hospital deposit. Please send to PAY-6390.","Hi uncle, I lost my wallet and my car broke down. The hospital needs a cash deposit for my friend's treatment right now. Please don't call my parents, just send money to PAY-6390 urgently!"
MSG-0451,TXN-SCAM-0451,1806,Fake Law Enforcement Coercion,LEGAL NOTICE: High Court warrant issued against your Aadhaar/SSN for money laundering. Contact Inspector Verma immediately.,"This is Inspector Verma from Crime Branch. Your name is linked to a seized cartel account. You must deposit ₹150,000 to government court escrow PAY-6380 for audit before 5 PM to avoid instant arrest."
MSG-0452,TXN-SCAM-0452,6802,Friend / Relative in Need Impersonation,"Hey uncle, it's Rahul. I got into an accident in Delhi and need ₹45,000 urgently for hospital deposit. Please send to PAY-6390.","Hi uncle, I lost my wallet and my car broke down. The hospital needs a cash deposit for my friend's treatment right now. Please don't call my parents, just send money to PAY-6390 urgently!"
MSG-0453,TXN-SCAM-0453,7406,Malicious QR Code Scam,"Municipal Tax Department: You have a tax refund of ₹12,500 pending. Scan QR code and approve transfer to claim.",
MSG-0454,TXN-SCAM-0454,5413,Malicious QR Code Scam,"Municipal Tax Department: You have a tax refund of ₹12,500 pending. Scan QR code and approve transfer to claim.",
MSG-0455,TXN-SCAM-0455,7197,Friend / Relative in Need Impersonation,"Hey uncle, it's Rahul. I got into an accident in Delhi and need ₹45,000 urgently for hospital deposit. Please send to PAY-6390.","Hi uncle, I lost my wallet and my car broke down. The hospital needs a cash deposit for my friend's treatment right now. Please don't call my parents, just send money to PAY-6390 urgently!"
MSG-0456,TXN-SCAM-0456,1383,Deepfake Executive Wire Call,CONFIDENTIAL: Execute M&A deposit wire immediately per CEO direct memo.,"This is Chief Executive Officer David. We are closing a secret acquisition today. Wire ₹300,000 immediately to PAY-6400. Do not mention this to colleagues until press release."
MSG-0457,TXN-SCAM-0457,2753,Malicious QR Code Scam,"Municipal Tax Department: You have a tax refund of ₹12,500 pending. Scan QR code and approve transfer to claim.",
MSG-0458,TXN-SCAM-0458,8043,Fake Bank Officer Call,SECURITY ALERT: Your bank account is under unauthorized access. Call 1800-SAFE-BANK immediately to prevent asset lock.,"Hello, I am Officer Sharma from National Bank Security. We detected a suspicious login from Russia on your account. To protect your money, you must immediately transfer your funds to our temporary safe vault account PAY-6350. Do not hang up or contact anyone."
MSG-0459,TXN-SCAM-0459,9700,Fake Bank Officer Call,SECURITY ALERT: Your bank account is under unauthorized access. Call 1800-SAFE-BANK immediately to prevent asset lock.,"Hello, I am Officer Sharma from National Bank Security. We detected a suspicious login from Russia on your account. To protect your money, you must immediately transfer your funds to our temporary safe vault account PAY-6350. Do not hang up or contact anyone."
MSG-0460,TXN-SCAM-0460,1863,Phishing SMS / KYC Freeze,URGENT: Your KYC status expired today. Your account will be frozen in 2 hours. Click http://bank-kyc-verify.com to complete verification and update payee.,
MSG-0461,TXN-SCAM-0461,10801,Deepfake Executive Wire Call,CONFIDENTIAL: Execute M&A deposit wire immediately per CEO direct memo.,"This is Chief Executive Officer David. We are closing a secret acquisition today. Wire ₹300,000 immediately to PAY-6400. Do not mention this to colleagues until press release."
MSG-0462,TXN-SCAM-0462,5024,Fake Law Enforcement Coercion,LEGAL NOTICE: High Court warrant issued against your Aadhaar/SSN for money laundering. Contact Inspector Verma immediately.,"This is Inspector Verma from Crime Branch. Your name is linked to a seized cartel account. You must deposit ₹150,000 to government court escrow PAY-6380 for audit before 5 PM to avoid instant arrest."
MSG-0463,TXN-SCAM-0463,4835,Friend / Relative in Need Impersonation,"Hey uncle, it's Rahul. I got into an accident in Delhi and need ₹45,000 urgently for hospital deposit. Please send to PAY-6390.","Hi uncle, I lost my wallet and my car broke down. The hospital needs a cash deposit for my friend's treatment right now. Please don't call my parents, just send money to PAY-6390 urgently!"
MSG-0464,TXN-SCAM-0464,10074,Fake Bank Officer Call,SECURITY ALERT: Your bank account is under unauthorized access. Call 1800-SAFE-BANK immediately to prevent asset lock.,"Hello, I am Officer Sharma from National Bank Security. We detected a suspicious login from Russia on your account. To protect your money, you must immediately transfer your funds to our temporary safe vault account PAY-6350. Do not hang up or contact anyone."
MSG-0465,TXN-SCAM-0465,1394,Fake Law Enforcement Coercion,LEGAL NOTICE: High Court warrant issued against your Aadhaar/SSN for money laundering. Contact Inspector Verma immediately.,"This is Inspector Verma from Crime Branch. Your name is linked to a seized cartel account. You must deposit ₹150,000 to government court escrow PAY-6380 for audit before 5 PM to avoid instant arrest."
MSG-0466,TXN-SCAM-0466,1396,Fake Law Enforcement Coercion,LEGAL NOTICE: High Court warrant issued against your Aadhaar/SSN for money laundering. Contact Inspector Verma immediately.,"This is Inspector Verma from Crime Branch. Your name is linked to a seized cartel account. You must deposit ₹150,000 to government court escrow PAY-6380 for audit before 5 PM to avoid instant arrest."
MSG-0467,TXN-SCAM-0467,3105,Malicious QR Code Scam,"Municipal Tax Department: You have a tax refund of ₹12,500 pending. Scan QR code and approve transfer to claim.",
MSG-0468,TXN-SCAM-0468,9786,Phishing SMS / KYC Freeze,URGENT: Your KYC status expired today. Your account will be frozen in 2 hours. Click http://bank-kyc-verify.com to complete verification and update payee.,
MSG-0469,TXN-SCAM-0469,7884,Phishing SMS / KYC Freeze,URGENT: Your KYC status expired today. Your account will be frozen in 2 hours. Click http://bank-kyc-verify.com to complete verification and update payee.,
MSG-0470,TXN-SCAM-0470,8284,Tech Support Remote Access Scam,CRITICAL ERROR: Windows Trojan detected! Call Microsoft Support 1800-444-TECH immediately.,"Sir, your computer is broadcasting malware to bank servers. Install AnyDesk and transfer ₹35,000 security patch license fee to PAY-6340 to prevent bank account suspension."
MSG-0471,TXN-SCAM-0471,6549,Lottery / Prize Scam,"CONGRATULATIONS! You won ₹25,00,000 in the International Mega Draw. Pay ₹25,000 processing tax to claim reward.","Congratulations ma'am! You are our lucky grand winner. Just transfer the government customs clearance fee of ₹25,000 to PAY-6320 and ₹25 Lakhs will be credited to your account within 10 minutes."
MSG-0472,TXN-SCAM-0472,6960,Bogus Investment Scheme,Exclusive Offer: Double your savings in 7 days with AI Quantum Trading. Wire initial deposit now to reserve slot.,"Sir, this is Apex Crypto Wealth. If you transfer ₹50,000 today to PAY-6410, our AI bot guarantees 250% return by Friday. Hundreds of users are already withdrawing profits."
MSG-0473,TXN-SCAM-0473,7092,Relative in Distress Call,We have your family member. Send money now or face consequences.,"Listen carefully! We have your son in custody. If you want him back safe, transfer ₹200,000 to PAY-6370 within 30 minutes. Do not call the police or hang up!"
MSG-0474,TXN-SCAM-0474,7904,Deepfake Executive Wire Call,CONFIDENTIAL: Execute M&A deposit wire immediately per CEO direct memo.,"This is Chief Executive Officer David. We are closing a secret acquisition today. Wire ₹300,000 immediately to PAY-6400. Do not mention this to colleagues until press release."
MSG-0475,TXN-SCAM-0475,9185,Fake Law Enforcement Coercion,LEGAL NOTICE: High Court warrant issued against your Aadhaar/SSN for money laundering. Contact Inspector Verma immediately.,"This is Inspector Verma from Crime Branch. Your name is linked to a seized cartel account. You must deposit ₹150,000 to government court escrow PAY-6380 for audit before 5 PM to avoid instant arrest."
MSG-0476,TXN-SCAM-0476,6391,Phishing SMS / KYC Freeze,URGENT: Your KYC status expired today. Your account will be frozen in 2 hours. Click http://bank-kyc-verify.com to complete verification and update payee.,
MSG-0477,TXN-SCAM-0477,4410,Bogus Investment Scheme,Exclusive Offer: Double your savings in 7 days with AI Quantum Trading. Wire initial deposit now to reserve slot.,"Sir, this is Apex Crypto Wealth. If you transfer ₹50,000 today to PAY-6410, our AI bot guarantees 250% return by Friday. Hundreds of users are already withdrawing profits."
MSG-0478,TXN-SCAM-0478,4984,Friend / Relative in Need Impersonation,"Hey uncle, it's Rahul. I got into an accident in Delhi and need ₹45,000 urgently for hospital deposit. Please send to PAY-6390.","Hi uncle, I lost my wallet and my car broke down. The hospital needs a cash deposit for my friend's treatment right now. Please don't call my parents, just send money to PAY-6390 urgently!"
MSG-0479,TXN-SCAM-0479,3123,Deepfake Executive Wire Call,CONFIDENTIAL: Execute M&A deposit wire immediately per CEO direct memo.,"This is Chief Executive Officer David. We are closing a secret acquisition today. Wire ₹300,000 immediately to PAY-6400. Do not mention this to colleagues until press release."
MSG-0480,TXN-SCAM-0480,2593,Lottery / Prize Scam,"CONGRATULATIONS! You won ₹25,00,000 in the International Mega Draw. Pay ₹25,000 processing tax to claim reward.","Congratulations ma'am! You are our lucky grand winner. Just transfer the government customs clearance fee of ₹25,000 to PAY-6320 and ₹25 Lakhs will be credited to your account within 10 minutes."
MSG-0481,TXN-SCAM-0481,6000,Tech Support Remote Access Scam,CRITICAL ERROR: Windows Trojan detected! Call Microsoft Support 1800-444-TECH immediately.,"Sir, your computer is broadcasting malware to bank servers. Install AnyDesk and transfer ₹35,000 security patch license fee to PAY-6340 to prevent bank account suspension."
MSG-0482,TXN-SCAM-0482,1424,Malicious QR Code Scam,"Municipal Tax Department: You have a tax refund of ₹12,500 pending. Scan QR code and approve transfer to claim.",
MSG-0483,TXN-SCAM-0483,10926,Relative in Distress Call,We have your family member. Send money now or face consequences.,"Listen carefully! We have your son in custody. If you want him back safe, transfer ₹200,000 to PAY-6370 within 30 minutes. Do not call the police or hang up!"
MSG-0484,TXN-SCAM-0484,10631,Bogus Investment Scheme,Exclusive Offer: Double your savings in 7 days with AI Quantum Trading. Wire initial deposit now to reserve slot.,"Sir, this is Apex Crypto Wealth. If you transfer ₹50,000 today to PAY-6410, our AI bot guarantees 250% return by Friday. Hundreds of users are already withdrawing profits."
MSG-0485,TXN-SCAM-0485,3659,Fake Bank Officer Call,SECURITY ALERT: Your bank account is under unauthorized access. Call 1800-SAFE-BANK immediately to prevent asset lock.,"Hello, I am Officer Sharma from National Bank Security. We detected a suspicious login from Russia on your account. To protect your money, you must immediately transfer your funds to our temporary safe vault account PAY-6350. Do not hang up or contact anyone."
MSG-0486,TXN-SCAM-0486,9655,Fake Bank Officer Call,SECURITY ALERT: Your bank account is under unauthorized access. Call 1800-SAFE-BANK immediately to prevent asset lock.,"Hello, I am Officer Sharma from National Bank Security. We detected a suspicious login from Russia on your account. To protect your money, you must immediately transfer your funds to our temporary safe vault account PAY-6350. Do not hang up or contact anyone."
MSG-0487,TXN-SCAM-0487,2504,Bogus Investment Scheme,Exclusive Offer: Double your savings in 7 days with AI Quantum Trading. Wire initial deposit now to reserve slot.,"Sir, this is Apex Crypto Wealth. If you transfer ₹50,000 today to PAY-6410, our AI bot guarantees 250% return by Friday. Hundreds of users are already withdrawing profits."
MSG-0488,TXN-SCAM-0488,1394,Friend / Relative in Need Impersonation,"Hey uncle, it's Rahul. I got into an accident in Delhi and need ₹45,000 urgently for hospital deposit. Please send to PAY-6390.","Hi uncle, I lost my wallet and my car broke down. The hospital needs a cash deposit for my friend's treatment right now. Please don't call my parents, just send money to PAY-6390 urgently!"
MSG-0489,TXN-SCAM-0489,5253,Fake Law Enforcement Coercion,LEGAL NOTICE: High Court warrant issued against your Aadhaar/SSN for money laundering. Contact Inspector Verma immediately.,"This is Inspector Verma from Crime Branch. Your name is linked to a seized cartel account. You must deposit ₹150,000 to government court escrow PAY-6380 for audit before 5 PM to avoid instant arrest."
MSG-0490,TXN-SCAM-0490,6700,Deepfake Executive Wire Call,CONFIDENTIAL: Execute M&A deposit wire immediately per CEO direct memo.,"This is Chief Executive Officer David. We are closing a secret acquisition today. Wire ₹300,000 immediately to PAY-6400. Do not mention this to colleagues until press release."
MSG-0491,TXN-SCAM-0491,8505,Relative in Distress Call,We have your family member. Send money now or face consequences.,"Listen carefully! We have your son in custody. If you want him back safe, transfer ₹200,000 to PAY-6370 within 30 minutes. Do not call the police or hang up!"
MSG-0492,TXN-SCAM-0492,10125,Tech Support Remote Access Scam,CRITICAL ERROR: Windows Trojan detected! Call Microsoft Support 1800-444-TECH immediately.,"Sir, your computer is broadcasting malware to bank servers. Install AnyDesk and transfer ₹35,000 security patch license fee to PAY-6340 to prevent bank account suspension."
MSG-0493,TXN-SCAM-0493,3545,Malicious QR Code Scam,"Municipal Tax Department: You have a tax refund of ₹12,500 pending. Scan QR code and approve transfer to claim.",
MSG-0494,TXN-SCAM-0494,1618,Bogus Investment Scheme,Exclusive Offer: Double your savings in 7 days with AI Quantum Trading. Wire initial deposit now to reserve slot.,"Sir, this is Apex Crypto Wealth. If you transfer ₹50,000 today to PAY-6410, our AI bot guarantees 250% return by Friday. Hundreds of users are already withdrawing profits."
MSG-0495,TXN-SCAM-0495,6857,Bogus Investment Scheme,Exclusive Offer: Double your savings in 7 days with AI Quantum Trading. Wire initial deposit now to reserve slot.,"Sir, this is Apex Crypto Wealth. If you transfer ₹50,000 today to PAY-6410, our AI bot guarantees 250% return by Friday. Hundreds of users are already withdrawing profits."
MSG-0496,TXN-SCAM-0496,5687,Deepfake Executive Wire Call,CONFIDENTIAL: Execute M&A deposit wire immediately per CEO direct memo.,"This is Chief Executive Officer David. We are closing a secret acquisition today. Wire ₹300,000 immediately to PAY-6400. Do not mention this to colleagues until press release."
MSG-0497,TXN-SCAM-0497,8510,Phishing SMS / KYC Freeze,URGENT: Your KYC status expired today. Your account will be frozen in 2 hours. Click http://bank-kyc-verify.com to complete verification and update payee.,
MSG-0498,TXN-SCAM-0498,10304,Tech Support Remote Access Scam,CRITICAL ERROR: Windows Trojan detected! Call Microsoft Support 1800-444-TECH immediately.,"Sir, your computer is broadcasting malware to bank servers. Install AnyDesk and transfer ₹35,000 security patch license fee to PAY-6340 to prevent bank account suspension."
MSG-0499,TXN-SCAM-0499,2753,Fake Bank Officer Call,SECURITY ALERT: Your bank account is under unauthorized access. Call 1800-SAFE-BANK immediately to prevent asset lock.,"Hello, I am Officer Sharma from National Bank Security. We detected a suspicious login from Russia on your account. To protect your money, you must immediately transfer your funds to our temporary safe vault account PAY-6350. Do not hang up or contact anyone."
MSG-0500,TXN-SCAM-0500,9337,Fake Bank Officer Call,SECURITY ALERT: Your bank account is under unauthorized access. Call 1800-SAFE-BANK immediately to prevent asset lock.,"Hello, I am Officer Sharma from National Bank Security. We detected a suspicious login from Russia on your account. To protect your money, you must immediately transfer your funds to our temporary safe vault account PAY-6350. Do not hang up or contact anyone."
